id,brand,supplier_sku,title,finish,construction,status,width_mm,height_mm,depth_mm,model_url,source_url,review_reasons
oppein-ply-gss-2db36,OPPEIN,PLY-GSS-2DB36,2 Drawer Base Cabinet,Gray Single Shaker,Plywood,model_ready,914.4,762.0,606.425,/cabinet-inventory/models/oppein-ply-gss-2db36.glb,https://www.oppeincabinetry.ca/shop/ply-gss-2db36-2-drawer-base-cabinet-12058,
oppein-ply-bss-2db30,OPPEIN,PLY-BSS-2DB30,2 Drawer Base Cabinet,Blue Single Shaker,Plywood,model_ready,762.0,762.0,606.425,/cabinet-inventory/models/oppein-ply-bss-2db30.glb,https://www.oppeincabinetry.ca/shop/ply-bss-2db30-2-drawer-base-cabinet-15617,
oppein-ply-pgw-2db36,OPPEIN,PLY-PGW-2DB36,2 Drawer Base Cabinet,White High Gloss,Plywood,model_ready,914.4,762.0,606.425,/cabinet-inventory/models/oppein-ply-pgw-2db36.glb,https://www.oppeincabinetry.ca/shop/ply-pgw-2db36-2-drawer-base-cabinet-15439,
oppein-ply-mso-2db36,OPPEIN,PLY-MSO-2DB36,2 Drawer Base Cabinet,Smoked Oak,Plywood,model_ready,914.4,762.0,606.425,/cabinet-inventory/models/oppein-ply-mso-2db36.glb,https://www.oppeincabinetry.ca/shop/ply-mso-2db36-2-drawer-base-cabinet-14703,
oppein-ply-bss-2db36,OPPEIN,PLY-BSS-2DB36,2 Drawer Base Cabinet,Blue Single Shaker,Plywood,model_ready,914.4,762.0,606.425,/cabinet-inventory/models/oppein-ply-bss-2db36.glb,https://www.oppeincabinetry.ca/shop/ply-bss-2db36-2-drawer-base-cabinet-15665,
oppein-ply-gss-2db30,OPPEIN,PLY-GSS-2DB30,2 Drawer Base Cabinet,Gray Single Shaker,Plywood,model_ready,762.0,762.0,606.425,/cabinet-inventory/models/oppein-ply-gss-2db30.glb,https://www.oppeincabinetry.ca/shop/ply-gss-2db30-2-drawer-base-cabinet-12059,
oppein-ply-mso-2db30,OPPEIN,PLY-MSO-2DB30,2 Drawer Base Cabinet,Smoked Oak,Plywood,model_ready,762.0,762.0,606.425,/cabinet-inventory/models/oppein-ply-mso-2db30.glb,https://www.oppeincabinetry.ca/shop/ply-mso-2db30-2-drawer-base-cabinet-14702,
oppein-ply-pgw-2db30,OPPEIN,PLY-PGW-2DB30,2 Drawer Base Cabinet,White High Gloss,Plywood,model_ready,762.0,762.0,606.425,/cabinet-inventory/models/oppein-ply-pgw-2db30.glb,https://www.oppeincabinetry.ca/shop/ply-pgw-2db30-2-drawer-base-cabinet-15438,
oppein-ply-wss-2db30,OPPEIN,PLY-WSS-2DB30,2 Drawer Base Cabinet,White Single Shaker,Plywood,model_ready,762.0,762.0,606.425,/cabinet-library/models/PLY-WSS-2DB30.glb,https://www.oppeincabinetry.ca/shop/ply-wss-2db30-2-drawer-base-cabinet-9929,
oppein-ply-wss-2db36,OPPEIN,PLY-WSS-2DB36,2 Drawer Base Cabinet,White Single Shaker,Plywood,model_ready,914.4,762.0,606.425,/cabinet-library/models/PLY-WSS-2DB36.glb,https://www.oppeincabinetry.ca/shop/ply-wss-2db36-2-drawer-base-cabinet-9930,
oppein-ply-mnw-2db30,OPPEIN,PLY-MNW-2DB30,2 Drawer Base Cabinet,Natural Wood,Plywood,model_ready,762.0,762.0,606.425,/cabinet-inventory/models/oppein-ply-mnw-2db30.glb,https://www.oppeincabinetry.ca/shop/ply-mnw-2db30-2-drawer-base-cabinet-13981,
oppein-ply-mnw-2db36,OPPEIN,PLY-MNW-2DB36,2 Drawer Base Cabinet,Natural Wood,Plywood,model_ready,914.4,762.0,606.425,/cabinet-inventory/models/oppein-ply-mnw-2db36.glb,https://www.oppeincabinetry.ca/shop/ply-mnw-2db36-2-drawer-base-cabinet-13982,
oppein-ply-ssw-2db30,OPPEIN,PLY-SSW-2DB30,2 Drawer Base Cabinet,White Slim Shaker,Plywood,model_ready,762.0,762.0,606.425,/cabinet-inventory/models/oppein-ply-ssw-2db30.glb,https://www.oppeincabinetry.ca/shop/ply-ssw-2db30-2-drawer-base-cabinet-12519,
oppein-ply-ssw-2db36,OPPEIN,PLY-SSW-2DB36,2 Drawer Base Cabinet,White Slim Shaker,Plywood,model_ready,914.4,762.0,606.425,/cabinet-inventory/models/oppein-ply-ssw-2db36.glb,https://www.oppeincabinetry.ca/shop/ply-ssw-2db36-2-drawer-base-cabinet-12520,
oppein-pb-bss-3db21,OPPEIN,PB-BSS-3DB21,3 Drawer Base Cabinet,Blue Single Shaker,Particle board,model_ready,533.4,762.0,606.425,/cabinet-inventory/models/oppein-pb-bss-3db21.glb,https://www.oppeincabinetry.ca/shop/pb-bss-3db21-3-drawer-base-cabinet-17660,
oppein-ply-mso-3db18,OPPEIN,PLY-MSO-3DB18,3 Drawer Base Cabinet,Smoked Oak,Plywood,model_ready,457.2,762.0,606.425,/cabinet-inventory/models/oppein-ply-mso-3db18.glb,https://www.oppeincabinetry.ca/shop/ply-mso-3db18-3-drawer-base-cabinet-14699,
oppein-pb-gss-3db36,OPPEIN,PB-GSS-3DB36,3 Drawer Base Cabinet,Gray Single Shaker,Particle board,model_ready,914.4,762.0,606.425,/cabinet-inventory/models/oppein-pb-gss-3db36.glb,https://www.oppeincabinetry.ca/shop/pb-gss-3db36-3-drawer-base-cabinet-17937,
oppein-pb-gss-3db33,OPPEIN,PB-GSS-3DB33,3 Drawer Base Cabinet,Gray Single Shaker,Particle board,model_ready,838.2,762.0,606.425,/cabinet-inventory/models/oppein-pb-gss-3db33.glb,https://www.oppeincabinetry.ca/shop/pb-gss-3db33-3-drawer-base-cabinet-17936,
oppein-pb-gss-3db30,OPPEIN,PB-GSS-3DB30,3 Drawer Base Cabinet,Gray Single Shaker,Particle board,model_ready,762.0,762.0,606.425,/cabinet-inventory/models/oppein-pb-gss-3db30.glb,https://www.oppeincabinetry.ca/shop/pb-gss-3db30-3-drawer-base-cabinet-17935,
oppein-pb-gss-3db27,OPPEIN,PB-GSS-3DB27,3 Drawer Base Cabinet,Gray Single Shaker,Particle board,model_ready,685.8,762.0,606.425,/cabinet-inventory/models/oppein-pb-gss-3db27.glb,https://www.oppeincabinetry.ca/shop/pb-gss-3db27-3-drawer-base-cabinet-17934,
oppein-pb-gss-3db24,OPPEIN,PB-GSS-3DB24,3 Drawer Base Cabinet,Gray Single Shaker,Particle board,model_ready,609.6,762.0,606.425,/cabinet-inventory/models/oppein-pb-gss-3db24.glb,https://www.oppeincabinetry.ca/shop/pb-gss-3db24-3-drawer-base-cabinet-17933,
oppein-pb-gss-3db21,OPPEIN,PB-GSS-3DB21,3 Drawer Base Cabinet,Gray Single Shaker,Particle board,model_ready,533.4,762.0,606.425,/cabinet-inventory/models/oppein-pb-gss-3db21.glb,https://www.oppeincabinetry.ca/shop/pb-gss-3db21-3-drawer-base-cabinet-17932,
oppein-pb-gss-3db18,OPPEIN,PB-GSS-3DB18,3 Drawer Base Cabinet,Gray Single Shaker,Particle board,model_ready,457.2,762.0,606.425,/cabinet-inventory/models/oppein-pb-gss-3db18.glb,https://www.oppeincabinetry.ca/shop/pb-gss-3db18-3-drawer-base-cabinet-17931,
oppein-pb-gss-3db15,OPPEIN,PB-GSS-3DB15,3 Drawer Base Cabinet,Gray Single Shaker,Particle board,model_ready,381.0,762.0,606.425,/cabinet-inventory/models/oppein-pb-gss-3db15.glb,https://www.oppeincabinetry.ca/shop/pb-gss-3db15-3-drawer-base-cabinet-17930,
oppein-pb-gss-3db12,OPPEIN,PB-GSS-3DB12,3 Drawer Base Cabinet,Gray Single Shaker,Particle board,model_ready,304.8,762.0,606.425,/cabinet-inventory/models/oppein-pb-gss-3db12.glb,https://www.oppeincabinetry.ca/shop/pb-gss-3db12-3-drawer-base-cabinet-17929,
oppein-ply-wss-3db15,OPPEIN,PLY-WSS-3DB15,3 Drawer Base Cabinet,White Single Shaker,Plywood,model_ready,381.0,762.0,606.425,/cabinet-library/models/PLY-WSS-3DB15.glb,https://www.oppeincabinetry.ca/shop/ply-wss-3db15-3-drawer-base-cabinet-9932,
oppein-pb-bss-3db12,OPPEIN,PB-BSS-3DB12,3 Drawer Base Cabinet,Blue Single Shaker,Particle board,model_ready,304.8,762.0,606.425,/cabinet-inventory/models/oppein-pb-bss-3db12.glb,https://www.oppeincabinetry.ca/shop/pb-bss-3db12-3-drawer-base-cabinet-17657,
oppein-pb-bss-3db15,OPPEIN,PB-BSS-3DB15,3 Drawer Base Cabinet,Blue Single Shaker,Particle board,model_ready,381.0,762.0,606.425,/cabinet-inventory/models/oppein-pb-bss-3db15.glb,https://www.oppeincabinetry.ca/shop/pb-bss-3db15-3-drawer-base-cabinet-17658,
oppein-pb-bss-3db18,OPPEIN,PB-BSS-3DB18,3 Drawer Base Cabinet,Blue Single Shaker,Particle board,model_ready,457.2,762.0,606.425,/cabinet-inventory/models/oppein-pb-bss-3db18.glb,https://www.oppeincabinetry.ca/shop/pb-bss-3db18-3-drawer-base-cabinet-17659,
oppein-pb-bss-3db24,OPPEIN,PB-BSS-3DB24,3 Drawer Base Cabinet,Blue Single Shaker,Particle board,model_ready,609.6,762.0,606.425,/cabinet-inventory/models/oppein-pb-bss-3db24.glb,https://www.oppeincabinetry.ca/shop/pb-bss-3db24-3-drawer-base-cabinet-17661,
oppein-pb-wss-3db36,OPPEIN,PB-WSS-3DB36,3 Drawer Base Cabinet,White Single Shaker,Particle board,model_ready,914.4,762.0,606.425,/cabinet-inventory/models/oppein-pb-wss-3db36.glb,https://www.oppeincabinetry.ca/shop/pb-wss-3db36-3-drawer-base-cabinet-17801,
oppein-pb-wss-3db33,OPPEIN,PB-WSS-3DB33,3 Drawer Base Cabinet,White Single Shaker,Particle board,model_ready,838.2,762.0,606.425,/cabinet-inventory/models/oppein-pb-wss-3db33.glb,https://www.oppeincabinetry.ca/shop/pb-wss-3db33-3-drawer-base-cabinet-17800,
oppein-pb-wss-3db30,OPPEIN,PB-WSS-3DB30,3 Drawer Base Cabinet,White Single Shaker,Particle board,model_ready,762.0,762.0,606.425,/cabinet-inventory/models/oppein-pb-wss-3db30.glb,https://www.oppeincabinetry.ca/shop/pb-wss-3db30-3-drawer-base-cabinet-17799,
oppein-pb-wss-3db27,OPPEIN,PB-WSS-3DB27,3 Drawer Base Cabinet,White Single Shaker,Particle board,model_ready,685.8,762.0,606.425,/cabinet-inventory/models/oppein-pb-wss-3db27.glb,https://www.oppeincabinetry.ca/shop/pb-wss-3db27-3-drawer-base-cabinet-17798,
oppein-pb-wss-3db24,OPPEIN,PB-WSS-3DB24,3 Drawer Base Cabinet,White Single Shaker,Particle board,model_ready,609.6,762.0,606.425,/cabinet-inventory/models/oppein-pb-wss-3db24.glb,https://www.oppeincabinetry.ca/shop/pb-wss-3db24-3-drawer-base-cabinet-17797,
oppein-pb-wss-3db21,OPPEIN,PB-WSS-3DB21,3 Drawer Base Cabinet,White Single Shaker,Particle board,model_ready,533.4,762.0,606.425,/cabinet-inventory/models/oppein-pb-wss-3db21.glb,https://www.oppeincabinetry.ca/shop/pb-wss-3db21-3-drawer-base-cabinet-17796,
oppein-pb-bss-3db27,OPPEIN,PB-BSS-3DB27,3 Drawer Base Cabinet,Blue Single Shaker,Particle board,model_ready,685.8,762.0,606.425,/cabinet-inventory/models/oppein-pb-bss-3db27.glb,https://www.oppeincabinetry.ca/shop/pb-bss-3db27-3-drawer-base-cabinet-17662,
oppein-pb-bss-3db30,OPPEIN,PB-BSS-3DB30,3 Drawer Base Cabinet,Blue Single Shaker,Particle board,model_ready,762.0,762.0,606.425,/cabinet-inventory/models/oppein-pb-bss-3db30.glb,https://www.oppeincabinetry.ca/shop/pb-bss-3db30-3-drawer-base-cabinet-17663,
oppein-pb-bss-3db33,OPPEIN,PB-BSS-3DB33,3 Drawer Base Cabinet,Blue Single Shaker,Particle board,model_ready,838.2,762.0,606.425,/cabinet-inventory/models/oppein-pb-bss-3db33.glb,https://www.oppeincabinetry.ca/shop/pb-bss-3db33-3-drawer-base-cabinet-17664,
oppein-pb-bss-3db36,OPPEIN,PB-BSS-3DB36,3 Drawer Base Cabinet,Blue Single Shaker,Particle board,model_ready,914.4,762.0,606.425,/cabinet-inventory/models/oppein-pb-bss-3db36.glb,https://www.oppeincabinetry.ca/shop/pb-bss-3db36-3-drawer-base-cabinet-17665,
oppein-ply-ssw-3db12,OPPEIN,PLY-SSW-3DB12,3 Drawer Base Cabinet,White Slim Shaker,Plywood,model_ready,304.8,762.0,606.425,/cabinet-inventory/models/oppein-ply-ssw-3db12.glb,https://www.oppeincabinetry.ca/shop/ply-ssw-3db12-3-drawer-base-cabinet-12514,
oppein-ply-ssw-3db15,OPPEIN,PLY-SSW-3DB15,3 Drawer Base Cabinet,White Slim Shaker,Plywood,model_ready,381.0,762.0,606.425,/cabinet-inventory/models/oppein-ply-ssw-3db15.glb,https://www.oppeincabinetry.ca/shop/ply-ssw-3db15-3-drawer-base-cabinet-12515,
oppein-ply-ssw-3db18,OPPEIN,PLY-SSW-3DB18,3 Drawer Base Cabinet,White Slim Shaker,Plywood,model_ready,457.2,762.0,606.425,/cabinet-inventory/models/oppein-ply-ssw-3db18.glb,https://www.oppeincabinetry.ca/shop/ply-ssw-3db18-3-drawer-base-cabinet-12516,
oppein-ply-ssw-3db21,OPPEIN,PLY-SSW-3DB21,3 Drawer Base Cabinet,White Slim Shaker,Plywood,model_ready,533.4,762.0,606.425,/cabinet-inventory/models/oppein-ply-ssw-3db21.glb,https://www.oppeincabinetry.ca/shop/ply-ssw-3db21-3-drawer-base-cabinet-12517,
oppein-pb-ssw-3db36,OPPEIN,PB-SSW-3DB36,3 Drawer Base Cabinet,White Slim Shaker,Particle board,model_ready,914.4,762.0,606.425,/cabinet-inventory/models/oppein-pb-ssw-3db36.glb,https://www.oppeincabinetry.ca/shop/pb-ssw-3db36-3-drawer-base-cabinet-18892,
oppein-pb-ssw-3db33,OPPEIN,PB-SSW-3DB33,3 Drawer Base Cabinet,White Slim Shaker,Particle board,model_ready,838.2,762.0,606.425,/cabinet-inventory/models/oppein-pb-ssw-3db33.glb,https://www.oppeincabinetry.ca/shop/pb-ssw-3db33-3-drawer-base-cabinet-18891,
oppein-pb-ssw-3db30,OPPEIN,PB-SSW-3DB30,3 Drawer Base Cabinet,White Slim Shaker,Particle board,model_ready,762.0,762.0,606.425,/cabinet-inventory/models/oppein-pb-ssw-3db30.glb,https://www.oppeincabinetry.ca/shop/pb-ssw-3db30-3-drawer-base-cabinet-18890,
oppein-pb-ssw-3db27,OPPEIN,PB-SSW-3DB27,3 Drawer Base Cabinet,White Slim Shaker,Particle board,model_ready,685.8,762.0,606.425,/cabinet-inventory/models/oppein-pb-ssw-3db27.glb,https://www.oppeincabinetry.ca/shop/pb-ssw-3db27-3-drawer-base-cabinet-18889,
oppein-pb-ssw-3db24,OPPEIN,PB-SSW-3DB24,3 Drawer Base Cabinet,White Slim Shaker,Particle board,model_ready,609.6,762.0,606.425,/cabinet-inventory/models/oppein-pb-ssw-3db24.glb,https://www.oppeincabinetry.ca/shop/pb-ssw-3db24-3-drawer-base-cabinet-18888,
oppein-pb-ssw-3db21,OPPEIN,PB-SSW-3DB21,3 Drawer Base Cabinet,White Slim Shaker,Particle board,model_ready,533.4,762.0,606.425,/cabinet-inventory/models/oppein-pb-ssw-3db21.glb,https://www.oppeincabinetry.ca/shop/pb-ssw-3db21-3-drawer-base-cabinet-18887,
oppein-pb-ssw-3db18,OPPEIN,PB-SSW-3DB18,3 Drawer Base Cabinet,White Slim Shaker,Particle board,model_ready,457.2,762.0,606.425,/cabinet-inventory/models/oppein-pb-ssw-3db18.glb,https://www.oppeincabinetry.ca/shop/pb-ssw-3db18-3-drawer-base-cabinet-18886,
oppein-pb-ssw-3db15,OPPEIN,PB-SSW-3DB15,3 Drawer Base Cabinet,White Slim Shaker,Particle board,model_ready,381.0,762.0,606.425,/cabinet-inventory/models/oppein-pb-ssw-3db15.glb,https://www.oppeincabinetry.ca/shop/pb-ssw-3db15-3-drawer-base-cabinet-18885,
oppein-pb-ssw-3db12,OPPEIN,PB-SSW-3DB12,3 Drawer Base Cabinet,White Slim Shaker,Particle board,model_ready,304.8,762.0,606.425,/cabinet-inventory/models/oppein-pb-ssw-3db12.glb,https://www.oppeincabinetry.ca/shop/pb-ssw-3db12-3-drawer-base-cabinet-18884,
oppein-ply-mnw-3db21,OPPEIN,PLY-MNW-3DB21,3 Drawer Base Cabinet,Natural Wood,Plywood,model_ready,533.4,762.0,606.425,/cabinet-inventory/models/oppein-ply-mnw-3db21.glb,https://www.oppeincabinetry.ca/shop/ply-mnw-3db21-3-drawer-base-cabinet-13979,
oppein-ply-mnw-3db18,OPPEIN,PLY-MNW-3DB18,3 Drawer Base Cabinet,Natural Wood,Plywood,model_ready,457.2,762.0,606.425,/cabinet-inventory/models/oppein-ply-mnw-3db18.glb,https://www.oppeincabinetry.ca/shop/ply-mnw-3db18-3-drawer-base-cabinet-13978,
oppein-ply-mnw-3db15,OPPEIN,PLY-MNW-3DB15,3 Drawer Base Cabinet,Natural Wood,Plywood,model_ready,381.0,762.0,606.425,/cabinet-inventory/models/oppein-ply-mnw-3db15.glb,https://www.oppeincabinetry.ca/shop/ply-mnw-3db15-3-drawer-base-cabinet-13977,
oppein-ply-mnw-3db12,OPPEIN,PLY-MNW-3DB12,3 Drawer Base Cabinet,Natural Wood,Plywood,model_ready,304.8,762.0,606.425,/cabinet-inventory/models/oppein-ply-mnw-3db12.glb,https://www.oppeincabinetry.ca/shop/ply-mnw-3db12-3-drawer-base-cabinet-13976,
oppein-ply-wss-3db12,OPPEIN,PLY-WSS-3DB12,3 Drawer Base Cabinet,White Single Shaker,Plywood,model_ready,304.8,762.0,606.425,/cabinet-library/models/PLY-WSS-3DB12.glb,https://www.oppeincabinetry.ca/shop/ply-wss-3db12-3-drawer-base-cabinet-9933,
oppein-pb-mso-3db36,OPPEIN,PB-MSO-3DB36,3 Drawer Base Cabinet,Smoked Oak,Particle board,model_ready,914.4,762.0,606.425,/cabinet-inventory/models/oppein-pb-mso-3db36.glb,https://www.oppeincabinetry.ca/shop/pb-mso-3db36-3-drawer-base-cabinet-18756,
oppein-pb-mso-3db33,OPPEIN,PB-MSO-3DB33,3 Drawer Base Cabinet,Smoked Oak,Particle board,model_ready,838.2,762.0,606.425,/cabinet-inventory/models/oppein-pb-mso-3db33.glb,https://www.oppeincabinetry.ca/shop/pb-mso-3db33-3-drawer-base-cabinet-18755,
oppein-pb-mso-3db30,OPPEIN,PB-MSO-3DB30,3 Drawer Base Cabinet,Smoked Oak,Particle board,model_ready,762.0,762.0,606.425,/cabinet-inventory/models/oppein-pb-mso-3db30.glb,https://www.oppeincabinetry.ca/shop/pb-mso-3db30-3-drawer-base-cabinet-18754,
oppein-pb-mso-3db27,OPPEIN,PB-MSO-3DB27,3 Drawer Base Cabinet,Smoked Oak,Particle board,model_ready,685.8,762.0,606.425,/cabinet-inventory/models/oppein-pb-mso-3db27.glb,https://www.oppeincabinetry.ca/shop/pb-mso-3db27-3-drawer-base-cabinet-18753,
oppein-pb-mso-3db24,OPPEIN,PB-MSO-3DB24,3 Drawer Base Cabinet,Smoked Oak,Particle board,model_ready,609.6,762.0,606.425,/cabinet-inventory/models/oppein-pb-mso-3db24.glb,https://www.oppeincabinetry.ca/shop/pb-mso-3db24-3-drawer-base-cabinet-18752,
oppein-pb-mso-3db21,OPPEIN,PB-MSO-3DB21,3 Drawer Base Cabinet,Smoked Oak,Particle board,model_ready,533.4,762.0,606.425,/cabinet-inventory/models/oppein-pb-mso-3db21.glb,https://www.oppeincabinetry.ca/shop/pb-mso-3db21-3-drawer-base-cabinet-18751,
oppein-pb-mso-3db18,OPPEIN,PB-MSO-3DB18,3 Drawer Base Cabinet,Smoked Oak,Particle board,model_ready,457.2,762.0,606.425,/cabinet-inventory/models/oppein-pb-mso-3db18.glb,https://www.oppeincabinetry.ca/shop/pb-mso-3db18-3-drawer-base-cabinet-18750,
oppein-pb-mso-3db15,OPPEIN,PB-MSO-3DB15,3 Drawer Base Cabinet,Smoked Oak,Particle board,model_ready,381.0,762.0,606.425,/cabinet-inventory/models/oppein-pb-mso-3db15.glb,https://www.oppeincabinetry.ca/shop/pb-mso-3db15-3-drawer-base-cabinet-18749,
oppein-ply-pgw-3db12,OPPEIN,PLY-PGW-3DB12,3 Drawer Base Cabinet,White High Gloss,Plywood,model_ready,304.8,762.0,606.425,/cabinet-inventory/models/oppein-ply-pgw-3db12.glb,https://www.oppeincabinetry.ca/shop/ply-pgw-3db12-3-drawer-base-cabinet-15433,
oppein-pb-mso-3db12,OPPEIN,PB-MSO-3DB12,3 Drawer Base Cabinet,Smoked Oak,Particle board,model_ready,304.8,762.0,606.425,/cabinet-inventory/models/oppein-pb-mso-3db12.glb,https://www.oppeincabinetry.ca/shop/pb-mso-3db12-3-drawer-base-cabinet-18748,
oppein-ply-pgw-3db15,OPPEIN,PLY-PGW-3DB15,3 Drawer Base Cabinet,White High Gloss,Plywood,model_ready,381.0,762.0,606.425,/cabinet-inventory/models/oppein-ply-pgw-3db15.glb,https://www.oppeincabinetry.ca/shop/ply-pgw-3db15-3-drawer-base-cabinet-15434,
oppein-ply-pgw-3db18,OPPEIN,PLY-PGW-3DB18,3 Drawer Base Cabinet,White High Gloss,Plywood,model_ready,457.2,762.0,606.425,/cabinet-inventory/models/oppein-ply-pgw-3db18.glb,https://www.oppeincabinetry.ca/shop/ply-pgw-3db18-3-drawer-base-cabinet-15435,
oppein-ply-pgw-3db21,OPPEIN,PLY-PGW-3DB21,3 Drawer Base Cabinet,White High Gloss,Plywood,model_ready,533.4,762.0,606.425,/cabinet-inventory/models/oppein-ply-pgw-3db21.glb,https://www.oppeincabinetry.ca/shop/ply-pgw-3db21-3-drawer-base-cabinet-15436,
oppein-ply-wss-3db18,OPPEIN,PLY-WSS-3DB18,3 Drawer Base Cabinet,White Single Shaker,Plywood,model_ready,457.2,762.0,606.425,/cabinet-library/models/PLY-WSS-3DB18.glb,https://www.oppeincabinetry.ca/shop/ply-wss-3db18-3-drawer-base-cabinet-9934,
oppein-ply-wss-3db21,OPPEIN,PLY-WSS-3DB21,3 Drawer Base Cabinet,White Single Shaker,Plywood,model_ready,533.4,762.0,606.425,/cabinet-library/models/PLY-WSS-3DB21.glb,https://www.oppeincabinetry.ca/shop/ply-wss-3db21-3-drawer-base-cabinet-9931,
oppein-pb-mnw-3db36,OPPEIN,PB-MNW-3DB36,3 Drawer Base Cabinet,Natural Wood,Particle board,model_ready,914.4,762.0,606.425,/cabinet-inventory/models/oppein-pb-mnw-3db36.glb,https://www.oppeincabinetry.ca/shop/pb-mnw-3db36-3-drawer-base-cabinet-18620,
oppein-pb-mnw-3db33,OPPEIN,PB-MNW-3DB33,3 Drawer Base Cabinet,Natural Wood,Particle board,model_ready,838.2,762.0,606.425,/cabinet-inventory/models/oppein-pb-mnw-3db33.glb,https://www.oppeincabinetry.ca/shop/pb-mnw-3db33-3-drawer-base-cabinet-18619,
oppein-pb-mnw-3db30,OPPEIN,PB-MNW-3DB30,3 Drawer Base Cabinet,Natural Wood,Particle board,model_ready,762.0,762.0,606.425,/cabinet-inventory/models/oppein-pb-mnw-3db30.glb,https://www.oppeincabinetry.ca/shop/pb-mnw-3db30-3-drawer-base-cabinet-18618,
oppein-pb-mnw-3db27,OPPEIN,PB-MNW-3DB27,3 Drawer Base Cabinet,Natural Wood,Particle board,model_ready,685.8,762.0,606.425,/cabinet-inventory/models/oppein-pb-mnw-3db27.glb,https://www.oppeincabinetry.ca/shop/pb-mnw-3db27-3-drawer-base-cabinet-18617,
oppein-pb-mnw-3db24,OPPEIN,PB-MNW-3DB24,3 Drawer Base Cabinet,Natural Wood,Particle board,model_ready,609.6,762.0,606.425,/cabinet-inventory/models/oppein-pb-mnw-3db24.glb,https://www.oppeincabinetry.ca/shop/pb-mnw-3db24-3-drawer-base-cabinet-18616,
oppein-pb-mnw-3db21,OPPEIN,PB-MNW-3DB21,3 Drawer Base Cabinet,Natural Wood,Particle board,model_ready,533.4,762.0,606.425,/cabinet-inventory/models/oppein-pb-mnw-3db21.glb,https://www.oppeincabinetry.ca/shop/pb-mnw-3db21-3-drawer-base-cabinet-18615,
oppein-pb-mnw-3db18,OPPEIN,PB-MNW-3DB18,3 Drawer Base Cabinet,Natural Wood,Particle board,model_ready,457.2,762.0,606.425,/cabinet-inventory/models/oppein-pb-mnw-3db18.glb,https://www.oppeincabinetry.ca/shop/pb-mnw-3db18-3-drawer-base-cabinet-18614,
oppein-pb-mnw-3db15,OPPEIN,PB-MNW-3DB15,3 Drawer Base Cabinet,Natural Wood,Particle board,model_ready,381.0,762.0,606.425,/cabinet-inventory/models/oppein-pb-mnw-3db15.glb,https://www.oppeincabinetry.ca/shop/pb-mnw-3db15-3-drawer-base-cabinet-18613,
oppein-pb-mnw-3db12,OPPEIN,PB-MNW-3DB12,3 Drawer Base Cabinet,Natural Wood,Particle board,model_ready,304.8,762.0,606.425,/cabinet-inventory/models/oppein-pb-mnw-3db12.glb,https://www.oppeincabinetry.ca/shop/pb-mnw-3db12-3-drawer-base-cabinet-18612,
oppein-ply-mso-3db12,OPPEIN,PLY-MSO-3DB12,3 Drawer Base Cabinet,Smoked Oak,Plywood,model_ready,304.8,762.0,606.425,/cabinet-inventory/models/oppein-ply-mso-3db12.glb,https://www.oppeincabinetry.ca/shop/ply-mso-3db12-3-drawer-base-cabinet-14697,
oppein-ply-mso-3db15,OPPEIN,PLY-MSO-3DB15,3 Drawer Base Cabinet,Smoked Oak,Plywood,model_ready,381.0,762.0,606.425,/cabinet-inventory/models/oppein-ply-mso-3db15.glb,https://www.oppeincabinetry.ca/shop/ply-mso-3db15-3-drawer-base-cabinet-14698,
oppein-ply-gss-3db15,OPPEIN,PLY-GSS-3DB15,3 Drawer Base Cabinet,Gray Single Shaker,Plywood,model_ready,381.0,762.0,606.425,/cabinet-inventory/models/oppein-ply-gss-3db15.glb,https://www.oppeincabinetry.ca/shop/ply-gss-3db15-3-drawer-base-cabinet-12060,
oppein-ply-gss-3db12,OPPEIN,PLY-GSS-3DB12,3 Drawer Base Cabinet,Gray Single Shaker,Plywood,model_ready,304.8,762.0,606.425,/cabinet-inventory/models/oppein-ply-gss-3db12.glb,https://www.oppeincabinetry.ca/shop/ply-gss-3db12-3-drawer-base-cabinet-12061,
oppein-ply-gss-3db18,OPPEIN,PLY-GSS-3DB18,3 Drawer Base Cabinet,Gray Single Shaker,Plywood,model_ready,457.2,762.0,606.425,/cabinet-inventory/models/oppein-ply-gss-3db18.glb,https://www.oppeincabinetry.ca/shop/ply-gss-3db18-3-drawer-base-cabinet-12062,
oppein-ply-gss-3db21,OPPEIN,PLY-GSS-3DB21,3 Drawer Base Cabinet,Gray Single Shaker,Plywood,model_ready,533.4,762.0,606.425,/cabinet-inventory/models/oppein-ply-gss-3db21.glb,https://www.oppeincabinetry.ca/shop/ply-gss-3db21-3-drawer-base-cabinet-12063,
oppein-ply-bss-3db12,OPPEIN,PLY-BSS-3DB12,3 Drawer Base Cabinet,Blue Single Shaker,Plywood,model_ready,304.8,762.0,606.425,/cabinet-inventory/models/oppein-ply-bss-3db12.glb,https://www.oppeincabinetry.ca/shop/ply-bss-3db12-3-drawer-base-cabinet-15666,
oppein-ply-bss-3db15,OPPEIN,PLY-BSS-3DB15,3 Drawer Base Cabinet,Blue Single Shaker,Plywood,model_ready,381.0,762.0,606.425,/cabinet-inventory/models/oppein-ply-bss-3db15.glb,https://www.oppeincabinetry.ca/shop/ply-bss-3db15-3-drawer-base-cabinet-15667,
oppein-ply-bss-3db18,OPPEIN,PLY-BSS-3DB18,3 Drawer Base Cabinet,Blue Single Shaker,Plywood,model_ready,457.2,762.0,606.425,/cabinet-inventory/models/oppein-ply-bss-3db18.glb,https://www.oppeincabinetry.ca/shop/ply-bss-3db18-3-drawer-base-cabinet-15668,
oppein-ply-bss-3db21,OPPEIN,PLY-BSS-3DB21,3 Drawer Base Cabinet,Blue Single Shaker,Plywood,model_ready,533.4,762.0,606.425,/cabinet-inventory/models/oppein-ply-bss-3db21.glb,https://www.oppeincabinetry.ca/shop/ply-bss-3db21-3-drawer-base-cabinet-15669,
oppein-ply-mso-3db21,OPPEIN,PLY-MSO-3DB21,3 Drawer Base Cabinet,Smoked Oak,Plywood,model_ready,533.4,762.0,606.425,/cabinet-inventory/models/oppein-ply-mso-3db21.glb,https://www.oppeincabinetry.ca/shop/ply-mso-3db21-3-drawer-base-cabinet-14700,
oppein-pb-pgw-3db36,OPPEIN,PB-PGW-3DB36,3 Drawer Base Cabinet,White High Gloss,Particle board,model_ready,914.4,762.0,606.425,/cabinet-inventory/models/oppein-pb-pgw-3db36.glb,https://www.oppeincabinetry.ca/shop/pb-pgw-3db36-3-drawer-base-cabinet-18073,
oppein-pb-pgw-3db33,OPPEIN,PB-PGW-3DB33,3 Drawer Base Cabinet,White High Gloss,Particle board,model_ready,838.2,762.0,606.425,/cabinet-inventory/models/oppein-pb-pgw-3db33.glb,https://www.oppeincabinetry.ca/shop/pb-pgw-3db33-3-drawer-base-cabinet-18072,
oppein-pb-pgw-3db30,OPPEIN,PB-PGW-3DB30,3 Drawer Base Cabinet,White High Gloss,Particle board,model_ready,762.0,762.0,606.425,/cabinet-inventory/models/oppein-pb-pgw-3db30.glb,https://www.oppeincabinetry.ca/shop/pb-pgw-3db30-3-drawer-base-cabinet-18071,
oppein-pb-pgw-3db27,OPPEIN,PB-PGW-3DB27,3 Drawer Base Cabinet,White High Gloss,Particle board,model_ready,685.8,762.0,606.425,/cabinet-inventory/models/oppein-pb-pgw-3db27.glb,https://www.oppeincabinetry.ca/shop/pb-pgw-3db27-3-drawer-base-cabinet-18070,
oppein-pb-pgw-3db24,OPPEIN,PB-PGW-3DB24,3 Drawer Base Cabinet,White High Gloss,Particle board,model_ready,609.6,762.0,606.425,/cabinet-inventory/models/oppein-pb-pgw-3db24.glb,https://www.oppeincabinetry.ca/shop/pb-pgw-3db24-3-drawer-base-cabinet-18069,
oppein-pb-pgw-3db21,OPPEIN,PB-PGW-3DB21,3 Drawer Base Cabinet,White High Gloss,Particle board,model_ready,533.4,762.0,606.425,/cabinet-inventory/models/oppein-pb-pgw-3db21.glb,https://www.oppeincabinetry.ca/shop/pb-pgw-3db21-3-drawer-base-cabinet-18068,
oppein-pb-pgw-3db18,OPPEIN,PB-PGW-3DB18,3 Drawer Base Cabinet,White High Gloss,Particle board,model_ready,457.2,762.0,606.425,/cabinet-inventory/models/oppein-pb-pgw-3db18.glb,https://www.oppeincabinetry.ca/shop/pb-pgw-3db18-3-drawer-base-cabinet-18067,
oppein-pb-pgw-3db15,OPPEIN,PB-PGW-3DB15,3 Drawer Base Cabinet,White High Gloss,Particle board,model_ready,381.0,762.0,606.425,/cabinet-inventory/models/oppein-pb-pgw-3db15.glb,https://www.oppeincabinetry.ca/shop/pb-pgw-3db15-3-drawer-base-cabinet-18066,
oppein-pb-pgw-3db12,OPPEIN,PB-PGW-3DB12,3 Drawer Base Cabinet,White High Gloss,Particle board,model_ready,304.8,762.0,606.425,/cabinet-inventory/models/oppein-pb-pgw-3db12.glb,https://www.oppeincabinetry.ca/shop/pb-pgw-3db12-3-drawer-base-cabinet-18065,
oppein-pb-wss-3db18,OPPEIN,PB-WSS-3DB18,3 Drawer Base Cabinet,White Single Shaker,Particle board,model_ready,457.2,762.0,606.425,/cabinet-inventory/models/oppein-pb-wss-3db18.glb,https://www.oppeincabinetry.ca/shop/pb-wss-3db18-3-drawer-base-cabinet-17795,
oppein-pb-wss-3db15,OPPEIN,PB-WSS-3DB15,3 Drawer Base Cabinet,White Single Shaker,Particle board,model_ready,381.0,762.0,606.425,/cabinet-inventory/models/oppein-pb-wss-3db15.glb,https://www.oppeincabinetry.ca/shop/pb-wss-3db15-3-drawer-base-cabinet-17794,
oppein-pb-wss-3db12,OPPEIN,PB-WSS-3DB12,3 Drawer Base Cabinet,White Single Shaker,Particle board,model_ready,304.8,762.0,606.425,/cabinet-inventory/models/oppein-pb-wss-3db12.glb,https://www.oppeincabinetry.ca/shop/pb-wss-3db12-3-drawer-base-cabinet-17793,
oppein-ply-bss-3db27,OPPEIN,PLY-BSS-3DB27,3 Drawers Base Cabinet,Blue Single Shaker,Plywood,model_ready,685.8,762.0,606.425,/cabinet-inventory/models/oppein-ply-bss-3db27.glb,https://www.oppeincabinetry.ca/shop/ply-bss-3db27-3-drawers-base-cabinet-15671,
oppein-ply-bss-3db33,OPPEIN,PLY-BSS-3DB33,3 Drawers Base Cabinet,Blue Single Shaker,Plywood,model_ready,838.2,762.0,606.425,/cabinet-inventory/models/oppein-ply-bss-3db33.glb,https://www.oppeincabinetry.ca/shop/ply-bss-3db33-3-drawers-base-cabinet-15529,
oppein-ply-gss-3db24,OPPEIN,PLY-GSS-3DB24,3 Drawers Base Cabinet,Gray Single Shaker,Plywood,model_ready,609.6,762.0,606.425,/cabinet-inventory/models/oppein-ply-gss-3db24.glb,https://www.oppeincabinetry.ca/shop/ply-gss-3db24-3-drawers-base-cabinet-12073,
oppein-ply-gss-3db30,OPPEIN,PLY-GSS-3DB30,3 Drawers Base Cabinet,Gray Single Shaker,Plywood,model_ready,762.0,762.0,606.425,/cabinet-inventory/models/oppein-ply-gss-3db30.glb,https://www.oppeincabinetry.ca/shop/ply-gss-3db30-3-drawers-base-cabinet-12069,
oppein-ply-gss-3db27,OPPEIN,PLY-GSS-3DB27,3 Drawers Base Cabinet,Gray Single Shaker,Plywood,model_ready,685.8,762.0,606.425,/cabinet-inventory/models/oppein-ply-gss-3db27.glb,https://www.oppeincabinetry.ca/shop/ply-gss-3db27-3-drawers-base-cabinet-12068,
oppein-ply-bss-3db30,OPPEIN,PLY-BSS-3DB30,3 Drawers Base Cabinet,Blue Single Shaker,Plywood,model_ready,762.0,762.0,606.425,/cabinet-inventory/models/oppein-ply-bss-3db30.glb,https://www.oppeincabinetry.ca/shop/ply-bss-3db30-3-drawers-base-cabinet-15672,
oppein-ply-gss-3db36,OPPEIN,PLY-GSS-3DB36,3 Drawers Base Cabinet,Gray Single Shaker,Plywood,model_ready,914.4,762.0,606.425,/cabinet-inventory/models/oppein-ply-gss-3db36.glb,https://www.oppeincabinetry.ca/shop/ply-gss-3db36-3-drawers-base-cabinet-12067,
oppein-ply-gss-3db33,OPPEIN,PLY-GSS-3DB33,3 Drawers Base Cabinet,Gray Single Shaker,Plywood,model_ready,838.2,762.0,606.425,/cabinet-inventory/models/oppein-ply-gss-3db33.glb,https://www.oppeincabinetry.ca/shop/ply-gss-3db33-3-drawers-base-cabinet-12066,
oppein-ply-wss-3db36,OPPEIN,PLY-WSS-3DB36,3 Drawers Base Cabinet,White Single Shaker,Plywood,model_ready,914.4,762.0,606.425,/cabinet-library/models/PLY-WSS-3DB36.glb,https://www.oppeincabinetry.ca/shop/ply-wss-3db36-3-drawers-base-cabinet-11391,
oppein-ply-wss-3db27,OPPEIN,PLY-WSS-3DB27,3 Drawers Base Cabinet,White Single Shaker,Plywood,model_ready,685.8,762.0,606.425,/cabinet-inventory/models/oppein-ply-wss-3db27.glb,https://www.oppeincabinetry.ca/shop/ply-wss-3db27-3-drawers-base-cabinet-11416,
oppein-ply-ssw-3db30,OPPEIN,PLY-SSW-3DB30,3 Drawers Base Cabinet,White Slim Shaker,Plywood,model_ready,762.0,762.0,606.425,/cabinet-inventory/models/oppein-ply-ssw-3db30.glb,https://www.oppeincabinetry.ca/shop/ply-ssw-3db30-3-drawers-base-cabinet-12502,
oppein-ply-ssw-3db36,OPPEIN,PLY-SSW-3DB36,3 Drawers Base Cabinet,White Slim Shaker,Plywood,model_ready,914.4,762.0,606.425,/cabinet-inventory/models/oppein-ply-ssw-3db36.glb,https://www.oppeincabinetry.ca/shop/ply-ssw-3db36-3-drawers-base-cabinet-12495,
oppein-ply-pgw-3db24,OPPEIN,PLY-PGW-3DB24,3 Drawers Base Cabinet,White High Gloss,Plywood,model_ready,609.6,762.0,606.425,/cabinet-inventory/models/oppein-ply-pgw-3db24.glb,https://www.oppeincabinetry.ca/shop/ply-pgw-3db24-3-drawers-base-cabinet-15417,
oppein-ply-pgw-3db33,OPPEIN,PLY-PGW-3DB33,3 Drawers Base Cabinet,White High Gloss,Plywood,model_ready,838.2,762.0,606.425,/cabinet-inventory/models/oppein-ply-pgw-3db33.glb,https://www.oppeincabinetry.ca/shop/ply-pgw-3db33-3-drawers-base-cabinet-15418,
oppein-ply-wss-3db30,OPPEIN,PLY-WSS-3DB30,3 Drawers Base Cabinet,White Single Shaker,Plywood,model_ready,762.0,762.0,606.425,/cabinet-library/models/PLY-WSS-3DB30.glb,https://www.oppeincabinetry.ca/shop/ply-wss-3db30-3-drawers-base-cabinet-11398,
oppein-ply-pgw-3db27,OPPEIN,PLY-PGW-3DB27,3 Drawers Base Cabinet,White High Gloss,Plywood,model_ready,685.8,762.0,606.425,/cabinet-inventory/models/oppein-ply-pgw-3db27.glb,https://www.oppeincabinetry.ca/shop/ply-pgw-3db27-3-drawers-base-cabinet-15420,
oppein-ply-pgw-3db30,OPPEIN,PLY-PGW-3DB30,3 Drawers Base Cabinet,White High Gloss,Plywood,model_ready,762.0,762.0,606.425,/cabinet-inventory/models/oppein-ply-pgw-3db30.glb,https://www.oppeincabinetry.ca/shop/ply-pgw-3db30-3-drawers-base-cabinet-15421,
oppein-ply-wss-3db33,OPPEIN,PLY-WSS-3DB33,3 Drawers Base Cabinet,White Single Shaker,Plywood,model_ready,838.2,762.0,606.425,/cabinet-library/models/PLY-WSS-3DB33.glb,https://www.oppeincabinetry.ca/shop/ply-wss-3db33-3-drawers-base-cabinet-11396,
oppein-ply-bss-3db36,OPPEIN,PLY-BSS-3DB36,3 Drawers Base Cabinet,Blue Single Shaker,Plywood,model_ready,914.4,762.0,606.425,/cabinet-inventory/models/oppein-ply-bss-3db36.glb,https://www.oppeincabinetry.ca/shop/ply-bss-3db36-3-drawers-base-cabinet-15675,
oppein-ply-mnw-3db30,OPPEIN,PLY-MNW-3DB30,3 Drawers Base Cabinet,Natural Wood,Plywood,model_ready,762.0,762.0,606.425,/cabinet-inventory/models/oppein-ply-mnw-3db30.glb,https://www.oppeincabinetry.ca/shop/ply-mnw-3db30-3-drawers-base-cabinet-13964,
oppein-ply-mnw-3db27,OPPEIN,PLY-MNW-3DB27,3 Drawers Base Cabinet,Natural Wood,Plywood,model_ready,685.8,762.0,606.425,/cabinet-inventory/models/oppein-ply-mnw-3db27.glb,https://www.oppeincabinetry.ca/shop/ply-mnw-3db27-3-drawers-base-cabinet-13963,
oppein-ply-mnw-3db33,OPPEIN,PLY-MNW-3DB33,3 Drawers Base Cabinet,Natural Wood,Plywood,model_ready,838.2,762.0,606.425,/cabinet-inventory/models/oppein-ply-mnw-3db33.glb,https://www.oppeincabinetry.ca/shop/ply-mnw-3db33-3-drawers-base-cabinet-13961,
oppein-ply-mnw-3db24,OPPEIN,PLY-MNW-3DB24,3 Drawers Base Cabinet,Natural Wood,Plywood,model_ready,609.6,762.0,606.425,/cabinet-inventory/models/oppein-ply-mnw-3db24.glb,https://www.oppeincabinetry.ca/shop/ply-mnw-3db24-3-drawers-base-cabinet-13960,
oppein-ply-wss-3db24,OPPEIN,PLY-WSS-3DB24,3 Drawers Base Cabinet,White Single Shaker,Plywood,model_ready,609.6,762.0,606.425,/cabinet-library/models/PLY-WSS-3DB24.glb,https://www.oppeincabinetry.ca/shop/ply-wss-3db24-3-drawers-base-cabinet-11395,
oppein-ply-ssw-3db33,OPPEIN,PLY-SSW-3DB33,3 Drawers Base Cabinet,White Slim Shaker,Plywood,model_ready,838.2,762.0,606.425,/cabinet-inventory/models/oppein-ply-ssw-3db33.glb,https://www.oppeincabinetry.ca/shop/ply-ssw-3db33-3-drawers-base-cabinet-12500,
oppein-ply-pgw-3db36,OPPEIN,PLY-PGW-3DB36,3 Drawers Base Cabinet,White High Gloss,Plywood,model_ready,914.4,762.0,606.425,/cabinet-inventory/models/oppein-ply-pgw-3db36.glb,https://www.oppeincabinetry.ca/shop/ply-pgw-3db36-3-drawers-base-cabinet-15413,
oppein-ply-mnw-3db36,OPPEIN,PLY-MNW-3DB36,3 Drawers Base Cabinet,Natural Wood,Plywood,model_ready,914.4,762.0,606.425,/cabinet-inventory/models/oppein-ply-mnw-3db36.glb,https://www.oppeincabinetry.ca/shop/ply-mnw-3db36-3-drawers-base-cabinet-13956,
oppein-ply-mso-3db30,OPPEIN,PLY-MSO-3DB30,3 Drawers Base Cabinet,Smoked Oak,Plywood,model_ready,762.0,762.0,606.425,/cabinet-inventory/models/oppein-ply-mso-3db30.glb,https://www.oppeincabinetry.ca/shop/ply-mso-3db30-3-drawers-base-cabinet-14685,
oppein-ply-mso-3db24,OPPEIN,PLY-MSO-3DB24,3 Drawers Base Cabinet,Smoked Oak,Plywood,model_ready,609.6,762.0,606.425,/cabinet-inventory/models/oppein-ply-mso-3db24.glb,https://www.oppeincabinetry.ca/shop/ply-mso-3db24-3-drawers-base-cabinet-14681,
oppein-ply-mso-3db36,OPPEIN,PLY-MSO-3DB36,3 Drawers Base Cabinet,Smoked Oak,Plywood,model_ready,914.4,762.0,606.425,/cabinet-inventory/models/oppein-ply-mso-3db36.glb,https://www.oppeincabinetry.ca/shop/ply-mso-3db36-3-drawers-base-cabinet-14677,
oppein-ply-ssw-3db24,OPPEIN,PLY-SSW-3DB24,3 Drawers Base Cabinet,White Slim Shaker,Plywood,model_ready,609.6,762.0,606.425,/cabinet-inventory/models/oppein-ply-ssw-3db24.glb,https://www.oppeincabinetry.ca/shop/ply-ssw-3db24-3-drawers-base-cabinet-12499,
oppein-ply-ssw-3db27,OPPEIN,PLY-SSW-3DB27,3 Drawers Base Cabinet,White Slim Shaker,Plywood,model_ready,685.8,762.0,606.425,/cabinet-inventory/models/oppein-ply-ssw-3db27.glb,https://www.oppeincabinetry.ca/shop/ply-ssw-3db27-3-drawers-base-cabinet-12595,
oppein-ply-mso-3db27,OPPEIN,PLY-MSO-3DB27,3 Drawers Base Cabinet,Smoked Oak,Plywood,model_ready,685.8,762.0,606.425,/cabinet-inventory/models/oppein-ply-mso-3db27.glb,https://www.oppeincabinetry.ca/shop/ply-mso-3db27-3-drawers-base-cabinet-14684,
oppein-ply-bss-3db24,OPPEIN,PLY-BSS-3DB24,3 Drawers Base Cabinet,Blue Single Shaker,Plywood,model_ready,609.6,762.0,606.425,/cabinet-inventory/models/oppein-ply-bss-3db24.glb,https://www.oppeincabinetry.ca/shop/ply-bss-3db24-3-drawers-base-cabinet-15670,
oppein-ply-mso-3db33,OPPEIN,PLY-MSO-3DB33,3 Drawers Base Cabinet,Smoked Oak,Plywood,model_ready,838.2,762.0,606.425,/cabinet-inventory/models/oppein-ply-mso-3db33.glb,https://www.oppeincabinetry.ca/shop/ply-mso-3db33-3-drawers-base-cabinet-14682,
oppein-gl-w1236l-door,OPPEIN,GL-W1236L-DOOR,Aluminum Glass Door - Black,,,specification_review,,,,,https://www.oppeincabinetry.ca/shop/gl-w1236l-door-aluminum-glass-door-black-10071,Missing or conflicting explicitly labelled W/H/D; Finish/profile needs verification; Detailed profile/footprint or accessory specification needed for modeling
oppein-gl-w1536l-door,OPPEIN,GL-W1536L-DOOR,Aluminum Glass Door - Black,,,specification_review,,,,,https://www.oppeincabinetry.ca/shop/gl-w1536l-door-aluminum-glass-door-black-10074,Missing or conflicting explicitly labelled W/H/D; Finish/profile needs verification; Detailed profile/footprint or accessory specification needed for modeling
oppein-gl-w1530l-door,OPPEIN,GL-W1530L-DOOR,Aluminum Glass Door - Black,,,specification_review,,,,,https://www.oppeincabinetry.ca/shop/gl-w1530l-door-aluminum-glass-door-black-10073,Missing or conflicting explicitly labelled W/H/D; Finish/profile needs verification; Detailed profile/footprint or accessory specification needed for modeling
oppein-gl-w1230l-door,OPPEIN,GL-W1230L-DOOR,Aluminum Glass Door - Black,,,specification_review,,,,,https://www.oppeincabinetry.ca/shop/gl-w1230l-door-aluminum-glass-door-black-10070,Missing or conflicting explicitly labelled W/H/D; Finish/profile needs verification; Detailed profile/footprint or accessory specification needed for modeling
oppein-bss-bm8,OPPEIN,BSS-BM8,BM8 - Blue,Blue Single Shaker,,specification_review,,,,,https://www.oppeincabinetry.ca/shop/bss-bm8-bm8-blue-15605,Missing or conflicting explicitly labelled W/H/D; Detailed profile/footprint or accessory specification needed for modeling
oppein-wss-bm8,OPPEIN,WSS-BM8,BM8 - White,White Single Shaker,,specification_review,,,,,https://www.oppeincabinetry.ca/shop/wss-bm8-bm8-white-11153,Missing or conflicting explicitly labelled W/H/D; Detailed profile/footprint or accessory specification needed for modeling
oppein-bss-lm8,OPPEIN,BSS-LM8,BSS-LM8,Blue Single Shaker,,specification_review,,,,,https://www.oppeincabinetry.ca/shop/bss-lm8-bss-lm8-15595,Missing or conflicting explicitly labelled W/H/D; Detailed profile/footprint or accessory specification needed for modeling
oppein-pb-wss-bbc42,OPPEIN,PB-WSS-BBC42,Base Blind Corner,White Single Shaker,Particle board,specification_review,1066.8,762.0,606.425,,https://www.oppeincabinetry.ca/shop/pb-wss-bbc42-base-blind-corner-17823,Detailed profile/footprint or accessory specification needed for modeling
oppein-pb-wss-bbc45,OPPEIN,PB-WSS-BBC45,Base Blind Corner,White Single Shaker,Particle board,specification_review,1143.0,762.0,606.425,,https://www.oppeincabinetry.ca/shop/pb-wss-bbc45-base-blind-corner-17824,Detailed profile/footprint or accessory specification needed for modeling
oppein-pb-mnw-bbc45,OPPEIN,PB-MNW-BBC45,Base Blind Corner,Natural Wood,Particle board,specification_review,1143.0,762.0,606.425,,https://www.oppeincabinetry.ca/shop/pb-mnw-bbc45-base-blind-corner-18643,Detailed profile/footprint or accessory specification needed for modeling
oppein-pb-mnw-bbc42,OPPEIN,PB-MNW-BBC42,Base Blind Corner,Natural Wood,Particle board,specification_review,1066.8,762.0,606.425,,https://www.oppeincabinetry.ca/shop/pb-mnw-bbc42-base-blind-corner-18642,Detailed profile/footprint or accessory specification needed for modeling
oppein-pb-pgw-bbc42,OPPEIN,PB-PGW-BBC42,Base Blind Corner,White High Gloss,Particle board,specification_review,1066.8,762.0,606.425,,https://www.oppeincabinetry.ca/shop/pb-pgw-bbc42-base-blind-corner-18095,Detailed profile/footprint or accessory specification needed for modeling
oppein-pb-bss-bbc45,OPPEIN,PB-BSS-BBC45,Base Blind Corner,Blue Single Shaker,Particle board,specification_review,1143.0,762.0,606.425,,https://www.oppeincabinetry.ca/shop/pb-bss-bbc45-base-blind-corner-17688,Detailed profile/footprint or accessory specification needed for modeling
oppein-pb-pgw-bbc45,OPPEIN,PB-PGW-BBC45,Base Blind Corner,White High Gloss,Particle board,specification_review,1143.0,762.0,606.425,,https://www.oppeincabinetry.ca/shop/pb-pgw-bbc45-base-blind-corner-18096,Detailed profile/footprint or accessory specification needed for modeling
oppein-pb-ssw-bbc42,OPPEIN,PB-SSW-BBC42,Base Blind Corner,White Slim Shaker,Particle board,specification_review,1066.8,762.0,606.425,,https://www.oppeincabinetry.ca/shop/pb-ssw-bbc42-base-blind-corner-18914,Detailed profile/footprint or accessory specification needed for modeling
oppein-pb-ssw-bbc45,OPPEIN,PB-SSW-BBC45,Base Blind Corner,White Slim Shaker,Particle board,specification_review,1143.0,762.0,606.425,,https://www.oppeincabinetry.ca/shop/pb-ssw-bbc45-base-blind-corner-18915,Detailed profile/footprint or accessory specification needed for modeling
oppein-ply-mnw-bbc42,OPPEIN,PLY-MNW-BBC42,Base Blind Corner,Natural Wood,Plywood,specification_review,1066.8,762.0,606.425,,https://www.oppeincabinetry.ca/shop/ply-mnw-bbc42-base-blind-corner-13985,Detailed profile/footprint or accessory specification needed for modeling
oppein-pb-mso-bbc45,OPPEIN,PB-MSO-BBC45,Base Blind Corner,Smoked Oak,Particle board,specification_review,1143.0,762.0,606.425,,https://www.oppeincabinetry.ca/shop/pb-mso-bbc45-base-blind-corner-18779,Detailed profile/footprint or accessory specification needed for modeling
oppein-ply-wss-bbc42,OPPEIN,PLY-WSS-BBC42,Base Blind Corner,White Single Shaker,Plywood,specification_review,1066.8,762.0,606.425,,https://www.oppeincabinetry.ca/shop/ply-wss-bbc42-base-blind-corner-9940,Detailed profile/footprint or accessory specification needed for modeling
oppein-pb-gss-bbc42,OPPEIN,PB-GSS-BBC42,Base Blind Corner,Gray Single Shaker,Particle board,specification_review,1066.8,762.0,606.425,,https://www.oppeincabinetry.ca/shop/pb-gss-bbc42-base-blind-corner-17959,Detailed profile/footprint or accessory specification needed for modeling
oppein-pb-gss-bbc45,OPPEIN,PB-GSS-BBC45,Base Blind Corner,Gray Single Shaker,Particle board,specification_review,1143.0,762.0,606.425,,https://www.oppeincabinetry.ca/shop/pb-gss-bbc45-base-blind-corner-17960,Detailed profile/footprint or accessory specification needed for modeling
oppein-ply-pgw-bbc45,OPPEIN,PLY-PGW-BBC45,Base Blind Corner,White High Gloss,Plywood,specification_review,1143.0,762.0,606.425,,https://www.oppeincabinetry.ca/shop/ply-pgw-bbc45-base-blind-corner-15443,Detailed profile/footprint or accessory specification needed for modeling
oppein-ply-pgw-bbc42,OPPEIN,PLY-PGW-BBC42,Base Blind Corner,White High Gloss,Plywood,specification_review,1066.8,762.0,606.425,,https://www.oppeincabinetry.ca/shop/ply-pgw-bbc42-base-blind-corner-15442,Detailed profile/footprint or accessory specification needed for modeling
oppein-pb-mso-bbc42,OPPEIN,PB-MSO-BBC42,Base Blind Corner,Smoked Oak,Particle board,specification_review,1066.8,762.0,606.425,,https://www.oppeincabinetry.ca/shop/pb-mso-bbc42-base-blind-corner-18778,Detailed profile/footprint or accessory specification needed for modeling
oppein-ply-ssw-bbc42,OPPEIN,PLY-SSW-BBC42,Base Blind Corner,White Slim Shaker,Plywood,specification_review,1066.8,762.0,606.425,,https://www.oppeincabinetry.ca/shop/ply-ssw-bbc42-base-blind-corner-12523,Detailed profile/footprint or accessory specification needed for modeling
oppein-ply-ssw-bbc45,OPPEIN,PLY-SSW-BBC45,Base Blind Corner,White Slim Shaker,Plywood,specification_review,1143.0,762.0,606.425,,https://www.oppeincabinetry.ca/shop/ply-ssw-bbc45-base-blind-corner-12524,Detailed profile/footprint or accessory specification needed for modeling
oppein-ply-gss-bbc45,OPPEIN,PLY-GSS-BBC45,Base Blind Corner,Gray Single Shaker,Plywood,specification_review,1143.0,762.0,606.425,,https://www.oppeincabinetry.ca/shop/ply-gss-bbc45-base-blind-corner-12075,Detailed profile/footprint or accessory specification needed for modeling
oppein-ply-mnw-bbc45,OPPEIN,PLY-MNW-BBC45,Base Blind Corner,Natural Wood,Plywood,specification_review,1143.0,762.0,606.425,,https://www.oppeincabinetry.ca/shop/ply-mnw-bbc45-base-blind-corner-13986,Detailed profile/footprint or accessory specification needed for modeling
oppein-ply-gss-bbc42,OPPEIN,PLY-GSS-BBC42,Base Blind Corner,Gray Single Shaker,Plywood,specification_review,1066.8,762.0,606.425,,https://www.oppeincabinetry.ca/shop/ply-gss-bbc42-base-blind-corner-12074,Detailed profile/footprint or accessory specification needed for modeling
oppein-ply-mso-bbc45,OPPEIN,PLY-MSO-BBC45,Base Blind Corner,Smoked Oak,Plywood,specification_review,1143.0,762.0,606.425,,https://www.oppeincabinetry.ca/shop/ply-mso-bbc45-base-blind-corner-14707,Detailed profile/footprint or accessory specification needed for modeling
oppein-ply-mso-bbc42,OPPEIN,PLY-MSO-BBC42,Base Blind Corner,Smoked Oak,Plywood,specification_review,1066.8,762.0,606.425,,https://www.oppeincabinetry.ca/shop/ply-mso-bbc42-base-blind-corner-14706,Detailed profile/footprint or accessory specification needed for modeling
oppein-ply-bss-bbc45,OPPEIN,PLY-BSS-BBC45,Base Blind Corner,Blue Single Shaker,Plywood,specification_review,1143.0,762.0,606.425,,https://www.oppeincabinetry.ca/shop/ply-bss-bbc45-base-blind-corner-15688,Detailed profile/footprint or accessory specification needed for modeling
oppein-ply-bss-bbc42,OPPEIN,PLY-BSS-BBC42,Base Blind Corner,Blue Single Shaker,Plywood,specification_review,1066.8,762.0,606.425,,https://www.oppeincabinetry.ca/shop/ply-bss-bbc42-base-blind-corner-15687,Detailed profile/footprint or accessory specification needed for modeling
oppein-ply-wss-bbc45,OPPEIN,PLY-WSS-BBC45,Base Blind Corner,White Single Shaker,Plywood,specification_review,1143.0,762.0,606.425,,https://www.oppeincabinetry.ca/shop/ply-wss-bbc45-base-blind-corner-9941,Detailed profile/footprint or accessory specification needed for modeling
oppein-pb-bss-bbc42,OPPEIN,PB-BSS-BBC42,Base Blind Corner,Blue Single Shaker,Particle board,specification_review,1066.8,762.0,606.425,,https://www.oppeincabinetry.ca/shop/pb-bss-bbc42-base-blind-corner-17687,Detailed profile/footprint or accessory specification needed for modeling
oppein-ply-ssw-b21,OPPEIN,PLY-SSW-B21,Base Cabinet (1 Drawer + 1 Door),White Slim Shaker,Plywood,model_ready,533.4,762.0,606.425,/cabinet-inventory/models/oppein-ply-ssw-b21.glb,https://www.oppeincabinetry.ca/shop/ply-ssw-b21-base-cabinet-1-drawer-1-door-12492,
oppein-ply-mnw-b12,OPPEIN,PLY-MNW-B12,Base Cabinet (1 Drawer + 1 Door),Natural Wood,Plywood,model_ready,304.8,762.0,606.425,/cabinet-inventory/models/oppein-ply-mnw-b12.glb,https://www.oppeincabinetry.ca/shop/ply-mnw-b12-base-cabinet-1-drawer-1-door-13980,
oppein-ply-bss-b12,OPPEIN,PLY-BSS-B12,Base Cabinet (1 Drawer + 1 Door),Blue Single Shaker,Plywood,model_ready,304.8,762.0,606.425,/cabinet-inventory/models/oppein-ply-bss-b12.glb,https://www.oppeincabinetry.ca/shop/ply-bss-b12-base-cabinet-1-drawer-1-door-15678,
oppein-ply-bss-b15,OPPEIN,PLY-BSS-B15,Base Cabinet (1 Drawer + 1 Door),Blue Single Shaker,Plywood,model_ready,381.0,762.0,606.425,/cabinet-inventory/models/oppein-ply-bss-b15.glb,https://www.oppeincabinetry.ca/shop/ply-bss-b15-base-cabinet-1-drawer-1-door-15679,
oppein-pb-gss-b21,OPPEIN,PB-GSS-B21,Base Cabinet (1 Drawer + 1 Door),Gray Single Shaker,Particle board,model_ready,533.4,762.0,606.425,/cabinet-inventory/models/oppein-pb-gss-b21.glb,https://www.oppeincabinetry.ca/shop/pb-gss-b21-base-cabinet-1-drawer-1-door-17946,
oppein-pb-gss-b18,OPPEIN,PB-GSS-B18,Base Cabinet (1 Drawer + 1 Door),Gray Single Shaker,Particle board,model_ready,457.2,762.0,606.425,/cabinet-inventory/models/oppein-pb-gss-b18.glb,https://www.oppeincabinetry.ca/shop/pb-gss-b18-base-cabinet-1-drawer-1-door-17944,
oppein-pb-gss-b15,OPPEIN,PB-GSS-B15,Base Cabinet (1 Drawer + 1 Door),Gray Single Shaker,Particle board,model_ready,381.0,762.0,606.425,/cabinet-inventory/models/oppein-pb-gss-b15.glb,https://www.oppeincabinetry.ca/shop/pb-gss-b15-base-cabinet-1-drawer-1-door-17942,
oppein-pb-mso-b21,OPPEIN,PB-MSO-B21,Base Cabinet (1 Drawer + 1 Door),Smoked Oak,Particle board,model_ready,533.4,762.0,606.425,/cabinet-inventory/models/oppein-pb-mso-b21.glb,https://www.oppeincabinetry.ca/shop/pb-mso-b21-base-cabinet-1-drawer-1-door-18765,
oppein-pb-mso-b18,OPPEIN,PB-MSO-B18,Base Cabinet (1 Drawer + 1 Door),Smoked Oak,Particle board,model_ready,457.2,762.0,606.425,/cabinet-inventory/models/oppein-pb-mso-b18.glb,https://www.oppeincabinetry.ca/shop/pb-mso-b18-base-cabinet-1-drawer-1-door-18763,
oppein-pb-mso-b15,OPPEIN,PB-MSO-B15,Base Cabinet (1 Drawer + 1 Door),Smoked Oak,Particle board,model_ready,381.0,762.0,606.425,/cabinet-inventory/models/oppein-pb-mso-b15.glb,https://www.oppeincabinetry.ca/shop/pb-mso-b15-base-cabinet-1-drawer-1-door-18761,
oppein-pb-mso-b12,OPPEIN,PB-MSO-B12,Base Cabinet (1 Drawer + 1 Door),Smoked Oak,Particle board,model_ready,304.8,762.0,606.425,/cabinet-inventory/models/oppein-pb-mso-b12.glb,https://www.oppeincabinetry.ca/shop/pb-mso-b12-base-cabinet-1-drawer-1-door-18759,
oppein-pb-mnw-b12,OPPEIN,PB-MNW-B12,Base Cabinet (1 Drawer + 1 Door),Natural Wood,Particle board,model_ready,304.8,762.0,606.425,/cabinet-inventory/models/oppein-pb-mnw-b12.glb,https://www.oppeincabinetry.ca/shop/pb-mnw-b12-base-cabinet-1-drawer-1-door-18623,
oppein-pb-pgw-b21,OPPEIN,PB-PGW-B21,Base Cabinet (1 Drawer + 1 Door),White High Gloss,Particle board,model_ready,533.4,762.0,606.425,/cabinet-inventory/models/oppein-pb-pgw-b21.glb,https://www.oppeincabinetry.ca/shop/pb-pgw-b21-base-cabinet-1-drawer-1-door-18082,
oppein-pb-gss-b12,OPPEIN,PB-GSS-B12,Base Cabinet (1 Drawer + 1 Door),Gray Single Shaker,Particle board,model_ready,304.8,762.0,606.425,/cabinet-inventory/models/oppein-pb-gss-b12.glb,https://www.oppeincabinetry.ca/shop/pb-gss-b12-base-cabinet-1-drawer-1-door-17940,
oppein-pb-pgw-b18,OPPEIN,PB-PGW-B18,Base Cabinet (1 Drawer + 1 Door),White High Gloss,Particle board,model_ready,457.2,762.0,606.425,/cabinet-inventory/models/oppein-pb-pgw-b18.glb,https://www.oppeincabinetry.ca/shop/pb-pgw-b18-base-cabinet-1-drawer-1-door-18080,
oppein-ply-bss-b18,OPPEIN,PLY-BSS-B18,Base Cabinet (1 Drawer + 1 Door),Blue Single Shaker,Plywood,model_ready,457.2,762.0,606.425,/cabinet-inventory/models/oppein-ply-bss-b18.glb,https://www.oppeincabinetry.ca/shop/ply-bss-b18-base-cabinet-1-drawer-1-door-15680,
oppein-ply-mnw-b21,OPPEIN,PLY-MNW-B21,Base Cabinet (1 Drawer + 1 Door),Natural Wood,Plywood,model_ready,533.4,762.0,606.425,/cabinet-inventory/models/oppein-ply-mnw-b21.glb,https://www.oppeincabinetry.ca/shop/ply-mnw-b21-base-cabinet-1-drawer-1-door-13953,
oppein-ply-mnw-b18,OPPEIN,PLY-MNW-B18,Base Cabinet (1 Drawer + 1 Door),Natural Wood,Plywood,model_ready,457.2,762.0,606.425,/cabinet-inventory/models/oppein-ply-mnw-b18.glb,https://www.oppeincabinetry.ca/shop/ply-mnw-b18-base-cabinet-1-drawer-1-door-13952,
oppein-ply-mnw-b15,OPPEIN,PLY-MNW-B15,Base Cabinet (1 Drawer + 1 Door),Natural Wood,Plywood,model_ready,381.0,762.0,606.425,/cabinet-inventory/models/oppein-ply-mnw-b15.glb,https://www.oppeincabinetry.ca/shop/ply-mnw-b15-base-cabinet-1-drawer-1-door-13951,
oppein-pb-pgw-b15,OPPEIN,PB-PGW-B15,Base Cabinet (1 Drawer + 1 Door),White High Gloss,Particle board,model_ready,381.0,762.0,606.425,/cabinet-inventory/models/oppein-pb-pgw-b15.glb,https://www.oppeincabinetry.ca/shop/pb-pgw-b15-base-cabinet-1-drawer-1-door-18078,
oppein-ply-mso-b12,OPPEIN,PLY-MSO-B12,Base Cabinet (1 Drawer + 1 Door),Smoked Oak,Plywood,model_ready,304.8,762.0,606.425,/cabinet-inventory/models/oppein-ply-mso-b12.glb,https://www.oppeincabinetry.ca/shop/ply-mso-b12-base-cabinet-1-drawer-1-door-14701,
oppein-ply-pgw-b12,OPPEIN,PLY-PGW-B12,Base Cabinet (1 Drawer + 1 Door),White High Gloss,Plywood,model_ready,304.8,762.0,606.425,/cabinet-inventory/models/oppein-ply-pgw-b12.glb,https://www.oppeincabinetry.ca/shop/ply-pgw-b12-base-cabinet-1-drawer-1-door-15437,
oppein-pb-pgw-b12,OPPEIN,PB-PGW-B12,Base Cabinet (1 Drawer + 1 Door),White High Gloss,Particle board,model_ready,304.8,762.0,606.425,/cabinet-inventory/models/oppein-pb-pgw-b12.glb,https://www.oppeincabinetry.ca/shop/pb-pgw-b12-base-cabinet-1-drawer-1-door-18076,
oppein-pb-mnw-b21,OPPEIN,PB-MNW-B21,Base Cabinet (1 Drawer + 1 Door),Natural Wood,Particle board,model_ready,533.4,762.0,606.425,/cabinet-inventory/models/oppein-pb-mnw-b21.glb,https://www.oppeincabinetry.ca/shop/pb-mnw-b21-base-cabinet-1-drawer-1-door-18629,
oppein-pb-mnw-b18,OPPEIN,PB-MNW-B18,Base Cabinet (1 Drawer + 1 Door),Natural Wood,Particle board,model_ready,457.2,762.0,606.425,/cabinet-inventory/models/oppein-pb-mnw-b18.glb,https://www.oppeincabinetry.ca/shop/pb-mnw-b18-base-cabinet-1-drawer-1-door-18627,
oppein-pb-mnw-b15,OPPEIN,PB-MNW-B15,Base Cabinet (1 Drawer + 1 Door),Natural Wood,Particle board,model_ready,381.0,762.0,606.425,/cabinet-inventory/models/oppein-pb-mnw-b15.glb,https://www.oppeincabinetry.ca/shop/pb-mnw-b15-base-cabinet-1-drawer-1-door-18625,
oppein-pb-bss-b21,OPPEIN,PB-BSS-B21,Base Cabinet (1 Drawer + 1 Door),Blue Single Shaker,Particle board,model_ready,533.4,762.0,606.425,/cabinet-inventory/models/oppein-pb-bss-b21.glb,https://www.oppeincabinetry.ca/shop/pb-bss-b21-base-cabinet-1-drawer-1-door-17674,
oppein-ply-bss-b21,OPPEIN,PLY-BSS-B21,Base Cabinet (1 Drawer + 1 Door),Blue Single Shaker,Plywood,model_ready,533.4,762.0,606.425,/cabinet-inventory/models/oppein-ply-bss-b21.glb,https://www.oppeincabinetry.ca/shop/ply-bss-b21-base-cabinet-1-drawer-1-door-15681,
oppein-ply-wss-b15,OPPEIN,PLY-WSS-B15,Base Cabinet (1 Drawer + 1 Door),White Single Shaker,Plywood,model_ready,381.0,762.0,606.425,/cabinet-library/models/PLY-WSS-B15.glb,https://www.oppeincabinetry.ca/shop/ply-wss-b15-base-cabinet-1-drawer-1-door-11386,
oppein-ply-wss-b18,OPPEIN,PLY-WSS-B18,Base Cabinet (1 Drawer + 1 Door),White Single Shaker,Plywood,model_ready,457.2,762.0,606.425,/cabinet-library/models/PLY-WSS-B18.glb,https://www.oppeincabinetry.ca/shop/ply-wss-b18-base-cabinet-1-drawer-1-door-11387,
oppein-ply-wss-b21,OPPEIN,PLY-WSS-B21,Base Cabinet (1 Drawer + 1 Door),White Single Shaker,Plywood,model_ready,533.4,762.0,606.425,/cabinet-library/models/PLY-WSS-B21.glb,https://www.oppeincabinetry.ca/shop/ply-wss-b21-base-cabinet-1-drawer-1-door-11388,
oppein-pb-wss-b18,OPPEIN,PB-WSS-B18,Base Cabinet (1 Drawer + 1 Door),White Single Shaker,Particle board,model_ready,457.2,762.0,606.425,/cabinet-inventory/models/oppein-pb-wss-b18.glb,https://www.oppeincabinetry.ca/shop/pb-wss-b18-base-cabinet-1-drawer-1-door-17808,
oppein-pb-wss-b15,OPPEIN,PB-WSS-B15,Base Cabinet (1 Drawer + 1 Door),White Single Shaker,Particle board,model_ready,381.0,762.0,606.425,/cabinet-inventory/models/oppein-pb-wss-b15.glb,https://www.oppeincabinetry.ca/shop/pb-wss-b15-base-cabinet-1-drawer-1-door-17806,
oppein-pb-wss-b12,OPPEIN,PB-WSS-B12,Base Cabinet (1 Drawer + 1 Door),White Single Shaker,Particle board,model_ready,304.8,762.0,606.425,/cabinet-inventory/models/oppein-pb-wss-b12.glb,https://www.oppeincabinetry.ca/shop/pb-wss-b12-base-cabinet-1-drawer-1-door-17804,
oppein-ply-wss-b12,OPPEIN,PLY-WSS-B12,Base Cabinet (1 Drawer + 1 Door),White Single Shaker,Plywood,model_ready,304.8,762.0,606.425,/cabinet-library/models/PLY-WSS-B12.glb,https://www.oppeincabinetry.ca/shop/ply-wss-b12-base-cabinet-1-drawer-1-door-9944,
oppein-pb-bss-b12,OPPEIN,PB-BSS-B12,Base Cabinet (1 Drawer + 1 Door),Blue Single Shaker,Particle board,model_ready,304.8,762.0,606.425,/cabinet-inventory/models/oppein-pb-bss-b12.glb,https://www.oppeincabinetry.ca/shop/pb-bss-b12-base-cabinet-1-drawer-1-door-17668,
oppein-pb-bss-b15,OPPEIN,PB-BSS-B15,Base Cabinet (1 Drawer + 1 Door),Blue Single Shaker,Particle board,model_ready,381.0,762.0,606.425,/cabinet-inventory/models/oppein-pb-bss-b15.glb,https://www.oppeincabinetry.ca/shop/pb-bss-b15-base-cabinet-1-drawer-1-door-17670,
oppein-ply-ssw-b15,OPPEIN,PLY-SSW-B15,Base Cabinet (1 Drawer + 1 Door),White Slim Shaker,Plywood,model_ready,381.0,762.0,606.425,/cabinet-inventory/models/oppein-ply-ssw-b15.glb,https://www.oppeincabinetry.ca/shop/ply-ssw-b15-base-cabinet-1-drawer-1-door-12490,
oppein-ply-ssw-b18,OPPEIN,PLY-SSW-B18,Base Cabinet (1 Drawer + 1 Door),White Slim Shaker,Plywood,model_ready,457.2,762.0,606.425,/cabinet-inventory/models/oppein-ply-ssw-b18.glb,https://www.oppeincabinetry.ca/shop/ply-ssw-b18-base-cabinet-1-drawer-1-door-12491,
oppein-pb-wss-b21,OPPEIN,PB-WSS-B21,Base Cabinet (1 Drawer + 1 Door),White Single Shaker,Particle board,model_ready,533.4,762.0,606.425,/cabinet-inventory/models/oppein-pb-wss-b21.glb,https://www.oppeincabinetry.ca/shop/pb-wss-b21-base-cabinet-1-drawer-1-door-17810,
oppein-pb-bss-b18,OPPEIN,PB-BSS-B18,Base Cabinet (1 Drawer + 1 Door),Blue Single Shaker,Particle board,model_ready,457.2,762.0,606.425,/cabinet-inventory/models/oppein-pb-bss-b18.glb,https://www.oppeincabinetry.ca/shop/pb-bss-b18-base-cabinet-1-drawer-1-door-17672,
oppein-pb-ssw-b21,OPPEIN,PB-SSW-B21,Base Cabinet (1 Drawer + 1 Door),White Slim Shaker,Particle board,model_ready,533.4,762.0,606.425,/cabinet-inventory/models/oppein-pb-ssw-b21.glb,https://www.oppeincabinetry.ca/shop/pb-ssw-b21-base-cabinet-1-drawer-1-door-18901,
oppein-ply-gss-b18,OPPEIN,PLY-GSS-B18,Base Cabinet (1 Drawer + 1 Door),Gray Single Shaker,Plywood,model_ready,457.2,762.0,606.425,/cabinet-inventory/models/oppein-ply-gss-b18.glb,https://www.oppeincabinetry.ca/shop/ply-gss-b18-base-cabinet-1-drawer-1-door-12077,
oppein-ply-gss-b15,OPPEIN,PLY-GSS-B15,Base Cabinet (1 Drawer + 1 Door),Gray Single Shaker,Plywood,model_ready,381.0,762.0,606.425,/cabinet-inventory/models/oppein-ply-gss-b15.glb,https://www.oppeincabinetry.ca/shop/ply-gss-b15-base-cabinet-1-drawer-1-door-12079,
oppein-ply-gss-b21,OPPEIN,PLY-GSS-B21,Base Cabinet (1 Drawer + 1 Door),Gray Single Shaker,Plywood,model_ready,533.4,762.0,606.425,/cabinet-inventory/models/oppein-ply-gss-b21.glb,https://www.oppeincabinetry.ca/shop/ply-gss-b21-base-cabinet-1-drawer-1-door-12080,
oppein-ply-ssw-b12,OPPEIN,PLY-SSW-B12,Base Cabinet (1 Drawer + 1 Door),White Slim Shaker,Plywood,model_ready,304.8,762.0,606.425,/cabinet-inventory/models/oppein-ply-ssw-b12.glb,https://www.oppeincabinetry.ca/shop/ply-ssw-b12-base-cabinet-1-drawer-1-door-12518,
oppein-pb-ssw-b18,OPPEIN,PB-SSW-B18,Base Cabinet (1 Drawer + 1 Door),White Slim Shaker,Particle board,model_ready,457.2,762.0,606.425,/cabinet-inventory/models/oppein-pb-ssw-b18.glb,https://www.oppeincabinetry.ca/shop/pb-ssw-b18-base-cabinet-1-drawer-1-door-18899,
oppein-ply-mso-b15,OPPEIN,PLY-MSO-B15,Base Cabinet (1 Drawer + 1 Door),Smoked Oak,Plywood,model_ready,381.0,762.0,606.425,/cabinet-inventory/models/oppein-ply-mso-b15.glb,https://www.oppeincabinetry.ca/shop/ply-mso-b15-base-cabinet-1-drawer-1-door-14673,
oppein-ply-mso-b18,OPPEIN,PLY-MSO-B18,Base Cabinet (1 Drawer + 1 Door),Smoked Oak,Plywood,model_ready,457.2,762.0,606.425,/cabinet-inventory/models/oppein-ply-mso-b18.glb,https://www.oppeincabinetry.ca/shop/ply-mso-b18-base-cabinet-1-drawer-1-door-14674,
oppein-ply-pgw-b15,OPPEIN,PLY-PGW-B15,Base Cabinet (1 Drawer + 1 Door),White High Gloss,Plywood,model_ready,381.0,762.0,606.425,/cabinet-inventory/models/oppein-ply-pgw-b15.glb,https://www.oppeincabinetry.ca/shop/ply-pgw-b15-base-cabinet-1-drawer-1-door-15408,
oppein-pb-ssw-b15,OPPEIN,PB-SSW-B15,Base Cabinet (1 Drawer + 1 Door),White Slim Shaker,Particle board,model_ready,381.0,762.0,606.425,/cabinet-inventory/models/oppein-pb-ssw-b15.glb,https://www.oppeincabinetry.ca/shop/pb-ssw-b15-base-cabinet-1-drawer-1-door-18897,
oppein-pb-ssw-b12,OPPEIN,PB-SSW-B12,Base Cabinet (1 Drawer + 1 Door),White Slim Shaker,Particle board,model_ready,304.8,762.0,606.425,/cabinet-inventory/models/oppein-pb-ssw-b12.glb,https://www.oppeincabinetry.ca/shop/pb-ssw-b12-base-cabinet-1-drawer-1-door-18895,
oppein-ply-gss-b12,OPPEIN,PLY-GSS-B12,Base Cabinet (1 Drawer + 1 Door),Gray Single Shaker,Plywood,model_ready,304.8,762.0,606.425,/cabinet-inventory/models/oppein-ply-gss-b12.glb,https://www.oppeincabinetry.ca/shop/ply-gss-b12-base-cabinet-1-drawer-1-door-12084,
oppein-ply-pgw-b18,OPPEIN,PLY-PGW-B18,Base Cabinet (1 Drawer + 1 Door),White High Gloss,Plywood,model_ready,457.2,762.0,606.425,/cabinet-inventory/models/oppein-ply-pgw-b18.glb,https://www.oppeincabinetry.ca/shop/ply-pgw-b18-base-cabinet-1-drawer-1-door-15409,
oppein-ply-pgw-b21,OPPEIN,PLY-PGW-B21,Base Cabinet (1 Drawer + 1 Door),White High Gloss,Plywood,model_ready,533.4,762.0,606.425,/cabinet-inventory/models/oppein-ply-pgw-b21.glb,https://www.oppeincabinetry.ca/shop/ply-pgw-b21-base-cabinet-1-drawer-1-door-15410,
oppein-pb-ssw-b30,OPPEIN,PB-SSW-B30,Base Cabinet (1 Drawer + 2 Door),White Slim Shaker,Particle board,model_ready,762.0,762.0,606.425,/cabinet-inventory/models/oppein-pb-ssw-b30.glb,https://www.oppeincabinetry.ca/shop/pb-ssw-b30-base-cabinet-1-drawer-2-door-18907,
oppein-pb-pgw-b30,OPPEIN,PB-PGW-B30,Base Cabinet (1 Drawer + 2 Door),White High Gloss,Particle board,model_ready,762.0,762.0,606.425,/cabinet-inventory/models/oppein-pb-pgw-b30.glb,https://www.oppeincabinetry.ca/shop/pb-pgw-b30-base-cabinet-1-drawer-2-door-18088,
oppein-pb-mnw-b42,OPPEIN,PB-MNW-B42,Base Cabinet (1 Drawer + 2 Door),Natural Wood,Particle board,model_ready,1066.8,762.0,606.425,/cabinet-inventory/models/oppein-pb-mnw-b42.glb,https://www.oppeincabinetry.ca/shop/pb-mnw-b42-base-cabinet-1-drawer-2-door-18641,
oppein-ply-mnw-b30,OPPEIN,PLY-MNW-B30,Base Cabinet (1 Drawer + 2 Door),Natural Wood,Plywood,model_ready,762.0,762.0,606.425,/cabinet-inventory/models/oppein-ply-mnw-b30.glb,https://www.oppeincabinetry.ca/shop/ply-mnw-b30-base-cabinet-1-drawer-2-door-13954,
oppein-ply-mnw-b24,OPPEIN,PLY-MNW-B24,Base Cabinet (1 Drawer + 2 Door),Natural Wood,Plywood,model_ready,609.6,762.0,606.425,/cabinet-inventory/models/oppein-ply-mnw-b24.glb,https://www.oppeincabinetry.ca/shop/ply-mnw-b24-base-cabinet-1-drawer-2-door-13962,
oppein-pb-wss-b42,OPPEIN,PB-WSS-B42,Base Cabinet (1 Drawer + 2 Door),White Single Shaker,Particle board,model_ready,1066.8,762.0,606.425,/cabinet-inventory/models/oppein-pb-wss-b42.glb,https://www.oppeincabinetry.ca/shop/pb-wss-b42-base-cabinet-1-drawer-2-door-17822,
oppein-ply-pgw-b27,OPPEIN,PLY-PGW-B27,Base Cabinet (1 Drawer + 2 Door),White High Gloss,Plywood,model_ready,685.8,762.0,606.425,/cabinet-inventory/models/oppein-ply-pgw-b27.glb,https://www.oppeincabinetry.ca/shop/ply-pgw-b27-base-cabinet-1-drawer-2-door-15430,
oppein-ply-gss-b30,OPPEIN,PLY-GSS-B30,Base Cabinet (1 Drawer + 2 Door),Gray Single Shaker,Plywood,model_ready,762.0,762.0,606.425,/cabinet-inventory/models/oppein-ply-gss-b30.glb,https://www.oppeincabinetry.ca/shop/ply-gss-b30-base-cabinet-1-drawer-2-door-12089,
oppein-pb-ssw-b42,OPPEIN,PB-SSW-B42,Base Cabinet (1 Drawer + 2 Door),White Slim Shaker,Particle board,model_ready,1066.8,762.0,606.425,/cabinet-inventory/models/oppein-pb-ssw-b42.glb,https://www.oppeincabinetry.ca/shop/pb-ssw-b42-base-cabinet-1-drawer-2-door-18913,
oppein-ply-mso-b24,OPPEIN,PLY-MSO-B24,Base Cabinet (1 Drawer + 2 Door),Smoked Oak,Plywood,model_ready,609.6,762.0,606.425,/cabinet-inventory/models/oppein-ply-mso-b24.glb,https://www.oppeincabinetry.ca/shop/ply-mso-b24-base-cabinet-1-drawer-2-door-14683,
oppein-ply-mso-b21,OPPEIN,PLY-MSO-B21,Base Cabinet (1 Drawer + 2 Door),Smoked Oak,Plywood,model_ready,533.4,762.0,606.425,/cabinet-inventory/models/oppein-ply-mso-b21.glb,https://www.oppeincabinetry.ca/shop/ply-mso-b21-base-cabinet-1-drawer-2-door-11353,
oppein-ply-mso-b27,OPPEIN,PLY-MSO-B27,Base Cabinet (1 Drawer + 2 Door),Smoked Oak,Plywood,model_ready,685.8,762.0,606.425,/cabinet-inventory/models/oppein-ply-mso-b27.glb,https://www.oppeincabinetry.ca/shop/ply-mso-b27-base-cabinet-1-drawer-2-door-14694,
oppein-pb-ssw-b36,OPPEIN,PB-SSW-B36,Base Cabinet (1 Drawer + 2 Door),White Slim Shaker,Particle board,model_ready,914.4,762.0,606.425,/cabinet-inventory/models/oppein-pb-ssw-b36.glb,https://www.oppeincabinetry.ca/shop/pb-ssw-b36-base-cabinet-1-drawer-2-door-18911,
oppein-ply-wss-b36,OPPEIN,PLY-WSS-B36,Base Cabinet (1 Drawer + 2 Door),White Single Shaker,Plywood,model_ready,914.4,762.0,606.425,/cabinet-library/models/PLY-WSS-B36.glb,https://www.oppeincabinetry.ca/shop/ply-wss-b36-base-cabinet-1-drawer-2-door-9948,
oppein-pb-wss-b33,OPPEIN,PB-WSS-B33,Base Cabinet (1 Drawer + 2 Door),White Single Shaker,Particle board,model_ready,838.2,762.0,606.425,/cabinet-inventory/models/oppein-pb-wss-b33.glb,https://www.oppeincabinetry.ca/shop/pb-wss-b33-base-cabinet-1-drawer-2-door-17818,
oppein-ply-mso-b36,OPPEIN,PLY-MSO-B36,Base Cabinet (1 Drawer + 2 Door),Smoked Oak,Plywood,model_ready,914.4,762.0,606.425,/cabinet-inventory/models/oppein-ply-mso-b36.glb,https://www.oppeincabinetry.ca/shop/ply-mso-b36-base-cabinet-1-drawer-2-door-14705,
oppein-pb-pgw-b24,OPPEIN,PB-PGW-B24,Base Cabinet (1 Drawer + 2 Door),White High Gloss,Particle board,model_ready,609.6,762.0,606.425,/cabinet-inventory/models/oppein-pb-pgw-b24.glb,https://www.oppeincabinetry.ca/shop/pb-pgw-b24-base-cabinet-1-drawer-2-door-18084,
oppein-pb-ssw-b24,OPPEIN,PB-SSW-B24,Base Cabinet (1 Drawer + 2 Door),White Slim Shaker,Particle board,model_ready,609.6,762.0,606.425,/cabinet-inventory/models/oppein-pb-ssw-b24.glb,https://www.oppeincabinetry.ca/shop/pb-ssw-b24-base-cabinet-1-drawer-2-door-18903,
oppein-pb-pgw-b27,OPPEIN,PB-PGW-B27,Base Cabinet (1 Drawer + 2 Door),White High Gloss,Particle board,model_ready,685.8,762.0,606.425,/cabinet-inventory/models/oppein-pb-pgw-b27.glb,https://www.oppeincabinetry.ca/shop/pb-pgw-b27-base-cabinet-1-drawer-2-door-18086,
oppein-pb-mnw-b33,OPPEIN,PB-MNW-B33,Base Cabinet (1 Drawer + 2 Door),Natural Wood,Particle board,model_ready,838.2,762.0,606.425,/cabinet-inventory/models/oppein-pb-mnw-b33.glb,https://www.oppeincabinetry.ca/shop/pb-mnw-b33-base-cabinet-1-drawer-2-door-18637,
oppein-pb-wss-b24,OPPEIN,PB-WSS-B24,Base Cabinet (1 Drawer + 2 Door),White Single Shaker,Particle board,model_ready,609.6,762.0,606.425,/cabinet-inventory/models/oppein-pb-wss-b24.glb,https://www.oppeincabinetry.ca/shop/pb-wss-b24-base-cabinet-1-drawer-2-door-17812,
oppein-pb-bss-b30,OPPEIN,PB-BSS-B30,Base Cabinet (1 Drawer + 2 Door),Blue Single Shaker,Particle board,model_ready,762.0,762.0,606.425,/cabinet-inventory/models/oppein-pb-bss-b30.glb,https://www.oppeincabinetry.ca/shop/pb-bss-b30-base-cabinet-1-drawer-2-door-17680,
oppein-pb-wss-b27,OPPEIN,PB-WSS-B27,Base Cabinet (1 Drawer + 2 Door),White Single Shaker,Particle board,model_ready,685.8,762.0,606.425,/cabinet-inventory/models/oppein-pb-wss-b27.glb,https://www.oppeincabinetry.ca/shop/pb-wss-b27-base-cabinet-1-drawer-2-door-17814,
oppein-pb-gss-b30,OPPEIN,PB-GSS-B30,Base Cabinet (1 Drawer + 2 Door),Gray Single Shaker,Particle board,model_ready,762.0,762.0,606.425,/cabinet-inventory/models/oppein-pb-gss-b30.glb,https://www.oppeincabinetry.ca/shop/pb-gss-b30-base-cabinet-1-drawer-2-door-17952,
oppein-ply-gss-b36,OPPEIN,PLY-GSS-B36,Base Cabinet (1 Drawer + 2 Door),Gray Single Shaker,Plywood,model_ready,914.4,762.0,606.425,/cabinet-inventory/models/oppein-ply-gss-b36.glb,https://www.oppeincabinetry.ca/shop/ply-gss-b36-base-cabinet-1-drawer-2-door-12090,
oppein-ply-gss-b27,OPPEIN,PLY-GSS-B27,Base Cabinet (1 Drawer + 2 Door),Gray Single Shaker,Plywood,model_ready,685.8,762.0,606.425,/cabinet-inventory/models/oppein-ply-gss-b27.glb,https://www.oppeincabinetry.ca/shop/ply-gss-b27-base-cabinet-1-drawer-2-door-12092,
oppein-pb-ssw-b33,OPPEIN,PB-SSW-B33,Base Cabinet (1 Drawer + 2 Door),White Slim Shaker,Particle board,model_ready,838.2,762.0,606.425,/cabinet-inventory/models/oppein-pb-ssw-b33.glb,https://www.oppeincabinetry.ca/shop/pb-ssw-b33-base-cabinet-1-drawer-2-door-18909,
oppein-ply-mnw-b33,OPPEIN,PLY-MNW-B33,Base Cabinet (1 Drawer + 2 Door),Natural Wood,Plywood,model_ready,838.2,762.0,606.425,/cabinet-inventory/models/oppein-ply-mnw-b33.glb,https://www.oppeincabinetry.ca/shop/ply-mnw-b33-base-cabinet-1-drawer-2-door-13983,
oppein-pb-ssw-b27,OPPEIN,PB-SSW-B27,Base Cabinet (1 Drawer + 2 Door),White Slim Shaker,Particle board,model_ready,685.8,762.0,606.425,/cabinet-inventory/models/oppein-pb-ssw-b27.glb,https://www.oppeincabinetry.ca/shop/pb-ssw-b27-base-cabinet-1-drawer-2-door-18905,
oppein-pb-wss-b30,OPPEIN,PB-WSS-B30,Base Cabinet (1 Drawer + 2 Door),White Single Shaker,Particle board,model_ready,762.0,762.0,606.425,/cabinet-inventory/models/oppein-pb-wss-b30.glb,https://www.oppeincabinetry.ca/shop/pb-wss-b30-base-cabinet-1-drawer-2-door-17816,
oppein-ply-ssw-b30,OPPEIN,PLY-SSW-B30,Base Cabinet (1 Drawer + 2 Door),White Slim Shaker,Plywood,model_ready,762.0,762.0,606.425,/cabinet-inventory/models/oppein-ply-ssw-b30.glb,https://www.oppeincabinetry.ca/shop/ply-ssw-b30-base-cabinet-1-drawer-2-door-12493,
oppein-ply-pgw-b24,OPPEIN,PLY-PGW-B24,Base Cabinet (1 Drawer + 2 Door),White High Gloss,Plywood,model_ready,609.6,762.0,606.425,/cabinet-inventory/models/oppein-ply-pgw-b24.glb,https://www.oppeincabinetry.ca/shop/ply-pgw-b24-base-cabinet-1-drawer-2-door-15419,
oppein-pb-gss-b33,OPPEIN,PB-GSS-B33,Base Cabinet (1 Drawer + 2 Door),Gray Single Shaker,Particle board,model_ready,838.2,762.0,606.425,/cabinet-inventory/models/oppein-pb-gss-b33.glb,https://www.oppeincabinetry.ca/shop/pb-gss-b33-base-cabinet-1-drawer-2-door-17954,
oppein-pb-gss-b36,OPPEIN,PB-GSS-B36,Base Cabinet (1 Drawer + 2 Door),Gray Single Shaker,Particle board,model_ready,914.4,762.0,606.425,/cabinet-inventory/models/oppein-pb-gss-b36.glb,https://www.oppeincabinetry.ca/shop/pb-gss-b36-base-cabinet-1-drawer-2-door-17956,
oppein-ply-ssw-b36,OPPEIN,PLY-SSW-B36,Base Cabinet (1 Drawer + 2 Door),White Slim Shaker,Plywood,model_ready,914.4,762.0,606.425,/cabinet-inventory/models/oppein-ply-ssw-b36.glb,https://www.oppeincabinetry.ca/shop/ply-ssw-b36-base-cabinet-1-drawer-2-door-12522,
oppein-ply-ssw-b33,OPPEIN,PLY-SSW-B33,Base Cabinet (1 Drawer + 2 Door),White Slim Shaker,Plywood,model_ready,838.2,762.0,606.425,/cabinet-inventory/models/oppein-ply-ssw-b33.glb,https://www.oppeincabinetry.ca/shop/ply-ssw-b33-base-cabinet-1-drawer-2-door-12521,
oppein-ply-mnw-b27,OPPEIN,PLY-MNW-B27,Base Cabinet (1 Drawer + 2 Door),Natural Wood,Plywood,model_ready,685.8,762.0,606.425,/cabinet-inventory/models/oppein-ply-mnw-b27.glb,https://www.oppeincabinetry.ca/shop/ply-mnw-b27-base-cabinet-1-drawer-2-door-13973,
oppein-pb-mso-b24,OPPEIN,PB-MSO-B24,Base Cabinet (1 Drawer + 2 Door),Smoked Oak,Particle board,model_ready,609.6,762.0,606.425,/cabinet-inventory/models/oppein-pb-mso-b24.glb,https://www.oppeincabinetry.ca/shop/pb-mso-b24-base-cabinet-1-drawer-2-door-18767,
oppein-ply-ssw-b24,OPPEIN,PLY-SSW-B24,Base Cabinet (1 Drawer + 2 Door),White Slim Shaker,Plywood,model_ready,609.6,762.0,606.425,/cabinet-inventory/models/oppein-ply-ssw-b24.glb,https://www.oppeincabinetry.ca/shop/ply-ssw-b24-base-cabinet-1-drawer-2-door-12501,
oppein-ply-mso-b30,OPPEIN,PLY-MSO-B30,Base Cabinet (1 Drawer + 2 Door),Smoked Oak,Plywood,model_ready,762.0,762.0,606.425,/cabinet-inventory/models/oppein-ply-mso-b30.glb,https://www.oppeincabinetry.ca/shop/ply-mso-b30-base-cabinet-1-drawer-2-door-14675,
oppein-pb-mso-b42,OPPEIN,PB-MSO-B42,Base Cabinet (1 Drawer + 2 Door),Smoked Oak,Particle board,model_ready,1066.8,762.0,606.425,/cabinet-inventory/models/oppein-pb-mso-b42.glb,https://www.oppeincabinetry.ca/shop/pb-mso-b42-base-cabinet-1-drawer-2-door-18777,
oppein-pb-mso-b27,OPPEIN,PB-MSO-B27,Base Cabinet (1 Drawer + 2 Door),Smoked Oak,Particle board,model_ready,685.8,762.0,606.425,/cabinet-inventory/models/oppein-pb-mso-b27.glb,https://www.oppeincabinetry.ca/shop/pb-mso-b27-base-cabinet-1-drawer-2-door-18769,
oppein-pb-mso-b30,OPPEIN,PB-MSO-B30,Base Cabinet (1 Drawer + 2 Door),Smoked Oak,Particle board,model_ready,762.0,762.0,606.425,/cabinet-inventory/models/oppein-pb-mso-b30.glb,https://www.oppeincabinetry.ca/shop/pb-mso-b30-base-cabinet-1-drawer-2-door-18771,
oppein-pb-bss-b42,OPPEIN,PB-BSS-B42,Base Cabinet (1 Drawer + 2 Door),Blue Single Shaker,Particle board,model_ready,1066.8,762.0,606.425,/cabinet-inventory/models/oppein-pb-bss-b42.glb,https://www.oppeincabinetry.ca/shop/pb-bss-b42-base-cabinet-1-drawer-2-door-17686,
oppein-ply-wss-b33,OPPEIN,PLY-WSS-B33,Base Cabinet (1 Drawer + 2 Door),White Single Shaker,Plywood,model_ready,838.2,762.0,606.425,/cabinet-library/models/PLY-WSS-B33.glb,https://www.oppeincabinetry.ca/shop/ply-wss-b33-base-cabinet-1-drawer-2-door-9951,
oppein-pb-bss-b36,OPPEIN,PB-BSS-B36,Base Cabinet (1 Drawer + 2 Door),Blue Single Shaker,Particle board,model_ready,914.4,762.0,606.425,/cabinet-inventory/models/oppein-pb-bss-b36.glb,https://www.oppeincabinetry.ca/shop/pb-bss-b36-base-cabinet-1-drawer-2-door-17684,
oppein-pb-mso-b33,OPPEIN,PB-MSO-B33,Base Cabinet (1 Drawer + 2 Door),Smoked Oak,Particle board,model_ready,838.2,762.0,606.425,/cabinet-inventory/models/oppein-pb-mso-b33.glb,https://www.oppeincabinetry.ca/shop/pb-mso-b33-base-cabinet-1-drawer-2-door-18773,
oppein-ply-mnw-b36,OPPEIN,PLY-MNW-B36,Base Cabinet (1 Drawer + 2 Door),Natural Wood,Plywood,model_ready,914.4,762.0,606.425,/cabinet-inventory/models/oppein-ply-mnw-b36.glb,https://www.oppeincabinetry.ca/shop/ply-mnw-b36-base-cabinet-1-drawer-2-door-13984,
oppein-ply-ssw-b27,OPPEIN,PLY-SSW-B27,Base Cabinet (1 Drawer + 2 Door),White Slim Shaker,Plywood,model_ready,685.8,762.0,606.425,/cabinet-inventory/models/oppein-ply-ssw-b27.glb,https://www.oppeincabinetry.ca/shop/ply-ssw-b27-base-cabinet-1-drawer-2-door-12511,
oppein-pb-wss-b36,OPPEIN,PB-WSS-B36,Base Cabinet (1 Drawer + 2 Door),White Single Shaker,Particle board,model_ready,914.4,762.0,606.425,/cabinet-inventory/models/oppein-pb-wss-b36.glb,https://www.oppeincabinetry.ca/shop/pb-wss-b36-base-cabinet-1-drawer-2-door-17820,
oppein-pb-mso-b36,OPPEIN,PB-MSO-B36,Base Cabinet (1 Drawer + 2 Door),Smoked Oak,Particle board,model_ready,914.4,762.0,606.425,/cabinet-inventory/models/oppein-pb-mso-b36.glb,https://www.oppeincabinetry.ca/shop/pb-mso-b36-base-cabinet-1-drawer-2-door-18775,
oppein-pb-gss-b27,OPPEIN,PB-GSS-B27,Base Cabinet (1 Drawer + 2 Door),Gray Single Shaker,Particle board,model_ready,685.8,762.0,606.425,/cabinet-inventory/models/oppein-pb-gss-b27.glb,https://www.oppeincabinetry.ca/shop/pb-gss-b27-base-cabinet-1-drawer-2-door-17950,
oppein-pb-gss-b24,OPPEIN,PB-GSS-B24,Base Cabinet (1 Drawer + 2 Door),Gray Single Shaker,Particle board,model_ready,609.6,762.0,606.425,/cabinet-inventory/models/oppein-pb-gss-b24.glb,https://www.oppeincabinetry.ca/shop/pb-gss-b24-base-cabinet-1-drawer-2-door-17948,
oppein-ply-pgw-b36,OPPEIN,PLY-PGW-B36,Base Cabinet (1 Drawer + 2 Door),White High Gloss,Plywood,model_ready,914.4,762.0,606.425,/cabinet-inventory/models/oppein-ply-pgw-b36.glb,https://www.oppeincabinetry.ca/shop/ply-pgw-b36-base-cabinet-1-drawer-2-door-15441,
oppein-ply-pgw-b33,OPPEIN,PLY-PGW-B33,Base Cabinet (1 Drawer + 2 Door),White High Gloss,Plywood,model_ready,838.2,762.0,606.425,/cabinet-inventory/models/oppein-ply-pgw-b33.glb,https://www.oppeincabinetry.ca/shop/ply-pgw-b33-base-cabinet-1-drawer-2-door-15440,
oppein-ply-pgw-b42,OPPEIN,PLY-PGW-B42,Base Cabinet (1 Drawer + 2 Door),White High Gloss,Plywood,model_ready,1066.8,762.0,606.425,/cabinet-inventory/models/oppein-ply-pgw-b42.glb,https://www.oppeincabinetry.ca/shop/ply-pgw-b42-base-cabinet-1-drawer-2-door-16730,
oppein-ply-bss-b36,OPPEIN,PLY-BSS-B36,Base Cabinet (1 Drawer + 2 Door),Blue Single Shaker,Plywood,model_ready,914.4,762.0,606.425,/cabinet-inventory/models/oppein-ply-bss-b36.glb,https://www.oppeincabinetry.ca/shop/ply-bss-b36-base-cabinet-1-drawer-2-door-15686,
oppein-ply-bss-b33,OPPEIN,PLY-BSS-B33,Base Cabinet (1 Drawer + 2 Door),Blue Single Shaker,Plywood,model_ready,838.2,762.0,606.425,/cabinet-inventory/models/oppein-ply-bss-b33.glb,https://www.oppeincabinetry.ca/shop/ply-bss-b33-base-cabinet-1-drawer-2-door-15685,
oppein-ply-pgw-b30,OPPEIN,PLY-PGW-B30,Base Cabinet (1 Drawer + 2 Door),White High Gloss,Plywood,model_ready,762.0,762.0,606.425,/cabinet-inventory/models/oppein-ply-pgw-b30.glb,https://www.oppeincabinetry.ca/shop/ply-pgw-b30-base-cabinet-1-drawer-2-door-15411,
oppein-ply-gss-b24,OPPEIN,PLY-GSS-B24,Base Cabinet (1 Drawer + 2 Door),Gray Single Shaker,Plywood,model_ready,609.6,762.0,606.425,/cabinet-inventory/models/oppein-ply-gss-b24.glb,https://www.oppeincabinetry.ca/shop/ply-gss-b24-base-cabinet-1-drawer-2-door-12085,
oppein-ply-gss-b33,OPPEIN,PLY-GSS-B33,Base Cabinet (1 Drawer + 2 Door),Gray Single Shaker,Plywood,model_ready,838.2,762.0,606.425,/cabinet-inventory/models/oppein-ply-gss-b33.glb,https://www.oppeincabinetry.ca/shop/ply-gss-b33-base-cabinet-1-drawer-2-door-12087,
oppein-ply-wss-b30,OPPEIN,PLY-WSS-B30,Base Cabinet (1 Drawer + 2 Door),White Single Shaker,Plywood,model_ready,762.0,762.0,606.425,/cabinet-library/models/PLY-WSS-B30.glb,https://www.oppeincabinetry.ca/shop/ply-wss-b30-base-cabinet-1-drawer-2-door-11389,
oppein-pb-gss-b42,OPPEIN,PB-GSS-B42,Base Cabinet (1 Drawer + 2 Door),Gray Single Shaker,Particle board,model_ready,1066.8,762.0,606.425,/cabinet-inventory/models/oppein-pb-gss-b42.glb,https://www.oppeincabinetry.ca/shop/pb-gss-b42-base-cabinet-1-drawer-2-door-17958,
oppein-ply-bss-b30,OPPEIN,PLY-BSS-B30,Base Cabinet (1 Drawer + 2 Door),Blue Single Shaker,Plywood,model_ready,762.0,762.0,606.425,/cabinet-inventory/models/oppein-ply-bss-b30.glb,https://www.oppeincabinetry.ca/shop/ply-bss-b30-base-cabinet-1-drawer-2-door-15684,
oppein-ply-bss-b27,OPPEIN,PLY-BSS-B27,Base Cabinet (1 Drawer + 2 Door),Blue Single Shaker,Plywood,model_ready,685.8,762.0,606.425,/cabinet-inventory/models/oppein-ply-bss-b27.glb,https://www.oppeincabinetry.ca/shop/ply-bss-b27-base-cabinet-1-drawer-2-door-15683,
oppein-ply-bss-b24,OPPEIN,PLY-BSS-B24,Base Cabinet (1 Drawer + 2 Door),Blue Single Shaker,Plywood,model_ready,609.6,762.0,606.425,/cabinet-inventory/models/oppein-ply-bss-b24.glb,https://www.oppeincabinetry.ca/shop/ply-bss-b24-base-cabinet-1-drawer-2-door-15682,
oppein-ply-mso-b33,OPPEIN,PLY-MSO-B33,Base Cabinet (1 Drawer + 2 Door),Smoked Oak,Plywood,model_ready,838.2,762.0,606.425,/cabinet-inventory/models/oppein-ply-mso-b33.glb,https://www.oppeincabinetry.ca/shop/ply-mso-b33-base-cabinet-1-drawer-2-door-14704,
oppein-pb-bss-b24,OPPEIN,PB-BSS-B24,Base Cabinet (1 Drawer + 2 Door),Blue Single Shaker,Particle board,model_ready,609.6,762.0,606.425,/cabinet-inventory/models/oppein-pb-bss-b24.glb,https://www.oppeincabinetry.ca/shop/pb-bss-b24-base-cabinet-1-drawer-2-door-17676,
oppein-pb-mnw-b24,OPPEIN,PB-MNW-B24,Base Cabinet (1 Drawer + 2 Door),Natural Wood,Particle board,model_ready,609.6,762.0,606.425,/cabinet-inventory/models/oppein-pb-mnw-b24.glb,https://www.oppeincabinetry.ca/shop/pb-mnw-b24-base-cabinet-1-drawer-2-door-18631,
oppein-ply-wss-b24,OPPEIN,PLY-WSS-B24,Base Cabinet (1 Drawer + 2 Door),White Single Shaker,Plywood,model_ready,609.6,762.0,606.425,/cabinet-library/models/PLY-WSS-B24.glb,https://www.oppeincabinetry.ca/shop/ply-wss-b24-base-cabinet-1-drawer-2-door-11397,
oppein-pb-bss-b27,OPPEIN,PB-BSS-B27,Base Cabinet (1 Drawer + 2 Door),Blue Single Shaker,Particle board,model_ready,685.8,762.0,606.425,/cabinet-inventory/models/oppein-pb-bss-b27.glb,https://www.oppeincabinetry.ca/shop/pb-bss-b27-base-cabinet-1-drawer-2-door-17678,
oppein-ply-bss-b42,OPPEIN,PLY-BSS-B42,Base Cabinet (1 Drawer + 2 Door),Blue Single Shaker,Plywood,model_ready,1066.8,762.0,606.425,/cabinet-inventory/models/oppein-ply-bss-b42.glb,https://www.oppeincabinetry.ca/shop/ply-bss-b42-base-cabinet-1-drawer-2-door-16700,
oppein-pb-mnw-b27,OPPEIN,PB-MNW-B27,Base Cabinet (1 Drawer + 2 Door),Natural Wood,Particle board,model_ready,685.8,762.0,606.425,/cabinet-inventory/models/oppein-pb-mnw-b27.glb,https://www.oppeincabinetry.ca/shop/pb-mnw-b27-base-cabinet-1-drawer-2-door-18633,
oppein-pb-mnw-b30,OPPEIN,PB-MNW-B30,Base Cabinet (1 Drawer + 2 Door),Natural Wood,Particle board,model_ready,762.0,762.0,606.425,/cabinet-inventory/models/oppein-pb-mnw-b30.glb,https://www.oppeincabinetry.ca/shop/pb-mnw-b30-base-cabinet-1-drawer-2-door-18635,
oppein-pb-pgw-b42,OPPEIN,PB-PGW-B42,Base Cabinet (1 Drawer + 2 Door),White High Gloss,Particle board,model_ready,1066.8,762.0,606.425,/cabinet-inventory/models/oppein-pb-pgw-b42.glb,https://www.oppeincabinetry.ca/shop/pb-pgw-b42-base-cabinet-1-drawer-2-door-18094,
oppein-pb-bss-b33,OPPEIN,PB-BSS-B33,Base Cabinet (1 Drawer + 2 Door),Blue Single Shaker,Particle board,model_ready,838.2,762.0,606.425,/cabinet-inventory/models/oppein-pb-bss-b33.glb,https://www.oppeincabinetry.ca/shop/pb-bss-b33-base-cabinet-1-drawer-2-door-17682,
oppein-pb-pgw-b36,OPPEIN,PB-PGW-B36,Base Cabinet (1 Drawer + 2 Door),White High Gloss,Particle board,model_ready,914.4,762.0,606.425,/cabinet-inventory/models/oppein-pb-pgw-b36.glb,https://www.oppeincabinetry.ca/shop/pb-pgw-b36-base-cabinet-1-drawer-2-door-18092,
oppein-pb-mnw-b36,OPPEIN,PB-MNW-B36,Base Cabinet (1 Drawer + 2 Door),Natural Wood,Particle board,model_ready,914.4,762.0,606.425,/cabinet-inventory/models/oppein-pb-mnw-b36.glb,https://www.oppeincabinetry.ca/shop/pb-mnw-b36-base-cabinet-1-drawer-2-door-18639,
oppein-pb-pgw-b33,OPPEIN,PB-PGW-B33,Base Cabinet (1 Drawer + 2 Door),White High Gloss,Particle board,model_ready,838.2,762.0,606.425,/cabinet-inventory/models/oppein-pb-pgw-b33.glb,https://www.oppeincabinetry.ca/shop/pb-pgw-b33-base-cabinet-1-drawer-2-door-18090,
oppein-ply-wss-b27,OPPEIN,PLY-WSS-B27,Base Cabinet (1 Drawer + 2 Door),White Single Shaker,Plywood,model_ready,685.8,762.0,606.425,/cabinet-library/models/PLY-WSS-B27.glb,https://www.oppeincabinetry.ca/shop/ply-wss-b27-base-cabinet-1-drawer-2-door-11407,
oppein-ply-mso-b06fh,OPPEIN,PLY-MSO-B06FH,Base Cabinet (Full Height),Smoked Oak,Plywood,model_ready,152.4,762.0,606.425,/cabinet-inventory/models/oppein-ply-mso-b06fh.glb,https://www.oppeincabinetry.ca/shop/ply-mso-b06fh-base-cabinet-full-height-14658,
oppein-pb-mnw-b12fh,OPPEIN,PB-MNW-B12FH,Base Cabinet (Full Height),Natural Wood,Particle board,model_ready,304.8,762.0,606.425,/cabinet-inventory/models/oppein-pb-mnw-b12fh.glb,https://www.oppeincabinetry.ca/shop/pb-mnw-b12fh-base-cabinet-full-height-18624,
oppein-pb-mnw-b09fh,OPPEIN,PB-MNW-B09FH,Base Cabinet (Full Height),Natural Wood,Particle board,model_ready,228.6,762.0,606.425,/cabinet-inventory/models/oppein-pb-mnw-b09fh.glb,https://www.oppeincabinetry.ca/shop/pb-mnw-b09fh-base-cabinet-full-height-18622,
oppein-pb-mnw-b06fh,OPPEIN,PB-MNW-B06FH,Base Cabinet (Full Height),Natural Wood,Particle board,model_ready,152.4,762.0,606.425,/cabinet-inventory/models/oppein-pb-mnw-b06fh.glb,https://www.oppeincabinetry.ca/shop/pb-mnw-b06fh-base-cabinet-full-height-18621,
oppein-pb-mnw-b36fh,OPPEIN,PB-MNW-B36FH,Base Cabinet (Full Height),Natural Wood,Particle board,model_ready,914.4,762.0,606.425,/cabinet-inventory/models/oppein-pb-mnw-b36fh.glb,https://www.oppeincabinetry.ca/shop/pb-mnw-b36fh-base-cabinet-full-height-18640,
oppein-pb-mnw-b33fh,OPPEIN,PB-MNW-B33FH,Base Cabinet (Full Height),Natural Wood,Particle board,model_ready,838.2,762.0,606.425,/cabinet-inventory/models/oppein-pb-mnw-b33fh.glb,https://www.oppeincabinetry.ca/shop/pb-mnw-b33fh-base-cabinet-full-height-18638,
oppein-pb-mnw-b30fh,OPPEIN,PB-MNW-B30FH,Base Cabinet (Full Height),Natural Wood,Particle board,model_ready,762.0,762.0,606.425,/cabinet-inventory/models/oppein-pb-mnw-b30fh.glb,https://www.oppeincabinetry.ca/shop/pb-mnw-b30fh-base-cabinet-full-height-18636,
oppein-pb-gss-b24fh,OPPEIN,PB-GSS-B24FH,Base Cabinet (Full Height),Gray Single Shaker,Particle board,model_ready,609.6,762.0,606.425,/cabinet-inventory/models/oppein-pb-gss-b24fh.glb,https://www.oppeincabinetry.ca/shop/pb-gss-b24fh-base-cabinet-full-height-17949,
oppein-pb-gss-b21fh,OPPEIN,PB-GSS-B21FH,Base Cabinet (Full Height),Gray Single Shaker,Particle board,model_ready,533.4,762.0,606.425,/cabinet-inventory/models/oppein-pb-gss-b21fh.glb,https://www.oppeincabinetry.ca/shop/pb-gss-b21fh-base-cabinet-full-height-17947,
oppein-pb-gss-b18fh,OPPEIN,PB-GSS-B18FH,Base Cabinet (Full Height),Gray Single Shaker,Particle board,model_ready,457.2,762.0,606.425,/cabinet-inventory/models/oppein-pb-gss-b18fh.glb,https://www.oppeincabinetry.ca/shop/pb-gss-b18fh-base-cabinet-full-height-17945,
oppein-pb-gss-b15fh,OPPEIN,PB-GSS-B15FH,Base Cabinet (Full Height),Gray Single Shaker,Particle board,model_ready,381.0,762.0,606.425,/cabinet-inventory/models/oppein-pb-gss-b15fh.glb,https://www.oppeincabinetry.ca/shop/pb-gss-b15fh-base-cabinet-full-height-17943,
oppein-pb-gss-b12fh,OPPEIN,PB-GSS-B12FH,Base Cabinet (Full Height),Gray Single Shaker,Particle board,model_ready,304.8,762.0,606.425,/cabinet-inventory/models/oppein-pb-gss-b12fh.glb,https://www.oppeincabinetry.ca/shop/pb-gss-b12fh-base-cabinet-full-height-17941,
oppein-pb-gss-b33fh,OPPEIN,PB-GSS-B33FH,Base Cabinet (Full Height),Gray Single Shaker,Particle board,model_ready,838.2,762.0,606.425,/cabinet-inventory/models/oppein-pb-gss-b33fh.glb,https://www.oppeincabinetry.ca/shop/pb-gss-b33fh-base-cabinet-full-height-17955,
oppein-pb-gss-b30fh,OPPEIN,PB-GSS-B30FH,Base Cabinet (Full Height),Gray Single Shaker,Particle board,model_ready,762.0,762.0,606.425,/cabinet-inventory/models/oppein-pb-gss-b30fh.glb,https://www.oppeincabinetry.ca/shop/pb-gss-b30fh-base-cabinet-full-height-17953,
oppein-pb-bss-b27fh,OPPEIN,PB-BSS-B27FH,Base Cabinet (Full Height),Blue Single Shaker,Particle board,model_ready,685.8,762.0,606.425,/cabinet-inventory/models/oppein-pb-bss-b27fh.glb,https://www.oppeincabinetry.ca/shop/pb-bss-b27fh-base-cabinet-full-height-17679,
oppein-pb-bss-b24fh,OPPEIN,PB-BSS-B24FH,Base Cabinet (Full Height),Blue Single Shaker,Particle board,model_ready,609.6,762.0,606.425,/cabinet-inventory/models/oppein-pb-bss-b24fh.glb,https://www.oppeincabinetry.ca/shop/pb-bss-b24fh-base-cabinet-full-height-17677,
oppein-pb-bss-b21fh,OPPEIN,PB-BSS-B21FH,Base Cabinet (Full Height),Blue Single Shaker,Particle board,model_ready,533.4,762.0,606.425,/cabinet-inventory/models/oppein-pb-bss-b21fh.glb,https://www.oppeincabinetry.ca/shop/pb-bss-b21fh-base-cabinet-full-height-17675,
oppein-pb-bss-b18fh,OPPEIN,PB-BSS-B18FH,Base Cabinet (Full Height),Blue Single Shaker,Particle board,model_ready,457.2,762.0,606.425,/cabinet-inventory/models/oppein-pb-bss-b18fh.glb,https://www.oppeincabinetry.ca/shop/pb-bss-b18fh-base-cabinet-full-height-17673,
oppein-pb-bss-b30fh,OPPEIN,PB-BSS-B30FH,Base Cabinet (Full Height),Blue Single Shaker,Particle board,model_ready,762.0,762.0,606.425,/cabinet-inventory/models/oppein-pb-bss-b30fh.glb,https://www.oppeincabinetry.ca/shop/pb-bss-b30fh-base-cabinet-full-height-17681,
oppein-pb-ssw-b27fh,OPPEIN,PB-SSW-B27FH,Base Cabinet (Full Height),White Slim Shaker,Particle board,model_ready,685.8,762.0,606.425,/cabinet-inventory/models/oppein-pb-ssw-b27fh.glb,https://www.oppeincabinetry.ca/shop/pb-ssw-b27fh-base-cabinet-full-height-18906,
oppein-pb-ssw-b24fh,OPPEIN,PB-SSW-B24FH,Base Cabinet (Full Height),White Slim Shaker,Particle board,model_ready,609.6,762.0,606.425,/cabinet-inventory/models/oppein-pb-ssw-b24fh.glb,https://www.oppeincabinetry.ca/shop/pb-ssw-b24fh-base-cabinet-full-height-18904,
oppein-pb-ssw-b36fh,OPPEIN,PB-SSW-B36FH,Base Cabinet (Full Height),White Slim Shaker,Particle board,model_ready,914.4,762.0,606.425,/cabinet-inventory/models/oppein-pb-ssw-b36fh.glb,https://www.oppeincabinetry.ca/shop/pb-ssw-b36fh-base-cabinet-full-height-18912,
oppein-pb-ssw-b33fh,OPPEIN,PB-SSW-B33FH,Base Cabinet (Full Height),White Slim Shaker,Particle board,model_ready,838.2,762.0,606.425,/cabinet-inventory/models/oppein-pb-ssw-b33fh.glb,https://www.oppeincabinetry.ca/shop/pb-ssw-b33fh-base-cabinet-full-height-18910,
oppein-pb-ssw-b30fh,OPPEIN,PB-SSW-B30FH,Base Cabinet (Full Height),White Slim Shaker,Particle board,model_ready,762.0,762.0,606.425,/cabinet-inventory/models/oppein-pb-ssw-b30fh.glb,https://www.oppeincabinetry.ca/shop/pb-ssw-b30fh-base-cabinet-full-height-18908,
oppein-pb-ssw-b21fh,OPPEIN,PB-SSW-B21FH,Base Cabinet (Full Height),White Slim Shaker,Particle board,model_ready,533.4,762.0,606.425,/cabinet-inventory/models/oppein-pb-ssw-b21fh.glb,https://www.oppeincabinetry.ca/shop/pb-ssw-b21fh-base-cabinet-full-height-18902,
oppein-pb-ssw-b18fh,OPPEIN,PB-SSW-B18FH,Base Cabinet (Full Height),White Slim Shaker,Particle board,model_ready,457.2,762.0,606.425,/cabinet-inventory/models/oppein-pb-ssw-b18fh.glb,https://www.oppeincabinetry.ca/shop/pb-ssw-b18fh-base-cabinet-full-height-18900,
oppein-pb-ssw-b15fh,OPPEIN,PB-SSW-B15FH,Base Cabinet (Full Height),White Slim Shaker,Particle board,model_ready,381.0,762.0,606.425,/cabinet-inventory/models/oppein-pb-ssw-b15fh.glb,https://www.oppeincabinetry.ca/shop/pb-ssw-b15fh-base-cabinet-full-height-18898,
oppein-pb-ssw-b12fh,OPPEIN,PB-SSW-B12FH,Base Cabinet (Full Height),White Slim Shaker,Particle board,model_ready,304.8,762.0,606.425,/cabinet-inventory/models/oppein-pb-ssw-b12fh.glb,https://www.oppeincabinetry.ca/shop/pb-ssw-b12fh-base-cabinet-full-height-18896,
oppein-pb-ssw-b09fh,OPPEIN,PB-SSW-B09FH,Base Cabinet (Full Height),White Slim Shaker,Particle board,model_ready,228.6,762.0,606.425,/cabinet-inventory/models/oppein-pb-ssw-b09fh.glb,https://www.oppeincabinetry.ca/shop/pb-ssw-b09fh-base-cabinet-full-height-18894,
oppein-pb-ssw-b06fh,OPPEIN,PB-SSW-B06FH,Base Cabinet (Full Height),White Slim Shaker,Particle board,model_ready,152.4,762.0,606.425,/cabinet-inventory/models/oppein-pb-ssw-b06fh.glb,https://www.oppeincabinetry.ca/shop/pb-ssw-b06fh-base-cabinet-full-height-18893,
oppein-pb-mso-b36fh,OPPEIN,PB-MSO-B36FH,Base Cabinet (Full Height),Smoked Oak,Particle board,model_ready,914.4,762.0,606.425,/cabinet-inventory/models/oppein-pb-mso-b36fh.glb,https://www.oppeincabinetry.ca/shop/pb-mso-b36fh-base-cabinet-full-height-18776,
oppein-pb-mso-b33fh,OPPEIN,PB-MSO-B33FH,Base Cabinet (Full Height),Smoked Oak,Particle board,model_ready,838.2,762.0,606.425,/cabinet-inventory/models/oppein-pb-mso-b33fh.glb,https://www.oppeincabinetry.ca/shop/pb-mso-b33fh-base-cabinet-full-height-18774,
oppein-pb-mso-b30fh,OPPEIN,PB-MSO-B30FH,Base Cabinet (Full Height),Smoked Oak,Particle board,model_ready,762.0,762.0,606.425,/cabinet-inventory/models/oppein-pb-mso-b30fh.glb,https://www.oppeincabinetry.ca/shop/pb-mso-b30fh-base-cabinet-full-height-18772,
oppein-pb-mso-b27fh,OPPEIN,PB-MSO-B27FH,Base Cabinet (Full Height),Smoked Oak,Particle board,model_ready,685.8,762.0,606.425,/cabinet-inventory/models/oppein-pb-mso-b27fh.glb,https://www.oppeincabinetry.ca/shop/pb-mso-b27fh-base-cabinet-full-height-18770,
oppein-pb-mso-b24fh,OPPEIN,PB-MSO-B24FH,Base Cabinet (Full Height),Smoked Oak,Particle board,model_ready,609.6,762.0,606.425,/cabinet-inventory/models/oppein-pb-mso-b24fh.glb,https://www.oppeincabinetry.ca/shop/pb-mso-b24fh-base-cabinet-full-height-18768,
oppein-pb-mso-b21fh,OPPEIN,PB-MSO-B21FH,Base Cabinet (Full Height),Smoked Oak,Particle board,model_ready,533.4,762.0,606.425,/cabinet-inventory/models/oppein-pb-mso-b21fh.glb,https://www.oppeincabinetry.ca/shop/pb-mso-b21fh-base-cabinet-full-height-18766,
oppein-pb-mso-b18fh,OPPEIN,PB-MSO-B18FH,Base Cabinet (Full Height),Smoked Oak,Particle board,model_ready,457.2,762.0,606.425,/cabinet-inventory/models/oppein-pb-mso-b18fh.glb,https://www.oppeincabinetry.ca/shop/pb-mso-b18fh-base-cabinet-full-height-18764,
oppein-pb-mso-b15fh,OPPEIN,PB-MSO-B15FH,Base Cabinet (Full Height),Smoked Oak,Particle board,model_ready,381.0,762.0,606.425,/cabinet-inventory/models/oppein-pb-mso-b15fh.glb,https://www.oppeincabinetry.ca/shop/pb-mso-b15fh-base-cabinet-full-height-18762,
oppein-pb-mso-b12fh,OPPEIN,PB-MSO-B12FH,Base Cabinet (Full Height),Smoked Oak,Particle board,model_ready,304.8,762.0,606.425,/cabinet-inventory/models/oppein-pb-mso-b12fh.glb,https://www.oppeincabinetry.ca/shop/pb-mso-b12fh-base-cabinet-full-height-18760,
oppein-pb-mso-b09fh,OPPEIN,PB-MSO-B09FH,Base Cabinet (Full Height),Smoked Oak,Particle board,model_ready,228.6,762.0,606.425,/cabinet-inventory/models/oppein-pb-mso-b09fh.glb,https://www.oppeincabinetry.ca/shop/pb-mso-b09fh-base-cabinet-full-height-18758,
oppein-pb-mso-b06fh,OPPEIN,PB-MSO-B06FH,Base Cabinet (Full Height),Smoked Oak,Particle board,model_ready,152.4,762.0,606.425,/cabinet-inventory/models/oppein-pb-mso-b06fh.glb,https://www.oppeincabinetry.ca/shop/pb-mso-b06fh-base-cabinet-full-height-18757,
oppein-pb-wss-b27fh,OPPEIN,PB-WSS-B27FH,Base Cabinet (Full Height),White Single Shaker,Particle board,model_ready,685.8,762.0,606.425,/cabinet-inventory/models/oppein-pb-wss-b27fh.glb,https://www.oppeincabinetry.ca/shop/pb-wss-b27fh-base-cabinet-full-height-17815,
oppein-pb-wss-b24fh,OPPEIN,PB-WSS-B24FH,Base Cabinet (Full Height),White Single Shaker,Particle board,model_ready,609.6,762.0,606.425,/cabinet-inventory/models/oppein-pb-wss-b24fh.glb,https://www.oppeincabinetry.ca/shop/pb-wss-b24fh-base-cabinet-full-height-17813,
oppein-pb-mnw-b27fh,OPPEIN,PB-MNW-B27FH,Base Cabinet (Full Height),Natural Wood,Particle board,model_ready,685.8,762.0,606.425,/cabinet-inventory/models/oppein-pb-mnw-b27fh.glb,https://www.oppeincabinetry.ca/shop/pb-mnw-b27fh-base-cabinet-full-height-18634,
oppein-pb-mnw-b24fh,OPPEIN,PB-MNW-B24FH,Base Cabinet (Full Height),Natural Wood,Particle board,model_ready,609.6,762.0,606.425,/cabinet-inventory/models/oppein-pb-mnw-b24fh.glb,https://www.oppeincabinetry.ca/shop/pb-mnw-b24fh-base-cabinet-full-height-18632,
oppein-pb-mnw-b21fh,OPPEIN,PB-MNW-B21FH,Base Cabinet (Full Height),Natural Wood,Particle board,model_ready,533.4,762.0,606.425,/cabinet-inventory/models/oppein-pb-mnw-b21fh.glb,https://www.oppeincabinetry.ca/shop/pb-mnw-b21fh-base-cabinet-full-height-18630,
oppein-pb-mnw-b18fh,OPPEIN,PB-MNW-B18FH,Base Cabinet (Full Height),Natural Wood,Particle board,model_ready,457.2,762.0,606.425,/cabinet-inventory/models/oppein-pb-mnw-b18fh.glb,https://www.oppeincabinetry.ca/shop/pb-mnw-b18fh-base-cabinet-full-height-18628,
oppein-pb-mnw-b15fh,OPPEIN,PB-MNW-B15FH,Base Cabinet (Full Height),Natural Wood,Particle board,model_ready,381.0,762.0,606.425,/cabinet-inventory/models/oppein-pb-mnw-b15fh.glb,https://www.oppeincabinetry.ca/shop/pb-mnw-b15fh-base-cabinet-full-height-18626,
oppein-ply-wss-b06fh,OPPEIN,PLY-WSS-B06FH,Base Cabinet (Full Height),White Single Shaker,Plywood,model_ready,152.4,762.0,606.425,/cabinet-library/models/PLY-WSS-B06FH.glb,https://www.oppeincabinetry.ca/shop/ply-wss-b06fh-base-cabinet-full-height-11366,
oppein-ply-wss-b09fh,OPPEIN,PLY-WSS-B09FH,Base Cabinet (Full Height),White Single Shaker,Plywood,model_ready,228.6,762.0,606.425,/cabinet-library/models/PLY-WSS-B09FH.glb,https://www.oppeincabinetry.ca/shop/ply-wss-b09fh-base-cabinet-full-height-11385,
oppein-pb-pgw-b36fh,OPPEIN,PB-PGW-B36FH,Base Cabinet (Full Height),White High Gloss,Particle board,model_ready,914.4,762.0,606.425,/cabinet-inventory/models/oppein-pb-pgw-b36fh.glb,https://www.oppeincabinetry.ca/shop/pb-pgw-b36fh-base-cabinet-full-height-18093,
oppein-pb-pgw-b33fh,OPPEIN,PB-PGW-B33FH,Base Cabinet (Full Height),White High Gloss,Particle board,model_ready,838.2,762.0,606.425,/cabinet-inventory/models/oppein-pb-pgw-b33fh.glb,https://www.oppeincabinetry.ca/shop/pb-pgw-b33fh-base-cabinet-full-height-18091,
oppein-pb-pgw-b30fh,OPPEIN,PB-PGW-B30FH,Base Cabinet (Full Height),White High Gloss,Particle board,model_ready,762.0,762.0,606.425,/cabinet-inventory/models/oppein-pb-pgw-b30fh.glb,https://www.oppeincabinetry.ca/shop/pb-pgw-b30fh-base-cabinet-full-height-18089,
oppein-ply-gss-b06fh,OPPEIN,PLY-GSS-B06FH,Base Cabinet (Full Height),Gray Single Shaker,Plywood,model_ready,152.4,762.0,606.425,/cabinet-inventory/models/oppein-ply-gss-b06fh.glb,https://www.oppeincabinetry.ca/shop/ply-gss-b06fh-base-cabinet-full-height-12093,
oppein-ply-gss-b09fh,OPPEIN,PLY-GSS-B09FH,Base Cabinet (Full Height),Gray Single Shaker,Plywood,model_ready,228.6,762.0,606.425,/cabinet-inventory/models/oppein-ply-gss-b09fh.glb,https://www.oppeincabinetry.ca/shop/ply-gss-b09fh-base-cabinet-full-height-12094,
oppein-pb-pgw-b27fh,OPPEIN,PB-PGW-B27FH,Base Cabinet (Full Height),White High Gloss,Particle board,model_ready,685.8,762.0,606.425,/cabinet-inventory/models/oppein-pb-pgw-b27fh.glb,https://www.oppeincabinetry.ca/shop/pb-pgw-b27fh-base-cabinet-full-height-18087,
oppein-pb-pgw-b24fh,OPPEIN,PB-PGW-B24FH,Base Cabinet (Full Height),White High Gloss,Particle board,model_ready,609.6,762.0,606.425,/cabinet-inventory/models/oppein-pb-pgw-b24fh.glb,https://www.oppeincabinetry.ca/shop/pb-pgw-b24fh-base-cabinet-full-height-18085,
oppein-pb-pgw-b21fh,OPPEIN,PB-PGW-B21FH,Base Cabinet (Full Height),White High Gloss,Particle board,model_ready,533.4,762.0,606.425,/cabinet-inventory/models/oppein-pb-pgw-b21fh.glb,https://www.oppeincabinetry.ca/shop/pb-pgw-b21fh-base-cabinet-full-height-18083,
oppein-pb-pgw-b18fh,OPPEIN,PB-PGW-B18FH,Base Cabinet (Full Height),White High Gloss,Particle board,model_ready,457.2,762.0,606.425,/cabinet-inventory/models/oppein-pb-pgw-b18fh.glb,https://www.oppeincabinetry.ca/shop/pb-pgw-b18fh-base-cabinet-full-height-18081,
oppein-pb-pgw-b15fh,OPPEIN,PB-PGW-B15FH,Base Cabinet (Full Height),White High Gloss,Particle board,model_ready,381.0,762.0,606.425,/cabinet-inventory/models/oppein-pb-pgw-b15fh.glb,https://www.oppeincabinetry.ca/shop/pb-pgw-b15fh-base-cabinet-full-height-18079,
oppein-pb-pgw-b12fh,OPPEIN,PB-PGW-B12FH,Base Cabinet (Full Height),White High Gloss,Particle board,model_ready,304.8,762.0,606.425,/cabinet-inventory/models/oppein-pb-pgw-b12fh.glb,https://www.oppeincabinetry.ca/shop/pb-pgw-b12fh-base-cabinet-full-height-18077,
oppein-pb-pgw-b09fh,OPPEIN,PB-PGW-B09FH,Base Cabinet (Full Height),White High Gloss,Particle board,model_ready,228.6,762.0,606.425,/cabinet-inventory/models/oppein-pb-pgw-b09fh.glb,https://www.oppeincabinetry.ca/shop/pb-pgw-b09fh-base-cabinet-full-height-18075,
oppein-pb-pgw-b06fh,OPPEIN,PB-PGW-B06FH,Base Cabinet (Full Height),White High Gloss,Particle board,model_ready,152.4,762.0,606.425,/cabinet-inventory/models/oppein-pb-pgw-b06fh.glb,https://www.oppeincabinetry.ca/shop/pb-pgw-b06fh-base-cabinet-full-height-18074,
oppein-pb-wss-b33fh,OPPEIN,PB-WSS-B33FH,Base Cabinet (Full Height),White Single Shaker,Particle board,model_ready,838.2,762.0,606.425,/cabinet-inventory/models/oppein-pb-wss-b33fh.glb,https://www.oppeincabinetry.ca/shop/pb-wss-b33fh-base-cabinet-full-height-17819,
oppein-pb-wss-b30fh,OPPEIN,PB-WSS-B30FH,Base Cabinet (Full Height),White Single Shaker,Particle board,model_ready,762.0,762.0,606.425,/cabinet-inventory/models/oppein-pb-wss-b30fh.glb,https://www.oppeincabinetry.ca/shop/pb-wss-b30fh-base-cabinet-full-height-17817,
oppein-pb-gss-b36fh,OPPEIN,PB-GSS-B36FH,Base Cabinet (Full Height),Gray Single Shaker,Particle board,model_ready,914.4,762.0,606.425,/cabinet-inventory/models/oppein-pb-gss-b36fh.glb,https://www.oppeincabinetry.ca/shop/pb-gss-b36fh-base-cabinet-full-height-17957,
oppein-pb-gss-b27fh,OPPEIN,PB-GSS-B27FH,Base Cabinet (Full Height),Gray Single Shaker,Particle board,model_ready,685.8,762.0,606.425,/cabinet-inventory/models/oppein-pb-gss-b27fh.glb,https://www.oppeincabinetry.ca/shop/pb-gss-b27fh-base-cabinet-full-height-17951,
oppein-pb-gss-b09fh,OPPEIN,PB-GSS-B09FH,Base Cabinet (Full Height),Gray Single Shaker,Particle board,model_ready,228.6,762.0,606.425,/cabinet-inventory/models/oppein-pb-gss-b09fh.glb,https://www.oppeincabinetry.ca/shop/pb-gss-b09fh-base-cabinet-full-height-17939,
oppein-pb-gss-b06fh,OPPEIN,PB-GSS-B06FH,Base Cabinet (Full Height),Gray Single Shaker,Particle board,model_ready,152.4,762.0,606.425,/cabinet-inventory/models/oppein-pb-gss-b06fh.glb,https://www.oppeincabinetry.ca/shop/pb-gss-b06fh-base-cabinet-full-height-17938,
oppein-pb-wss-b36fh,OPPEIN,PB-WSS-B36FH,Base Cabinet (Full Height),White Single Shaker,Particle board,model_ready,914.4,762.0,606.425,/cabinet-inventory/models/oppein-pb-wss-b36fh.glb,https://www.oppeincabinetry.ca/shop/pb-wss-b36fh-base-cabinet-full-height-17821,
oppein-pb-wss-b21fh,OPPEIN,PB-WSS-B21FH,Base Cabinet (Full Height),White Single Shaker,Particle board,model_ready,533.4,762.0,606.425,/cabinet-inventory/models/oppein-pb-wss-b21fh.glb,https://www.oppeincabinetry.ca/shop/pb-wss-b21fh-base-cabinet-full-height-17811,
oppein-pb-wss-b18fh,OPPEIN,PB-WSS-B18FH,Base Cabinet (Full Height),White Single Shaker,Particle board,model_ready,457.2,762.0,606.425,/cabinet-inventory/models/oppein-pb-wss-b18fh.glb,https://www.oppeincabinetry.ca/shop/pb-wss-b18fh-base-cabinet-full-height-17809,
oppein-pb-wss-b15fh,OPPEIN,PB-WSS-B15FH,Base Cabinet (Full Height),White Single Shaker,Particle board,model_ready,381.0,762.0,606.425,/cabinet-inventory/models/oppein-pb-wss-b15fh.glb,https://www.oppeincabinetry.ca/shop/pb-wss-b15fh-base-cabinet-full-height-17807,
oppein-pb-wss-b12fh,OPPEIN,PB-WSS-B12FH,Base Cabinet (Full Height),White Single Shaker,Particle board,model_ready,304.8,762.0,606.425,/cabinet-inventory/models/oppein-pb-wss-b12fh.glb,https://www.oppeincabinetry.ca/shop/pb-wss-b12fh-base-cabinet-full-height-17805,
oppein-pb-wss-b09fh,OPPEIN,PB-WSS-B09FH,Base Cabinet (Full Height),White Single Shaker,Particle board,model_ready,228.6,762.0,606.425,/cabinet-inventory/models/oppein-pb-wss-b09fh.glb,https://www.oppeincabinetry.ca/shop/pb-wss-b09fh-base-cabinet-full-height-17803,
oppein-ply-ssw-b06fh,OPPEIN,PLY-SSW-B06FH,Base Cabinet (Full Height),White Slim Shaker,Plywood,model_ready,152.4,762.0,606.425,/cabinet-inventory/models/oppein-ply-ssw-b06fh.glb,https://www.oppeincabinetry.ca/shop/ply-ssw-b06fh-base-cabinet-full-height-12475,
oppein-pb-wss-b06fh,OPPEIN,PB-WSS-B06FH,Base Cabinet (Full Height),White Single Shaker,Particle board,model_ready,152.4,762.0,606.425,/cabinet-inventory/models/oppein-pb-wss-b06fh.glb,https://www.oppeincabinetry.ca/shop/pb-wss-b06fh-base-cabinet-full-height-17802,
oppein-ply-ssw-b09fh,OPPEIN,PLY-SSW-B09FH,Base Cabinet (Full Height),White Slim Shaker,Plywood,model_ready,228.6,762.0,606.425,/cabinet-inventory/models/oppein-ply-ssw-b09fh.glb,https://www.oppeincabinetry.ca/shop/ply-ssw-b09fh-base-cabinet-full-height-12489,
oppein-pb-bss-b36fh,OPPEIN,PB-BSS-B36FH,Base Cabinet (Full Height),Blue Single Shaker,Particle board,model_ready,914.4,762.0,606.425,/cabinet-inventory/models/oppein-pb-bss-b36fh.glb,https://www.oppeincabinetry.ca/shop/pb-bss-b36fh-base-cabinet-full-height-17685,
oppein-pb-bss-b33fh,OPPEIN,PB-BSS-B33FH,Base Cabinet (Full Height),Blue Single Shaker,Particle board,model_ready,838.2,762.0,606.425,/cabinet-inventory/models/oppein-pb-bss-b33fh.glb,https://www.oppeincabinetry.ca/shop/pb-bss-b33fh-base-cabinet-full-height-17683,
oppein-pb-bss-b15fh,OPPEIN,PB-BSS-B15FH,Base Cabinet (Full Height),Blue Single Shaker,Particle board,model_ready,381.0,762.0,606.425,/cabinet-inventory/models/oppein-pb-bss-b15fh.glb,https://www.oppeincabinetry.ca/shop/pb-bss-b15fh-base-cabinet-full-height-17671,
oppein-pb-bss-b12fh,OPPEIN,PB-BSS-B12FH,Base Cabinet (Full Height),Blue Single Shaker,Particle board,model_ready,304.8,762.0,606.425,/cabinet-inventory/models/oppein-pb-bss-b12fh.glb,https://www.oppeincabinetry.ca/shop/pb-bss-b12fh-base-cabinet-full-height-17669,
oppein-pb-bss-b09fh,OPPEIN,PB-BSS-B09FH,Base Cabinet (Full Height),Blue Single Shaker,Particle board,model_ready,228.6,762.0,606.425,/cabinet-inventory/models/oppein-pb-bss-b09fh.glb,https://www.oppeincabinetry.ca/shop/pb-bss-b09fh-base-cabinet-full-height-17667,
oppein-pb-bss-b06fh,OPPEIN,PB-BSS-B06FH,Base Cabinet (Full Height),Blue Single Shaker,Particle board,model_ready,152.4,762.0,606.425,/cabinet-inventory/models/oppein-pb-bss-b06fh.glb,https://www.oppeincabinetry.ca/shop/pb-bss-b06fh-base-cabinet-full-height-17666,
oppein-ply-bss-b09fh,OPPEIN,PLY-BSS-B09FH,Base Cabinet (Full Height),Blue Single Shaker,Plywood,model_ready,228.6,762.0,606.425,/cabinet-inventory/models/oppein-ply-bss-b09fh.glb,https://www.oppeincabinetry.ca/shop/ply-bss-b09fh-base-cabinet-full-height-15677,
oppein-ply-bss-b06fh,OPPEIN,PLY-BSS-B06FH,Base Cabinet (Full Height),Blue Single Shaker,Plywood,model_ready,152.4,762.0,606.425,/cabinet-inventory/models/oppein-ply-bss-b06fh.glb,https://www.oppeincabinetry.ca/shop/ply-bss-b06fh-base-cabinet-full-height-15676,
oppein-ply-mnw-b06fh,OPPEIN,PLY-MNW-B06FH,Base Cabinet (Full Height),Natural Wood,Plywood,model_ready,152.4,762.0,606.425,/cabinet-inventory/models/oppein-ply-mnw-b06fh.glb,https://www.oppeincabinetry.ca/shop/ply-mnw-b06fh-base-cabinet-full-height-13936,
oppein-ply-mnw-b09fh,OPPEIN,PLY-MNW-B09FH,Base Cabinet (Full Height),Natural Wood,Plywood,model_ready,228.6,762.0,606.425,/cabinet-inventory/models/oppein-ply-mnw-b09fh.glb,https://www.oppeincabinetry.ca/shop/ply-mnw-b09fh-base-cabinet-full-height-13950,
oppein-ply-pgw-b09fh,OPPEIN,PLY-PGW-B09FH,Base Cabinet (Full Height),White High Gloss,Plywood,model_ready,228.6,762.0,606.425,/cabinet-inventory/models/oppein-ply-pgw-b09fh.glb,https://www.oppeincabinetry.ca/shop/ply-pgw-b09fh-base-cabinet-full-height-15407,
oppein-ply-pgw-b06fh,OPPEIN,PLY-PGW-B06FH,Base Cabinet (Full Height),White High Gloss,Plywood,model_ready,152.4,762.0,606.425,/cabinet-inventory/models/oppein-ply-pgw-b06fh.glb,https://www.oppeincabinetry.ca/shop/ply-pgw-b06fh-base-cabinet-full-height-15393,
oppein-ply-mso-b09fh,OPPEIN,PLY-MSO-B09FH,Base Cabinet (Full Height),Smoked Oak,Plywood,model_ready,228.6,762.0,606.425,/cabinet-inventory/models/oppein-ply-mso-b09fh.glb,https://www.oppeincabinetry.ca/shop/ply-mso-b09fh-base-cabinet-full-height-14672,
oppein-pb-wss-ber36,OPPEIN,PB-WSS-BER36,Base Easy Reach,White Single Shaker,Particle board,specification_review,914.4,762.0,606.425,,https://www.oppeincabinetry.ca/shop/pb-wss-ber36-base-easy-reach-17826,Detailed profile/footprint or accessory specification needed for modeling
oppein-pb-ssw-ber36,OPPEIN,PB-SSW-BER36,Base Easy Reach,White Slim Shaker,Particle board,specification_review,914.4,762.0,606.425,,https://www.oppeincabinetry.ca/shop/pb-ssw-ber36-base-easy-reach-18917,Detailed profile/footprint or accessory specification needed for modeling
oppein-pb-mnw-ber36,OPPEIN,PB-MNW-BER36,Base Easy Reach,Natural Wood,Particle board,specification_review,914.4,762.0,606.425,,https://www.oppeincabinetry.ca/shop/pb-mnw-ber36-base-easy-reach-18645,Detailed profile/footprint or accessory specification needed for modeling
oppein-pb-pgw-ber33,OPPEIN,PB-PGW-BER33,Base Easy Reach,White High Gloss,Particle board,specification_review,838.2,762.0,606.425,,https://www.oppeincabinetry.ca/shop/pb-pgw-ber33-base-easy-reach-18097,Detailed profile/footprint or accessory specification needed for modeling
oppein-pb-pgw-ber36,OPPEIN,PB-PGW-BER36,Base Easy Reach,White High Gloss,Particle board,specification_review,914.4,762.0,606.425,,https://www.oppeincabinetry.ca/shop/pb-pgw-ber36-base-easy-reach-18098,Detailed profile/footprint or accessory specification needed for modeling
oppein-pb-mnw-ber33,OPPEIN,PB-MNW-BER33,Base Easy Reach,Natural Wood,Particle board,specification_review,838.2,762.0,606.425,,https://www.oppeincabinetry.ca/shop/pb-mnw-ber33-base-easy-reach-18644,Detailed profile/footprint or accessory specification needed for modeling
oppein-ply-pgw-ber33,OPPEIN,PLY-PGW-BER33,Base Easy Reach,White High Gloss,Plywood,specification_review,838.2,762.0,606.425,,https://www.oppeincabinetry.ca/shop/ply-pgw-ber33-base-easy-reach-15444,Detailed profile/footprint or accessory specification needed for modeling
oppein-ply-ssw-ber36,OPPEIN,PLY-SSW-BER36,Base Easy Reach,White Slim Shaker,Plywood,specification_review,914.4,762.0,606.425,,https://www.oppeincabinetry.ca/shop/ply-ssw-ber36-base-easy-reach-12526,Detailed profile/footprint or accessory specification needed for modeling
oppein-ply-pgw-ber36,OPPEIN,PLY-PGW-BER36,Base Easy Reach,White High Gloss,Plywood,specification_review,914.4,762.0,606.425,,https://www.oppeincabinetry.ca/shop/ply-pgw-ber36-base-easy-reach-15445,Detailed profile/footprint or accessory specification needed for modeling
oppein-ply-ssw-ber33,OPPEIN,PLY-SSW-BER33,Base Easy Reach,White Slim Shaker,Plywood,specification_review,838.2,762.0,606.425,,https://www.oppeincabinetry.ca/shop/ply-ssw-ber33-base-easy-reach-12525,Detailed profile/footprint or accessory specification needed for modeling
oppein-ply-wss-ber33,OPPEIN,PLY-WSS-BER33,Base Easy Reach,White Single Shaker,Plywood,specification_review,838.2,762.0,606.425,,https://www.oppeincabinetry.ca/shop/ply-wss-ber33-base-easy-reach-9955,Detailed profile/footprint or accessory specification needed for modeling
oppein-ply-mnw-ber33,OPPEIN,PLY-MNW-BER33,Base Easy Reach,Natural Wood,Plywood,specification_review,838.2,762.0,606.425,,https://www.oppeincabinetry.ca/shop/ply-mnw-ber33-base-easy-reach-13987,Detailed profile/footprint or accessory specification needed for modeling
oppein-ply-bss-ber36,OPPEIN,PLY-BSS-BER36,Base Easy Reach,Blue Single Shaker,Plywood,specification_review,914.4,762.0,606.425,,https://www.oppeincabinetry.ca/shop/ply-bss-ber36-base-easy-reach-15690,Detailed profile/footprint or accessory specification needed for modeling
oppein-ply-bss-ber33,OPPEIN,PLY-BSS-BER33,Base Easy Reach,Blue Single Shaker,Plywood,specification_review,838.2,762.0,606.425,,https://www.oppeincabinetry.ca/shop/ply-bss-ber33-base-easy-reach-15689,Detailed profile/footprint or accessory specification needed for modeling
oppein-pb-bss-ber36,OPPEIN,PB-BSS-BER36,Base Easy Reach,Blue Single Shaker,Particle board,specification_review,914.4,762.0,606.425,,https://www.oppeincabinetry.ca/shop/pb-bss-ber36-base-easy-reach-17690,Detailed profile/footprint or accessory specification needed for modeling
oppein-pb-gss-ber33,OPPEIN,PB-GSS-BER33,Base Easy Reach,Gray Single Shaker,Particle board,specification_review,838.2,762.0,606.425,,https://www.oppeincabinetry.ca/shop/pb-gss-ber33-base-easy-reach-17961,Detailed profile/footprint or accessory specification needed for modeling
oppein-pb-gss-ber36,OPPEIN,PB-GSS-BER36,Base Easy Reach,Gray Single Shaker,Particle board,specification_review,914.4,762.0,606.425,,https://www.oppeincabinetry.ca/shop/pb-gss-ber36-base-easy-reach-17962,Detailed profile/footprint or accessory specification needed for modeling
oppein-ply-mnw-ber36,OPPEIN,PLY-MNW-BER36,Base Easy Reach,Natural Wood,Plywood,specification_review,914.4,762.0,606.425,,https://www.oppeincabinetry.ca/shop/ply-mnw-ber36-base-easy-reach-13988,Detailed profile/footprint or accessory specification needed for modeling
oppein-ply-mso-ber36,OPPEIN,PLY-MSO-BER36,Base Easy Reach,Smoked Oak,Plywood,specification_review,914.4,762.0,606.425,,https://www.oppeincabinetry.ca/shop/ply-mso-ber36-base-easy-reach-14709,Detailed profile/footprint or accessory specification needed for modeling
oppein-ply-mso-ber33,OPPEIN,PLY-MSO-BER33,Base Easy Reach,Smoked Oak,Plywood,specification_review,838.2,762.0,606.425,,https://www.oppeincabinetry.ca/shop/ply-mso-ber33-base-easy-reach-14708,Detailed profile/footprint or accessory specification needed for modeling
oppein-pb-ssw-ber33,OPPEIN,PB-SSW-BER33,Base Easy Reach,White Slim Shaker,Particle board,specification_review,838.2,762.0,606.425,,https://www.oppeincabinetry.ca/shop/pb-ssw-ber33-base-easy-reach-18916,Detailed profile/footprint or accessory specification needed for modeling
oppein-pb-mso-ber33,OPPEIN,PB-MSO-BER33,Base Easy Reach,Smoked Oak,Particle board,specification_review,838.2,762.0,606.425,,https://www.oppeincabinetry.ca/shop/pb-mso-ber33-base-easy-reach-18780,Detailed profile/footprint or accessory specification needed for modeling
oppein-ply-wss-bls33,OPPEIN,PLY-WSS-BLS33,Base Easy Reach,White Single Shaker,Plywood,specification_review,838.2,762.0,606.425,,https://www.oppeincabinetry.ca/shop/ply-wss-bls33-base-easy-reach-9957,Detailed profile/footprint or accessory specification needed for modeling
oppein-ply-wss-ber36,OPPEIN,PLY-WSS-BER36,Base Easy Reach,White Single Shaker,Plywood,specification_review,914.4,762.0,606.425,,https://www.oppeincabinetry.ca/shop/ply-wss-ber36-base-easy-reach-9954,Detailed profile/footprint or accessory specification needed for modeling
oppein-pb-bss-ber33,OPPEIN,PB-BSS-BER33,Base Easy Reach,Blue Single Shaker,Particle board,specification_review,838.2,762.0,606.425,,https://www.oppeincabinetry.ca/shop/pb-bss-ber33-base-easy-reach-17689,Detailed profile/footprint or accessory specification needed for modeling
oppein-pb-wss-ber33,OPPEIN,PB-WSS-BER33,Base Easy Reach,White Single Shaker,Particle board,specification_review,838.2,762.0,606.425,,https://www.oppeincabinetry.ca/shop/pb-wss-ber33-base-easy-reach-17825,Detailed profile/footprint or accessory specification needed for modeling
oppein-pb-mso-ber36,OPPEIN,PB-MSO-BER36,Base Easy Reach,Smoked Oak,Particle board,specification_review,914.4,762.0,606.425,,https://www.oppeincabinetry.ca/shop/pb-mso-ber36-base-easy-reach-18781,Detailed profile/footprint or accessory specification needed for modeling
oppein-ply-gss-ber36,OPPEIN,PLY-GSS-BER36,Base Easy Reach,Gray Single Shaker,Plywood,specification_review,914.4,762.0,606.425,,https://www.oppeincabinetry.ca/shop/ply-gss-ber36-base-easy-reach-12098,Detailed profile/footprint or accessory specification needed for modeling
oppein-ply-gss-ber33,OPPEIN,PLY-GSS-BER33,Base Easy Reach,Gray Single Shaker,Plywood,specification_review,838.2,762.0,606.425,,https://www.oppeincabinetry.ca/shop/ply-gss-ber33-base-easy-reach-12097,Detailed profile/footprint or accessory specification needed for modeling
oppein-bss-bep48,OPPEIN,BSS-BEP48,Base End Panel - Blue,Blue Single Shaker,,specification_review,,,,,https://www.oppeincabinetry.ca/shop/bss-bep48-base-end-panel-blue-15607,Missing or conflicting explicitly labelled W/H/D; Detailed profile/footprint or accessory specification needed for modeling
oppein-bss-bep24,OPPEIN,BSS-BEP24,Base End Panel - Blue,Blue Single Shaker,,specification_review,,,,,https://www.oppeincabinetry.ca/shop/bss-bep24-base-end-panel-blue-15613,Missing or conflicting explicitly labelled W/H/D; Detailed profile/footprint or accessory specification needed for modeling
oppein-bss-bep26,OPPEIN,BSS-BEP26,Base End Panel - Blue,Blue Single Shaker,,specification_review,,,,,https://www.oppeincabinetry.ca/shop/bss-bep26-base-end-panel-blue-15611,Missing or conflicting explicitly labelled W/H/D; Detailed profile/footprint or accessory specification needed for modeling
oppein-bss-bep36,OPPEIN,BSS-BEP36,Base End Panel - Blue,Blue Single Shaker,,specification_review,,,,,https://www.oppeincabinetry.ca/shop/bss-bep36-base-end-panel-blue-15609,Missing or conflicting explicitly labelled W/H/D; Detailed profile/footprint or accessory specification needed for modeling
oppein-pgw-bep26,OPPEIN,PGW-BEP26,Base End Panel - High White Gloss,White High Gloss,,specification_review,,,,,https://www.oppeincabinetry.ca/shop/pgw-bep26-base-end-panel-high-white-gloss-10651,Missing or conflicting explicitly labelled W/H/D; Detailed profile/footprint or accessory specification needed for modeling
oppein-pgw-bep36,OPPEIN,PGW-BEP36,Base End Panel - High White Gloss,White High Gloss,,specification_review,,,,,https://www.oppeincabinetry.ca/shop/pgw-bep36-base-end-panel-high-white-gloss-10652,Missing or conflicting explicitly labelled W/H/D; Detailed profile/footprint or accessory specification needed for modeling
oppein-pgw-bep48,OPPEIN,PGW-BEP48,Base End Panel - High White Gloss,White High Gloss,,specification_review,,,,,https://www.oppeincabinetry.ca/shop/pgw-bep48-base-end-panel-high-white-gloss-10653,Missing or conflicting explicitly labelled W/H/D; Detailed profile/footprint or accessory specification needed for modeling
oppein-pgw-dwep3,OPPEIN,PGW-DWEP3,Base End Panel - High White Gloss,White High Gloss,,specification_review,,,,,https://www.oppeincabinetry.ca/shop/pgw-dwep3-base-end-panel-high-white-gloss-10664,Missing or conflicting explicitly labelled W/H/D; Detailed profile/footprint or accessory specification needed for modeling
oppein-pgw-bep24,OPPEIN,PGW-BEP24,Base End Panel - High White Gloss,White High Gloss,,specification_review,,,,,https://www.oppeincabinetry.ca/shop/pgw-bep24-base-end-panel-high-white-gloss-10650,Missing or conflicting explicitly labelled W/H/D; Detailed profile/footprint or accessory specification needed for modeling
oppein-mnw-bep48,OPPEIN,MNW-BEP48,Base End Panel - Natural Wood,Natural Wood,,specification_review,,,,,https://www.oppeincabinetry.ca/shop/mnw-bep48-base-end-panel-natural-wood-10295,Missing or conflicting explicitly labelled W/H/D; Detailed profile/footprint or accessory specification needed for modeling
oppein-mnw-bep26,OPPEIN,MNW-BEP26,Base End Panel - Natural Wood,Natural Wood,,specification_review,,,,,https://www.oppeincabinetry.ca/shop/mnw-bep26-base-end-panel-natural-wood-10293,Missing or conflicting explicitly labelled W/H/D; Detailed profile/footprint or accessory specification needed for modeling
oppein-mnw-bep24,OPPEIN,MNW-BEP24,Base End Panel - Natural Wood,Natural Wood,,specification_review,,,,,https://www.oppeincabinetry.ca/shop/mnw-bep24-base-end-panel-natural-wood-10292,Missing or conflicting explicitly labelled W/H/D; Detailed profile/footprint or accessory specification needed for modeling
oppein-mnw-dwep3,OPPEIN,MNW-DWEP3,Base End Panel - Natural Wood,Natural Wood,,specification_review,,,,,https://www.oppeincabinetry.ca/shop/mnw-dwep3-base-end-panel-natural-wood-10306,Missing or conflicting explicitly labelled W/H/D; Detailed profile/footprint or accessory specification needed for modeling
oppein-mnw-bep36,OPPEIN,MNW-BEP36,Base End Panel - Natural Wood,Natural Wood,,specification_review,,,,,https://www.oppeincabinetry.ca/shop/mnw-bep36-base-end-panel-natural-wood-10294,Missing or conflicting explicitly labelled W/H/D; Detailed profile/footprint or accessory specification needed for modeling
oppein-mso-dwep3,OPPEIN,MSO-DWEP3,Base End Panel - Smoked Oak,Smoked Oak,,specification_review,,,,,https://www.oppeincabinetry.ca/shop/mso-dwep3-base-end-panel-smoked-oak-10476,Missing or conflicting explicitly labelled W/H/D; Detailed profile/footprint or accessory specification needed for modeling
oppein-mso-bep26,OPPEIN,MSO-BEP26,Base End Panel - Smoked Oak,Smoked Oak,,specification_review,,,,,https://www.oppeincabinetry.ca/shop/mso-bep26-base-end-panel-smoked-oak-10465,Missing or conflicting explicitly labelled W/H/D; Detailed profile/footprint or accessory specification needed for modeling
oppein-mso-bep48,OPPEIN,MSO-BEP48,Base End Panel - Smoked Oak,Smoked Oak,,specification_review,,,,,https://www.oppeincabinetry.ca/shop/mso-bep48-base-end-panel-smoked-oak-10467,Missing or conflicting explicitly labelled W/H/D; Detailed profile/footprint or accessory specification needed for modeling
oppein-mso-bep36,OPPEIN,MSO-BEP36,Base End Panel - Smoked Oak,Smoked Oak,,specification_review,,,,,https://www.oppeincabinetry.ca/shop/mso-bep36-base-end-panel-smoked-oak-10466,Missing or conflicting explicitly labelled W/H/D; Detailed profile/footprint or accessory specification needed for modeling
oppein-mso-bep24,OPPEIN,MSO-BEP24,Base End Panel - Smoked Oak,Smoked Oak,,specification_review,,,,,https://www.oppeincabinetry.ca/shop/mso-bep24-base-end-panel-smoked-oak-10464,Missing or conflicting explicitly labelled W/H/D; Detailed profile/footprint or accessory specification needed for modeling
oppein-wss-bep24,OPPEIN,WSS-BEP24,Base End Panel - White,White Single Shaker,,specification_review,,,,,https://www.oppeincabinetry.ca/shop/wss-bep24-base-end-panel-white-11147,Missing or conflicting explicitly labelled W/H/D; Detailed profile/footprint or accessory specification needed for modeling
oppein-wss-bep36,OPPEIN,WSS-BEP36,Base End Panel - White,White Single Shaker,,specification_review,,,,,https://www.oppeincabinetry.ca/shop/wss-bep36-base-end-panel-white-11149,Missing or conflicting explicitly labelled W/H/D; Detailed profile/footprint or accessory specification needed for modeling
oppein-wss-bep48,OPPEIN,WSS-BEP48,Base End Panel - White,White Single Shaker,,specification_review,,,,,https://www.oppeincabinetry.ca/shop/wss-bep48-base-end-panel-white-11150,Missing or conflicting explicitly labelled W/H/D; Detailed profile/footprint or accessory specification needed for modeling
oppein-wss-bep26,OPPEIN,WSS-BEP26,Base End Panel - White,White Single Shaker,,specification_review,,,,,https://www.oppeincabinetry.ca/shop/wss-bep26-base-end-panel-white-11148,Missing or conflicting explicitly labelled W/H/D; Detailed profile/footprint or accessory specification needed for modeling
oppein-pb-gss-bls36,OPPEIN,PB-GSS-BLS36,Base Lazy Susan Cabinet,Gray Single Shaker,Particle board,specification_review,914.4,762.0,606.425,,https://www.oppeincabinetry.ca/shop/pb-gss-bls36-base-lazy-susan-cabinet-17964,Detailed profile/footprint or accessory specification needed for modeling
oppein-pb-mso-bls33,OPPEIN,PB-MSO-BLS33,Base Lazy Susan Cabinet,Smoked Oak,Particle board,specification_review,838.2,762.0,606.425,,https://www.oppeincabinetry.ca/shop/pb-mso-bls33-base-lazy-susan-cabinet-18782,Detailed profile/footprint or accessory specification needed for modeling
oppein-pb-mso-bls36,OPPEIN,PB-MSO-BLS36,Base Lazy Susan Cabinet,Smoked Oak,Particle board,specification_review,914.4,762.0,606.425,,https://www.oppeincabinetry.ca/shop/pb-mso-bls36-base-lazy-susan-cabinet-18783,Detailed profile/footprint or accessory specification needed for modeling
oppein-ply-mnw-bls33,OPPEIN,PLY-MNW-BLS33,Base Lazy Susan Cabinet,Natural Wood,Plywood,specification_review,838.2,762.0,606.425,,https://www.oppeincabinetry.ca/shop/ply-mnw-bls33-base-lazy-susan-cabinet-13989,Detailed profile/footprint or accessory specification needed for modeling
oppein-ply-wss-bls36,OPPEIN,PLY-WSS-BLS36,Base Lazy Susan Cabinet,White Single Shaker,Plywood,specification_review,914.4,762.0,606.425,,https://www.oppeincabinetry.ca/shop/ply-wss-bls36-base-lazy-susan-cabinet-11365,Detailed profile/footprint or accessory specification needed for modeling
oppein-ply-ssw-bls33,OPPEIN,PLY-SSW-BLS33,Base Lazy Susan Cabinet,White Slim Shaker,Plywood,specification_review,838.2,762.0,606.425,,https://www.oppeincabinetry.ca/shop/ply-ssw-bls33-base-lazy-susan-cabinet-12527,Detailed profile/footprint or accessory specification needed for modeling
oppein-ply-mso-bls36,OPPEIN,PLY-MSO-BLS36,Base Lazy Susan Cabinet,Smoked Oak,Plywood,specification_review,914.4,762.0,606.425,,https://www.oppeincabinetry.ca/shop/ply-mso-bls36-base-lazy-susan-cabinet-14657,Detailed profile/footprint or accessory specification needed for modeling
oppein-ply-pgw-bls36,OPPEIN,PLY-PGW-BLS36,Base Lazy Susan Cabinet,White High Gloss,Plywood,specification_review,914.4,762.0,606.425,,https://www.oppeincabinetry.ca/shop/ply-pgw-bls36-base-lazy-susan-cabinet-15392,Detailed profile/footprint or accessory specification needed for modeling
oppein-pb-bss-bls36,OPPEIN,PB-BSS-BLS36,Base Lazy Susan Cabinet,Blue Single Shaker,Particle board,specification_review,914.4,762.0,606.425,,https://www.oppeincabinetry.ca/shop/pb-bss-bls36-base-lazy-susan-cabinet-17692,Detailed profile/footprint or accessory specification needed for modeling
oppein-pb-bss-bls33,OPPEIN,PB-BSS-BLS33,Base Lazy Susan Cabinet,Blue Single Shaker,Particle board,specification_review,838.2,762.0,606.425,,https://www.oppeincabinetry.ca/shop/pb-bss-bls33-base-lazy-susan-cabinet-17691,Detailed profile/footprint or accessory specification needed for modeling
oppein-ply-bss-bls36,OPPEIN,PLY-BSS-BLS36,Base Lazy Susan Cabinet,Blue Single Shaker,Plywood,specification_review,914.4,762.0,606.425,,https://www.oppeincabinetry.ca/shop/ply-bss-bls36-base-lazy-susan-cabinet-15694,Detailed profile/footprint or accessory specification needed for modeling
oppein-ply-bss-bls33,OPPEIN,PLY-BSS-BLS33,Base Lazy Susan Cabinet,Blue Single Shaker,Plywood,specification_review,838.2,762.0,606.425,,https://www.oppeincabinetry.ca/shop/ply-bss-bls33-base-lazy-susan-cabinet-15693,Detailed profile/footprint or accessory specification needed for modeling
oppein-pb-gss-bls33,OPPEIN,PB-GSS-BLS33,Base Lazy Susan Cabinet,Gray Single Shaker,Particle board,specification_review,838.2,762.0,606.425,,https://www.oppeincabinetry.ca/shop/pb-gss-bls33-base-lazy-susan-cabinet-17963,Detailed profile/footprint or accessory specification needed for modeling
oppein-ply-ssw-bls36,OPPEIN,PLY-SSW-BLS36,Base Lazy Susan Cabinet,White Slim Shaker,Plywood,specification_review,914.4,762.0,606.425,,https://www.oppeincabinetry.ca/shop/ply-ssw-bls36-base-lazy-susan-cabinet-12474,Detailed profile/footprint or accessory specification needed for modeling
oppein-ply-gss-bls36,OPPEIN,PLY-GSS-BLS36,Base Lazy Susan Cabinet,Gray Single Shaker,Plywood,specification_review,914.4,762.0,606.425,,https://www.oppeincabinetry.ca/shop/ply-gss-bls36-base-lazy-susan-cabinet-12101,Detailed profile/footprint or accessory specification needed for modeling
oppein-ply-gss-bls33,OPPEIN,PLY-GSS-BLS33,Base Lazy Susan Cabinet,Gray Single Shaker,Plywood,specification_review,838.2,762.0,606.425,,https://www.oppeincabinetry.ca/shop/ply-gss-bls33-base-lazy-susan-cabinet-12100,Detailed profile/footprint or accessory specification needed for modeling
oppein-pb-pgw-bls33,OPPEIN,PB-PGW-BLS33,Base Lazy Susan Cabinet,White High Gloss,Particle board,specification_review,838.2,762.0,606.425,,https://www.oppeincabinetry.ca/shop/pb-pgw-bls33-base-lazy-susan-cabinet-18099,Detailed profile/footprint or accessory specification needed for modeling
oppein-pb-pgw-bls36,OPPEIN,PB-PGW-BLS36,Base Lazy Susan Cabinet,White High Gloss,Particle board,specification_review,914.4,762.0,606.425,,https://www.oppeincabinetry.ca/shop/pb-pgw-bls36-base-lazy-susan-cabinet-18100,Detailed profile/footprint or accessory specification needed for modeling
oppein-pb-wss-bls33,OPPEIN,PB-WSS-BLS33,Base Lazy Susan Cabinet,White Single Shaker,Particle board,specification_review,838.2,762.0,606.425,,https://www.oppeincabinetry.ca/shop/pb-wss-bls33-base-lazy-susan-cabinet-17827,Detailed profile/footprint or accessory specification needed for modeling
oppein-ply-mnw-bls36,OPPEIN,PLY-MNW-BLS36,Base Lazy Susan Cabinet,Natural Wood,Plywood,specification_review,914.4,762.0,606.425,,https://www.oppeincabinetry.ca/shop/ply-mnw-bls36-base-lazy-susan-cabinet-13935,Detailed profile/footprint or accessory specification needed for modeling
oppein-ply-pgw-bls33,OPPEIN,PLY-PGW-BLS33,Base Lazy Susan Cabinet,White High Gloss,Plywood,specification_review,838.2,762.0,606.425,,https://www.oppeincabinetry.ca/shop/ply-pgw-bls33-base-lazy-susan-cabinet-15446,Detailed profile/footprint or accessory specification needed for modeling
oppein-pb-wss-bls36,OPPEIN,PB-WSS-BLS36,Base Lazy Susan Cabinet,White Single Shaker,Particle board,specification_review,914.4,762.0,606.425,,https://www.oppeincabinetry.ca/shop/pb-wss-bls36-base-lazy-susan-cabinet-17828,Detailed profile/footprint or accessory specification needed for modeling
oppein-pb-ssw-bls36,OPPEIN,PB-SSW-BLS36,Base Lazy Susan Cabinet,White Slim Shaker,Particle board,specification_review,914.4,762.0,606.425,,https://www.oppeincabinetry.ca/shop/pb-ssw-bls36-base-lazy-susan-cabinet-18919,Detailed profile/footprint or accessory specification needed for modeling
oppein-pb-mnw-bls33,OPPEIN,PB-MNW-BLS33,Base Lazy Susan Cabinet,Natural Wood,Particle board,specification_review,838.2,762.0,606.425,,https://www.oppeincabinetry.ca/shop/pb-mnw-bls33-base-lazy-susan-cabinet-18646,Detailed profile/footprint or accessory specification needed for modeling
oppein-pb-mnw-bls36,OPPEIN,PB-MNW-BLS36,Base Lazy Susan Cabinet,Natural Wood,Particle board,specification_review,914.4,762.0,606.425,,https://www.oppeincabinetry.ca/shop/pb-mnw-bls36-base-lazy-susan-cabinet-18647,Detailed profile/footprint or accessory specification needed for modeling
oppein-pb-ssw-bls33,OPPEIN,PB-SSW-BLS33,Base Lazy Susan Cabinet,White Slim Shaker,Particle board,specification_review,838.2,762.0,606.425,,https://www.oppeincabinetry.ca/shop/pb-ssw-bls33-base-lazy-susan-cabinet-18918,Detailed profile/footprint or accessory specification needed for modeling
oppein-ply-mso-bls33,OPPEIN,PLY-MSO-BLS33,Base Lazy Susan Cabinet,Smoked Oak,Plywood,specification_review,838.2,762.0,606.425,,https://www.oppeincabinetry.ca/shop/ply-mso-bls33-base-lazy-susan-cabinet-14710,Detailed profile/footprint or accessory specification needed for modeling
oppein-ply-mso-bmc24,OPPEIN,PLY-MSO-BMC24,Base Microwave Cabinet,Smoked Oak,Plywood,specification_review,609.6,762.0,606.425,,https://www.oppeincabinetry.ca/shop/ply-mso-bmc24-base-microwave-cabinet-14696,Detailed profile/footprint or accessory specification needed for modeling
oppein-ply-mnw-bmc30,OPPEIN,PLY-MNW-BMC30,Base Microwave Cabinet,Natural Wood,Plywood,specification_review,762.0,762.0,606.425,,https://www.oppeincabinetry.ca/shop/ply-mnw-bmc30-base-microwave-cabinet-13990,Detailed profile/footprint or accessory specification needed for modeling
oppein-ply-pgw-bsr06,OPPEIN,PLY-PGW-BSR06,Base Microwave Cabinet,White High Gloss,Plywood,model_ready,152.4,762.0,606.425,/cabinet-inventory/models/oppein-ply-pgw-bsr06.glb,https://www.oppeincabinetry.ca/shop/ply-pgw-bsr06-base-microwave-cabinet-16731,
oppein-pb-wss-bmc24,OPPEIN,PB-WSS-BMC24,Base Microwave Cabinet,White Single Shaker,Particle board,specification_review,609.6,762.0,606.425,,https://www.oppeincabinetry.ca/shop/pb-wss-bmc24-base-microwave-cabinet-17829,Detailed profile/footprint or accessory specification needed for modeling
oppein-ply-wss-bmc24,OPPEIN,PLY-WSS-BMC24,Base Microwave Cabinet,White Single Shaker,Plywood,specification_review,609.6,762.0,606.425,,https://www.oppeincabinetry.ca/shop/ply-wss-bmc24-base-microwave-cabinet-11409,Detailed profile/footprint or accessory specification needed for modeling
oppein-ply-ssw-bmc24,OPPEIN,PLY-SSW-BMC24,Base Microwave Cabinet,White Slim Shaker,Plywood,specification_review,609.6,762.0,606.425,,https://www.oppeincabinetry.ca/shop/ply-ssw-bmc24-base-microwave-cabinet-12513,Detailed profile/footprint or accessory specification needed for modeling
oppein-ply-gss-bmc24,OPPEIN,PLY-GSS-BMC24,Base Microwave Cabinet,Gray Single Shaker,Plywood,specification_review,609.6,762.0,606.425,,https://www.oppeincabinetry.ca/shop/ply-gss-bmc24-base-microwave-cabinet-12103,Detailed profile/footprint or accessory specification needed for modeling
oppein-ply-mso-bmc30,OPPEIN,PLY-MSO-BMC30,Base Microwave Cabinet,Smoked Oak,Plywood,specification_review,762.0,762.0,606.425,,https://www.oppeincabinetry.ca/shop/ply-mso-bmc30-base-microwave-cabinet-14711,Detailed profile/footprint or accessory specification needed for modeling
oppein-pb-mso-bmc30,OPPEIN,PB-MSO-BMC30,Base Microwave Cabinet,Smoked Oak,Particle board,specification_review,762.0,762.0,606.425,,https://www.oppeincabinetry.ca/shop/pb-mso-bmc30-base-microwave-cabinet-18785,Detailed profile/footprint or accessory specification needed for modeling
oppein-ply-mnw-bmc24,OPPEIN,PLY-MNW-BMC24,Base Microwave Cabinet,Natural Wood,Plywood,specification_review,609.6,762.0,606.425,,https://www.oppeincabinetry.ca/shop/ply-mnw-bmc24-base-microwave-cabinet-13975,Detailed profile/footprint or accessory specification needed for modeling
oppein-pb-mnw-bmc24,OPPEIN,PB-MNW-BMC24,Base Microwave Cabinet,Natural Wood,Particle board,specification_review,609.6,762.0,606.425,,https://www.oppeincabinetry.ca/shop/pb-mnw-bmc24-base-microwave-cabinet-18648,Detailed profile/footprint or accessory specification needed for modeling
oppein-pb-mnw-bmc30,OPPEIN,PB-MNW-BMC30,Base Microwave Cabinet,Natural Wood,Particle board,specification_review,762.0,762.0,606.425,,https://www.oppeincabinetry.ca/shop/pb-mnw-bmc30-base-microwave-cabinet-18649,Detailed profile/footprint or accessory specification needed for modeling
oppein-pb-bss-bmc24,OPPEIN,PB-BSS-BMC24,Base Microwave Cabinet,Blue Single Shaker,Particle board,specification_review,609.6,762.0,606.425,,https://www.oppeincabinetry.ca/shop/pb-bss-bmc24-base-microwave-cabinet-17693,Detailed profile/footprint or accessory specification needed for modeling
oppein-pb-ssw-bmc24,OPPEIN,PB-SSW-BMC24,Base Microwave Cabinet,White Slim Shaker,Particle board,specification_review,609.6,762.0,606.425,,https://www.oppeincabinetry.ca/shop/pb-ssw-bmc24-base-microwave-cabinet-18920,Detailed profile/footprint or accessory specification needed for modeling
oppein-ply-wss-bmc30,OPPEIN,PLY-WSS-BMC30,Base Microwave Cabinet,White Single Shaker,Plywood,specification_review,762.0,762.0,606.425,,https://www.oppeincabinetry.ca/shop/ply-wss-bmc30-base-microwave-cabinet-9959,Detailed profile/footprint or accessory specification needed for modeling
oppein-pb-ssw-bmc30,OPPEIN,PB-SSW-BMC30,Base Microwave Cabinet,White Slim Shaker,Particle board,specification_review,762.0,762.0,606.425,,https://www.oppeincabinetry.ca/shop/pb-ssw-bmc30-base-microwave-cabinet-18921,Detailed profile/footprint or accessory specification needed for modeling
oppein-pb-pgw-bmc30,OPPEIN,PB-PGW-BMC30,Base Microwave Cabinet,White High Gloss,Particle board,specification_review,762.0,762.0,606.425,,https://www.oppeincabinetry.ca/shop/pb-pgw-bmc30-base-microwave-cabinet-18102,Detailed profile/footprint or accessory specification needed for modeling
oppein-pb-wss-bmc30,OPPEIN,PB-WSS-BMC30,Base Microwave Cabinet,White Single Shaker,Particle board,specification_review,762.0,762.0,606.425,,https://www.oppeincabinetry.ca/shop/pb-wss-bmc30-base-microwave-cabinet-17830,Detailed profile/footprint or accessory specification needed for modeling
oppein-ply-gss-bmc30,OPPEIN,PLY-GSS-BMC30,Base Microwave Cabinet,Gray Single Shaker,Plywood,specification_review,762.0,762.0,606.425,,https://www.oppeincabinetry.ca/shop/ply-gss-bmc30-base-microwave-cabinet-12104,Detailed profile/footprint or accessory specification needed for modeling
oppein-ply-ssw-bmc30,OPPEIN,PLY-SSW-BMC30,Base Microwave Cabinet,White Slim Shaker,Plywood,specification_review,762.0,762.0,606.425,,https://www.oppeincabinetry.ca/shop/ply-ssw-bmc30-base-microwave-cabinet-12528,Detailed profile/footprint or accessory specification needed for modeling
oppein-pb-bss-bmc30,OPPEIN,PB-BSS-BMC30,Base Microwave Cabinet,Blue Single Shaker,Particle board,specification_review,762.0,762.0,606.425,,https://www.oppeincabinetry.ca/shop/pb-bss-bmc30-base-microwave-cabinet-17694,Detailed profile/footprint or accessory specification needed for modeling
oppein-pb-gss-bmc30,OPPEIN,PB-GSS-BMC30,Base Microwave Cabinet,Gray Single Shaker,Particle board,specification_review,762.0,762.0,606.425,,https://www.oppeincabinetry.ca/shop/pb-gss-bmc30-base-microwave-cabinet-17966,Detailed profile/footprint or accessory specification needed for modeling
oppein-pb-gss-bmc24,OPPEIN,PB-GSS-BMC24,Base Microwave Cabinet,Gray Single Shaker,Particle board,specification_review,609.6,762.0,606.425,,https://www.oppeincabinetry.ca/shop/pb-gss-bmc24-base-microwave-cabinet-17965,Detailed profile/footprint or accessory specification needed for modeling
oppein-ply-bss-bmc24,OPPEIN,PLY-BSS-BMC24,Base Microwave Cabinet,Blue Single Shaker,Plywood,specification_review,609.6,762.0,606.425,,https://www.oppeincabinetry.ca/shop/ply-bss-bmc24-base-microwave-cabinet-15691,Detailed profile/footprint or accessory specification needed for modeling
oppein-ply-bss-bmc30,OPPEIN,PLY-BSS-BMC30,Base Microwave Cabinet,Blue Single Shaker,Plywood,specification_review,762.0,762.0,606.425,,https://www.oppeincabinetry.ca/shop/ply-bss-bmc30-base-microwave-cabinet-15692,Detailed profile/footprint or accessory specification needed for modeling
oppein-ply-pgw-bmc24,OPPEIN,PLY-PGW-BMC24,Base Microwave Cabinet,White High Gloss,Plywood,specification_review,609.6,762.0,606.425,,https://www.oppeincabinetry.ca/shop/ply-pgw-bmc24-base-microwave-cabinet-15432,Detailed profile/footprint or accessory specification needed for modeling
oppein-pb-mso-bmc24,OPPEIN,PB-MSO-BMC24,Base Microwave Cabinet,Smoked Oak,Particle board,specification_review,609.6,762.0,606.425,,https://www.oppeincabinetry.ca/shop/pb-mso-bmc24-base-microwave-cabinet-18784,Detailed profile/footprint or accessory specification needed for modeling
oppein-pb-pgw-bmc24,OPPEIN,PB-PGW-BMC24,Base Microwave Cabinet,White High Gloss,Particle board,specification_review,609.6,762.0,606.425,,https://www.oppeincabinetry.ca/shop/pb-pgw-bmc24-base-microwave-cabinet-18101,Detailed profile/footprint or accessory specification needed for modeling
oppein-ply-pgw-bmc30,OPPEIN,PLY-PGW-BMC30,Base Microwave Cabinet,White High Gloss,Plywood,specification_review,762.0,762.0,606.425,,https://www.oppeincabinetry.ca/shop/ply-pgw-bmc30-base-microwave-cabinet-15447,Detailed profile/footprint or accessory specification needed for modeling
oppein-ply-bss-bsr06,OPPEIN,PLY-BSS-BSR06,Base Spice Rack,Blue Single Shaker,Plywood,model_ready,152.4,762.0,606.425,/cabinet-inventory/models/oppein-ply-bss-bsr06.glb,https://www.oppeincabinetry.ca/shop/ply-bss-bsr06-base-spice-rack-16701,
oppein-ply-wss-bsr12,OPPEIN,PLY-WSS-BSR12,Base Spice Rack,White Single Shaker,Plywood,model_ready,304.8,762.0,606.425,/cabinet-library/models/PLY-WSS-BSR12.glb,https://www.oppeincabinetry.ca/shop/ply-wss-bsr12-base-spice-rack-9961,
oppein-ply-pgw-bsr09,OPPEIN,PLY-PGW-BSR09,Base Spice Rack,White High Gloss,Plywood,model_ready,228.6,762.0,606.425,/cabinet-inventory/models/oppein-ply-pgw-bsr09.glb,https://www.oppeincabinetry.ca/shop/ply-pgw-bsr09-base-spice-rack-15448,
oppein-ply-wss-bsr09,OPPEIN,PLY-WSS-BSR09,Base Spice Rack,White Single Shaker,Plywood,model_ready,228.6,762.0,606.425,/cabinet-library/models/PLY-WSS-BSR09.glb,https://www.oppeincabinetry.ca/shop/ply-wss-bsr09-base-spice-rack-9960,
oppein-ply-bss-bsr09,OPPEIN,PLY-BSS-BSR09,Base Spice Rack,Blue Single Shaker,Plywood,model_ready,228.6,762.0,606.425,/cabinet-inventory/models/oppein-ply-bss-bsr09.glb,https://www.oppeincabinetry.ca/shop/ply-bss-bsr09-base-spice-rack-15695,
oppein-pb-wss-bsr06,OPPEIN,PB-WSS-BSR06,Base Spice rack,White Single Shaker,Particle board,model_ready,152.4,762.0,606.425,/cabinet-inventory/models/oppein-pb-wss-bsr06.glb,https://www.oppeincabinetry.ca/shop/pb-wss-bsr06-base-spice-rack-17831,
oppein-ply-ssw-bsr12,OPPEIN,PLY-SSW-BSR12,Base Spice rack,White Slim Shaker,Plywood,model_ready,304.8,762.0,606.425,/cabinet-inventory/models/oppein-ply-ssw-bsr12.glb,https://www.oppeincabinetry.ca/shop/ply-ssw-bsr12-base-spice-rack-12530,
oppein-pb-bss-bsr06,OPPEIN,PB-BSS-BSR06,Base Spice rack,Blue Single Shaker,Particle board,model_ready,152.4,762.0,606.425,/cabinet-inventory/models/oppein-pb-bss-bsr06.glb,https://www.oppeincabinetry.ca/shop/pb-bss-bsr06-base-spice-rack-17695,
oppein-pb-bss-bsr09,OPPEIN,PB-BSS-BSR09,Base Spice rack,Blue Single Shaker,Particle board,model_ready,228.6,762.0,606.425,/cabinet-inventory/models/oppein-pb-bss-bsr09.glb,https://www.oppeincabinetry.ca/shop/pb-bss-bsr09-base-spice-rack-17696,
oppein-pb-bss-bsr12,OPPEIN,PB-BSS-BSR12,Base Spice rack,Blue Single Shaker,Particle board,model_ready,304.8,762.0,606.425,/cabinet-inventory/models/oppein-pb-bss-bsr12.glb,https://www.oppeincabinetry.ca/shop/pb-bss-bsr12-base-spice-rack-17697,
oppein-ply-ssw-bsr09,OPPEIN,PLY-SSW-BSR09,Base Spice rack,White Slim Shaker,Plywood,model_ready,228.6,762.0,606.425,/cabinet-inventory/models/oppein-ply-ssw-bsr09.glb,https://www.oppeincabinetry.ca/shop/ply-ssw-bsr09-base-spice-rack-12529,
oppein-pb-wss-bsr09,OPPEIN,PB-WSS-BSR09,Base Spice rack,White Single Shaker,Particle board,model_ready,228.6,762.0,606.425,/cabinet-inventory/models/oppein-pb-wss-bsr09.glb,https://www.oppeincabinetry.ca/shop/pb-wss-bsr09-base-spice-rack-17832,
oppein-ply-bss-bsr12,OPPEIN,PLY-BSS-BSR12,Base Spice rack,Blue Single Shaker,Plywood,model_ready,304.8,762.0,606.425,/cabinet-inventory/models/oppein-ply-bss-bsr12.glb,https://www.oppeincabinetry.ca/shop/ply-bss-bsr12-base-spice-rack-15696,
oppein-pb-wss-bsr12,OPPEIN,PB-WSS-BSR12,Base Spice rack,White Single Shaker,Particle board,model_ready,304.8,762.0,606.425,/cabinet-inventory/models/oppein-pb-wss-bsr12.glb,https://www.oppeincabinetry.ca/shop/pb-wss-bsr12-base-spice-rack-17833,
oppein-pb-gss-bsr06,OPPEIN,PB-GSS-BSR06,Base Spice rack,Gray Single Shaker,Particle board,model_ready,152.4,762.0,606.425,/cabinet-inventory/models/oppein-pb-gss-bsr06.glb,https://www.oppeincabinetry.ca/shop/pb-gss-bsr06-base-spice-rack-17967,
oppein-pb-gss-bsr09,OPPEIN,PB-GSS-BSR09,Base Spice rack,Gray Single Shaker,Particle board,model_ready,228.6,762.0,606.425,/cabinet-inventory/models/oppein-pb-gss-bsr09.glb,https://www.oppeincabinetry.ca/shop/pb-gss-bsr09-base-spice-rack-17968,
oppein-pb-gss-bsr12,OPPEIN,PB-GSS-BSR12,Base Spice rack,Gray Single Shaker,Particle board,model_ready,304.8,762.0,606.425,/cabinet-inventory/models/oppein-pb-gss-bsr12.glb,https://www.oppeincabinetry.ca/shop/pb-gss-bsr12-base-spice-rack-17969,
oppein-ply-gss-bsr12,OPPEIN,PLY-GSS-BSR12,Base Spice rack,Gray Single Shaker,Plywood,model_ready,304.8,762.0,606.425,/cabinet-inventory/models/oppein-ply-gss-bsr12.glb,https://www.oppeincabinetry.ca/shop/ply-gss-bsr12-base-spice-rack-12106,
oppein-ply-gss-bsr09,OPPEIN,PLY-GSS-BSR09,Base Spice rack,Gray Single Shaker,Plywood,model_ready,228.6,762.0,606.425,/cabinet-inventory/models/oppein-ply-gss-bsr09.glb,https://www.oppeincabinetry.ca/shop/ply-gss-bsr09-base-spice-rack-12105,
oppein-ply-pgw-bsr12,OPPEIN,PLY-PGW-BSR12,Base Spice rack,White High Gloss,Plywood,model_ready,304.8,762.0,606.425,/cabinet-inventory/models/oppein-ply-pgw-bsr12.glb,https://www.oppeincabinetry.ca/shop/ply-pgw-bsr12-base-spice-rack-15449,
oppein-pb-pgw-bsr06,OPPEIN,PB-PGW-BSR06,Base Spice rack,White High Gloss,Particle board,model_ready,152.4,762.0,606.425,/cabinet-inventory/models/oppein-pb-pgw-bsr06.glb,https://www.oppeincabinetry.ca/shop/pb-pgw-bsr06-base-spice-rack-18103,
oppein-pb-pgw-bsr09,OPPEIN,PB-PGW-BSR09,Base Spice rack,White High Gloss,Particle board,model_ready,228.6,762.0,606.425,/cabinet-inventory/models/oppein-pb-pgw-bsr09.glb,https://www.oppeincabinetry.ca/shop/pb-pgw-bsr09-base-spice-rack-18104,
oppein-pb-pgw-bsr12,OPPEIN,PB-PGW-BSR12,Base Spice rack,White High Gloss,Particle board,model_ready,304.8,762.0,606.425,/cabinet-inventory/models/oppein-pb-pgw-bsr12.glb,https://www.oppeincabinetry.ca/shop/pb-pgw-bsr12-base-spice-rack-18105,
oppein-pb-mnw-bsr06,OPPEIN,PB-MNW-BSR06,Base Spice rack,Natural Wood,Particle board,model_ready,152.4,762.0,606.425,/cabinet-inventory/models/oppein-pb-mnw-bsr06.glb,https://www.oppeincabinetry.ca/shop/pb-mnw-bsr06-base-spice-rack-18650,
oppein-pb-mnw-bsr09,OPPEIN,PB-MNW-BSR09,Base Spice rack,Natural Wood,Particle board,model_ready,228.6,762.0,606.425,/cabinet-inventory/models/oppein-pb-mnw-bsr09.glb,https://www.oppeincabinetry.ca/shop/pb-mnw-bsr09-base-spice-rack-18651,
oppein-pb-mnw-bsr12,OPPEIN,PB-MNW-BSR12,Base Spice rack,Natural Wood,Particle board,model_ready,304.8,762.0,606.425,/cabinet-inventory/models/oppein-pb-mnw-bsr12.glb,https://www.oppeincabinetry.ca/shop/pb-mnw-bsr12-base-spice-rack-18652,
oppein-pb-mso-bsr06,OPPEIN,PB-MSO-BSR06,Base Spice rack,Smoked Oak,Particle board,model_ready,152.4,762.0,606.425,/cabinet-inventory/models/oppein-pb-mso-bsr06.glb,https://www.oppeincabinetry.ca/shop/pb-mso-bsr06-base-spice-rack-18786,
oppein-ply-mnw-bsr09,OPPEIN,PLY-MNW-BSR09,Base Spice rack,Natural Wood,Plywood,model_ready,228.6,762.0,606.425,/cabinet-inventory/models/oppein-ply-mnw-bsr09.glb,https://www.oppeincabinetry.ca/shop/ply-mnw-bsr09-base-spice-rack-13991,
oppein-ply-mnw-bsr12,OPPEIN,PLY-MNW-BSR12,Base Spice rack,Natural Wood,Plywood,model_ready,304.8,762.0,606.425,/cabinet-inventory/models/oppein-ply-mnw-bsr12.glb,https://www.oppeincabinetry.ca/shop/ply-mnw-bsr12-base-spice-rack-13992,
oppein-pb-mso-bsr09,OPPEIN,PB-MSO-BSR09,Base Spice rack,Smoked Oak,Particle board,model_ready,228.6,762.0,606.425,/cabinet-inventory/models/oppein-pb-mso-bsr09.glb,https://www.oppeincabinetry.ca/shop/pb-mso-bsr09-base-spice-rack-18787,
oppein-pb-mso-bsr12,OPPEIN,PB-MSO-BSR12,Base Spice rack,Smoked Oak,Particle board,model_ready,304.8,762.0,606.425,/cabinet-inventory/models/oppein-pb-mso-bsr12.glb,https://www.oppeincabinetry.ca/shop/pb-mso-bsr12-base-spice-rack-18788,
oppein-ply-mso-bsr12,OPPEIN,PLY-MSO-BSR12,Base Spice rack,Smoked Oak,Plywood,model_ready,304.8,762.0,606.425,/cabinet-inventory/models/oppein-ply-mso-bsr12.glb,https://www.oppeincabinetry.ca/shop/ply-mso-bsr12-base-spice-rack-14713,
oppein-ply-mso-bsr09,OPPEIN,PLY-MSO-BSR09,Base Spice rack,Smoked Oak,Plywood,model_ready,228.6,762.0,606.425,/cabinet-inventory/models/oppein-ply-mso-bsr09.glb,https://www.oppeincabinetry.ca/shop/ply-mso-bsr09-base-spice-rack-14712,
oppein-pb-ssw-bsr06,OPPEIN,PB-SSW-BSR06,Base Spice rack,White Slim Shaker,Particle board,model_ready,152.4,762.0,606.425,/cabinet-inventory/models/oppein-pb-ssw-bsr06.glb,https://www.oppeincabinetry.ca/shop/pb-ssw-bsr06-base-spice-rack-18922,
oppein-pb-ssw-bsr09,OPPEIN,PB-SSW-BSR09,Base Spice rack,White Slim Shaker,Particle board,model_ready,228.6,762.0,606.425,/cabinet-inventory/models/oppein-pb-ssw-bsr09.glb,https://www.oppeincabinetry.ca/shop/pb-ssw-bsr09-base-spice-rack-18923,
oppein-pb-ssw-bsr12,OPPEIN,PB-SSW-BSR12,Base Spice rack,White Slim Shaker,Particle board,model_ready,304.8,762.0,606.425,/cabinet-inventory/models/oppein-pb-ssw-bsr12.glb,https://www.oppeincabinetry.ca/shop/pb-ssw-bsr12-base-spice-rack-18924,
oppein-pb-gss-btc18,OPPEIN,PB-GSS-BTC18,Base Trash Can Cabinet (1 Drawer + 1 Door),Gray Single Shaker,Particle board,model_ready,457.2,762.0,606.425,/cabinet-inventory/models/oppein-pb-gss-btc18.glb,https://www.oppeincabinetry.ca/shop/pb-gss-btc18-base-trash-can-cabinet-1-drawer-1-door-17970,
oppein-ply-gss-btc18,OPPEIN,PLY-GSS-BTC18,Base Trash Can Cabinet (1 Drawer + 1 Door),Gray Single Shaker,Plywood,model_ready,457.2,762.0,606.425,/cabinet-inventory/models/oppein-ply-gss-btc18.glb,https://www.oppeincabinetry.ca/shop/ply-gss-btc18-base-trash-can-cabinet-1-drawer-1-door-34109,
oppein-pb-mnw-btc18,OPPEIN,PB-MNW-BTC18,Base Trash Can Cabinet (1 Drawer + 1 Door),Natural Wood,Particle board,model_ready,457.2,762.0,606.425,/cabinet-inventory/models/oppein-pb-mnw-btc18.glb,https://www.oppeincabinetry.ca/shop/pb-mnw-btc18-base-trash-can-cabinet-1-drawer-1-door-18653,
oppein-ply-mnw-btc18,OPPEIN,PLY-MNW-BTC18,Base Trash Can Cabinet (1 Drawer + 1 Door),Natural Wood,Plywood,model_ready,457.2,762.0,606.425,/cabinet-inventory/models/oppein-ply-mnw-btc18.glb,https://www.oppeincabinetry.ca/shop/ply-mnw-btc18-base-trash-can-cabinet-1-drawer-1-door-13955,
oppein-ply-mso-btc18,OPPEIN,PLY-MSO-BTC18,Base Trash Can Cabinet (1 Drawer + 1 Door),Smoked Oak,Plywood,model_ready,457.2,762.0,606.425,/cabinet-inventory/models/oppein-ply-mso-btc18.glb,https://www.oppeincabinetry.ca/shop/ply-mso-btc18-base-trash-can-cabinet-1-drawer-1-door-14676,
oppein-pb-pgw-btc18,OPPEIN,PB-PGW-BTC18,Base Trash Can Cabinet (1 Drawer + 1 Door),White High Gloss,Particle board,model_ready,457.2,762.0,606.425,/cabinet-inventory/models/oppein-pb-pgw-btc18.glb,https://www.oppeincabinetry.ca/shop/pb-pgw-btc18-base-trash-can-cabinet-1-drawer-1-door-18106,
oppein-ply-pgw-btc18,OPPEIN,PLY-PGW-BTC18,Base Trash Can Cabinet (1 Drawer + 1 Door),White High Gloss,Plywood,model_ready,457.2,762.0,606.425,/cabinet-inventory/models/oppein-ply-pgw-btc18.glb,https://www.oppeincabinetry.ca/shop/ply-pgw-btc18-base-trash-can-cabinet-1-drawer-1-door-15412,
oppein-ply-wss-btc18,OPPEIN,PLY-WSS-BTC18,Base Trash Can Cabinet (1 Drawer + 1 Door),White Single Shaker,Plywood,model_ready,457.2,762.0,606.425,/cabinet-library/models/PLY-WSS-BTC18.glb,https://www.oppeincabinetry.ca/shop/ply-wss-btc18-base-trash-can-cabinet-1-drawer-1-door-11390,
oppein-ply-ssw-btc18,OPPEIN,PLY-SSW-BTC18,Base Trash Can Cabinet (1 Drawer + 1 Door),White Slim Shaker,Plywood,model_ready,457.2,762.0,606.425,/cabinet-inventory/models/oppein-ply-ssw-btc18.glb,https://www.oppeincabinetry.ca/shop/ply-ssw-btc18-base-trash-can-cabinet-1-drawer-1-door-12494,
oppein-pb-mso-btc18,OPPEIN,PB-MSO-BTC18,Base Trash Can Cabinet (1 Drawer + 1 Door),Smoked Oak,Particle board,model_ready,457.2,762.0,606.425,/cabinet-inventory/models/oppein-pb-mso-btc18.glb,https://www.oppeincabinetry.ca/shop/pb-mso-btc18-base-trash-can-cabinet-1-drawer-1-door-18789,
oppein-pb-bss-btc18,OPPEIN,PB-BSS-BTC18,Base Trash Can Cabinet (1 Drawer + 1 Door),Blue Single Shaker,Particle board,model_ready,457.2,762.0,606.425,/cabinet-inventory/models/oppein-pb-bss-btc18.glb,https://www.oppeincabinetry.ca/shop/pb-bss-btc18-base-trash-can-cabinet-1-drawer-1-door-17698,
oppein-ply-bss-btc18,OPPEIN,PLY-BSS-BTC18,Base Trash Can Cabinet (1 Drawer + 1 Door),Blue Single Shaker,Plywood,model_ready,457.2,762.0,606.425,/cabinet-inventory/models/oppein-ply-bss-btc18.glb,https://www.oppeincabinetry.ca/shop/ply-bss-btc18-base-trash-can-cabinet-1-drawer-1-door-15697,
oppein-pb-ssw-btc18,OPPEIN,PB-SSW-BTC18,Base Trash Can Cabinet (1 Drawer + 1 Door),White Slim Shaker,Particle board,model_ready,457.2,762.0,606.425,/cabinet-inventory/models/oppein-pb-ssw-btc18.glb,https://www.oppeincabinetry.ca/shop/pb-ssw-btc18-base-trash-can-cabinet-1-drawer-1-door-18925,
oppein-pb-wss-btc18,OPPEIN,PB-WSS-BTC18,Base Trash Can Cabinet (1 Drawer + 1 Door),White Single Shaker,Particle board,model_ready,457.2,762.0,606.425,/cabinet-inventory/models/oppein-pb-wss-btc18.glb,https://www.oppeincabinetry.ca/shop/pb-wss-btc18-base-trash-can-cabinet-1-drawer-1-door-17834,
oppein-bss-cm4,OPPEIN,BSS-CM4,CM4 - Blue,Blue Single Shaker,,specification_review,,,,,https://www.oppeincabinetry.ca/shop/bss-cm4-cm4-blue-15603,Missing or conflicting explicitly labelled W/H/D; Detailed profile/footprint or accessory specification needed for modeling
oppein-wss-cm4,OPPEIN,WSS-CM4,CM4 - White,White Single Shaker,,specification_review,,,,,https://www.oppeincabinetry.ca/shop/wss-cm4-cm4-white-11159,Missing or conflicting explicitly labelled W/H/D; Detailed profile/footprint or accessory specification needed for modeling
oppein-bss-cobel,OPPEIN,BSS-COBEL,COBEL-S - Blue,Blue Single Shaker,,specification_review,,,,,https://www.oppeincabinetry.ca/shop/bss-cobel-cobel-s-blue-15840,Missing or conflicting explicitly labelled W/H/D; Detailed profile/footprint or accessory specification needed for modeling
oppein-bss-cvcm,OPPEIN,BSS-CVCM,CVCM - Blue,Blue Single Shaker,,specification_review,,,,,https://www.oppeincabinetry.ca/shop/bss-cvcm-cvcm-blue-15599,Missing or conflicting explicitly labelled W/H/D; Detailed profile/footprint or accessory specification needed for modeling
oppein-wss-cvcm,OPPEIN,WSS-CVCM,CVCM - White,White Single Shaker,,specification_review,,,,,https://www.oppeincabinetry.ca/shop/wss-cvcm-cvcm-white-11161,Missing or conflicting explicitly labelled W/H/D; Detailed profile/footprint or accessory specification needed for modeling
oppein-mpw-cb30d,OPPEIN,MPW-CB30D,Closet Base Section,,,specification_review,762.0,1066.8,609.6,,https://www.oppeincabinetry.ca/shop/mpw-cb30d-closet-base-section-16128,Finish/profile needs verification; Detailed profile/footprint or accessory specification needed for modeling
oppein-mpw-cb24,OPPEIN,MPW-CB24,Closet Base Section,,,specification_review,609.6,1066.8,381.0,,https://www.oppeincabinetry.ca/shop/mpw-cb24-closet-base-section-16129,Finish/profile needs verification; Detailed profile/footprint or accessory specification needed for modeling
oppein-mpw-cb24d,OPPEIN,MPW-CB24D,Closet Base Section,,,specification_review,609.6,1066.8,609.6,,https://www.oppeincabinetry.ca/shop/mpw-cb24d-closet-base-section-16127,Finish/profile needs verification; Detailed profile/footprint or accessory specification needed for modeling
oppein-mpw-cb30,OPPEIN,MPW-CB30,Closet Base Section,,,specification_review,762.0,1066.8,381.0,,https://www.oppeincabinetry.ca/shop/mpw-cb30-closet-base-section-16130,Finish/profile needs verification; Detailed profile/footprint or accessory specification needed for modeling
oppein-mpw-c3084hd,OPPEIN,MPW-C3084HD,Closet Basic Section for Hanging,,,specification_review,762.0,2133.6,609.6,,https://www.oppeincabinetry.ca/shop/mpw-c3084hd-closet-basic-section-for-hanging-16123,Finish/profile needs verification; Detailed profile/footprint or accessory specification needed for modeling
oppein-mpw-c3684hd,OPPEIN,MPW-C3684HD,Closet Basic Section for Hanging,,,specification_review,914.4,2133.6,609.6,,https://www.oppeincabinetry.ca/shop/mpw-c3684hd-closet-basic-section-for-hanging-16124,Finish/profile needs verification; Detailed profile/footprint or accessory specification needed for modeling
oppein-mpw-c3084h,OPPEIN,MPW-C3084H,Closet Basic Section for Hanging,,,specification_review,762.0,2133.6,381.0,,https://www.oppeincabinetry.ca/shop/mpw-c3084h-closet-basic-section-for-hanging-16125,Finish/profile needs verification; Detailed profile/footprint or accessory specification needed for modeling
oppein-mpw-c3684h,OPPEIN,MPW-C3684H,Closet Basic Section for Hanging,,,specification_review,914.4,2133.6,381.0,,https://www.oppeincabinetry.ca/shop/mpw-c3684h-closet-basic-section-for-hanging-16126,Finish/profile needs verification; Detailed profile/footprint or accessory specification needed for modeling
oppein-mpw-c3684d,OPPEIN,MPW-C3684D,Closet Basic Section for Shelves,,,specification_review,914.4,2133.6,609.6,,https://www.oppeincabinetry.ca/shop/mpw-c3684d-closet-basic-section-for-shelves-16117,Finish/profile needs verification; Detailed profile/footprint or accessory specification needed for modeling
oppein-mpw-c2484d,OPPEIN,MPW-C2484D,Closet Basic Section for Shelves,,,specification_review,609.6,2133.6,609.6,,https://www.oppeincabinetry.ca/shop/mpw-c2484d-closet-basic-section-for-shelves-16115,Finish/profile needs verification; Detailed profile/footprint or accessory specification needed for modeling
oppein-mpw-c2484,OPPEIN,MPW-C2484,Closet Basic Section for Shelves,,,specification_review,609.6,2133.6,381.0,,https://www.oppeincabinetry.ca/shop/mpw-c2484-closet-basic-section-for-shelves-16120,Finish/profile needs verification; Detailed profile/footprint or accessory specification needed for modeling
oppein-mpw-c3084,OPPEIN,MPW-C3084,Closet Basic Section for Shelves,,,specification_review,762.0,2133.6,381.0,,https://www.oppeincabinetry.ca/shop/mpw-c3084-closet-basic-section-for-shelves-16121,Finish/profile needs verification; Detailed profile/footprint or accessory specification needed for modeling
oppein-mpw-c3684,OPPEIN,MPW-C3684,Closet Basic Section for Shelves,,,specification_review,914.4,2133.6,381.0,,https://www.oppeincabinetry.ca/shop/mpw-c3684-closet-basic-section-for-shelves-16122,Finish/profile needs verification; Detailed profile/footprint or accessory specification needed for modeling
oppein-mpw-c1884,OPPEIN,MPW-C1884,Closet Basic Section for Shelves,,,specification_review,457.2,2133.6,381.0,,https://www.oppeincabinetry.ca/shop/mpw-c1884-closet-basic-section-for-shelves-16119,Finish/profile needs verification; Detailed profile/footprint or accessory specification needed for modeling
oppein-mpw-c3084d,OPPEIN,MPW-C3084D,Closet Basic Section for Shelves,,,specification_review,762.0,2133.6,609.6,,https://www.oppeincabinetry.ca/shop/mpw-c3084d-closet-basic-section-for-shelves-16116,Finish/profile needs verification; Detailed profile/footprint or accessory specification needed for modeling
oppein-mpw-c1584,OPPEIN,MPW-C1584,Closet Basic Section for Shelves,,,specification_review,381.0,2133.6,381.0,,https://www.oppeincabinetry.ca/shop/mpw-c1584-closet-basic-section-for-shelves-16118,Finish/profile needs verification; Detailed profile/footprint or accessory specification needed for modeling
oppein-mpw-c1884d,OPPEIN,MPW-C1884D,Closet Basic Section for Shelves,,,specification_review,457.2,2133.6,609.6,,https://www.oppeincabinetry.ca/shop/mpw-c1884d-closet-basic-section-for-shelves-16114,Finish/profile needs verification; Detailed profile/footprint or accessory specification needed for modeling
oppein-mpw-c1584d,OPPEIN,MPW-C1584D,Closet Basic Section for Shelves,,,specification_review,381.0,2133.6,609.6,,https://www.oppeincabinetry.ca/shop/mpw-c1584d-closet-basic-section-for-shelves-15854,Finish/profile needs verification; Detailed profile/footprint or accessory specification needed for modeling
oppein-mpw-er3084,OPPEIN,MPW-ER3084,Closet Corner Section,,,specification_review,762.0,2133.6,762.0,,https://www.oppeincabinetry.ca/shop/mpw-er3084-closet-corner-section-16131,Finish/profile needs verification; Detailed profile/footprint or accessory specification needed for modeling
oppein-bss-dwep3,OPPEIN,BSS-DWEP3,Dishwasher End Panel - Blue,Blue Single Shaker,,specification_review,,,,,https://www.oppeincabinetry.ca/shop/bss-dwep3-dishwasher-end-panel-blue-15597,Missing or conflicting explicitly labelled W/H/D; Detailed profile/footprint or accessory specification needed for modeling
oppein-ply-mso-doc3090,OPPEIN,PLY-MSO-DOC3090,Double Oven Cabinet,Smoked Oak,Plywood,specification_review,762.0,2286.0,606.425,,https://www.oppeincabinetry.ca/shop/ply-mso-doc3090-double-oven-cabinet-14715,Detailed profile/footprint or accessory specification needed for modeling
oppein-ply-mso-doc3096,OPPEIN,PLY-MSO-DOC3096,Double Oven Cabinet,Smoked Oak,Plywood,specification_review,762.0,2438.4,606.425,,https://www.oppeincabinetry.ca/shop/ply-mso-doc3096-double-oven-cabinet-14716,Detailed profile/footprint or accessory specification needed for modeling
oppein-ply-bss-doc3096,OPPEIN,PLY-BSS-DOC3096,Double Oven Cabinet,Blue Single Shaker,Plywood,specification_review,762.0,2438.4,606.425,,https://www.oppeincabinetry.ca/shop/ply-bss-doc3096-double-oven-cabinet-15700,Detailed profile/footprint or accessory specification needed for modeling
oppein-ply-bss-doc3090,OPPEIN,PLY-BSS-DOC3090,Double Oven Cabinet,Blue Single Shaker,Plywood,specification_review,762.0,2286.0,606.425,,https://www.oppeincabinetry.ca/shop/ply-bss-doc3090-double-oven-cabinet-15699,Detailed profile/footprint or accessory specification needed for modeling
oppein-ply-bss-doc3084,OPPEIN,PLY-BSS-DOC3084,Double Oven Cabinet,Blue Single Shaker,Plywood,specification_review,762.0,2133.6,606.425,,https://www.oppeincabinetry.ca/shop/ply-bss-doc3084-double-oven-cabinet-15698,Detailed profile/footprint or accessory specification needed for modeling
oppein-ply-gss-doc3096,OPPEIN,PLY-GSS-DOC3096,Double Oven Cabinet,Gray Single Shaker,Plywood,specification_review,762.0,2438.4,606.425,,https://www.oppeincabinetry.ca/shop/ply-gss-doc3096-double-oven-cabinet-12109,Detailed profile/footprint or accessory specification needed for modeling
oppein-ply-gss-doc3090,OPPEIN,PLY-GSS-DOC3090,Double Oven Cabinet,Gray Single Shaker,Plywood,specification_review,762.0,2286.0,606.425,,https://www.oppeincabinetry.ca/shop/ply-gss-doc3090-double-oven-cabinet-12108,Detailed profile/footprint or accessory specification needed for modeling
oppein-ply-ssw-doc3096,OPPEIN,PLY-SSW-DOC3096,Double Oven Cabinet,White Slim Shaker,Plywood,specification_review,762.0,2438.4,606.425,,https://www.oppeincabinetry.ca/shop/ply-ssw-doc3096-double-oven-cabinet-12533,Detailed profile/footprint or accessory specification needed for modeling
oppein-ply-wss-doc3084,OPPEIN,PLY-WSS-DOC3084,Double Oven Cabinet,White Single Shaker,Plywood,specification_review,762.0,2133.6,606.425,,https://www.oppeincabinetry.ca/shop/ply-wss-doc3084-double-oven-cabinet-9963,Detailed profile/footprint or accessory specification needed for modeling
oppein-ply-mso-doc3084,OPPEIN,PLY-MSO-DOC3084,Double Oven Cabinet,Smoked Oak,Plywood,specification_review,762.0,2133.6,606.425,,https://www.oppeincabinetry.ca/shop/ply-mso-doc3084-double-oven-cabinet-14714,Detailed profile/footprint or accessory specification needed for modeling
oppein-ply-ssw-doc3090,OPPEIN,PLY-SSW-DOC3090,Double Oven Cabinet,White Slim Shaker,Plywood,specification_review,762.0,2286.0,606.425,,https://www.oppeincabinetry.ca/shop/ply-ssw-doc3090-double-oven-cabinet-12532,Detailed profile/footprint or accessory specification needed for modeling
oppein-ply-wss-doc3096,OPPEIN,PLY-WSS-DOC3096,Double Oven Cabinet,White Single Shaker,Plywood,specification_review,762.0,2438.4,606.425,,https://www.oppeincabinetry.ca/shop/ply-wss-doc3096-double-oven-cabinet-9964,Detailed profile/footprint or accessory specification needed for modeling
oppein-ply-gss-doc3084,OPPEIN,PLY-GSS-DOC3084,Double Oven Cabinet,Gray Single Shaker,Plywood,specification_review,762.0,2133.6,606.425,,https://www.oppeincabinetry.ca/shop/ply-gss-doc3084-double-oven-cabinet-12107,Detailed profile/footprint or accessory specification needed for modeling
oppein-ply-ssw-doc3084,OPPEIN,PLY-SSW-DOC3084,Double Oven Cabinet,White Slim Shaker,Plywood,specification_review,762.0,2133.6,606.425,,https://www.oppeincabinetry.ca/shop/ply-ssw-doc3084-double-oven-cabinet-12531,Detailed profile/footprint or accessory specification needed for modeling
oppein-ply-wss-doc3090,OPPEIN,PLY-WSS-DOC3090,Double Oven Cabinet,White Single Shaker,Plywood,specification_review,762.0,2286.0,606.425,,https://www.oppeincabinetry.ca/shop/ply-wss-doc3090-double-oven-cabinet-9962,Detailed profile/footprint or accessory specification needed for modeling
oppein-ply-pgw-doc3084,OPPEIN,PLY-PGW-DOC3084,Double Oven Cabinet,White High Gloss,Plywood,specification_review,762.0,2133.6,606.425,,https://www.oppeincabinetry.ca/shop/ply-pgw-doc3084-double-oven-cabinet-15450,Detailed profile/footprint or accessory specification needed for modeling
oppein-ply-mnw-doc3096,OPPEIN,PLY-MNW-DOC3096,Double Oven Cabinet,Natural Wood,Plywood,specification_review,762.0,2438.4,606.425,,https://www.oppeincabinetry.ca/shop/ply-mnw-doc3096-double-oven-cabinet-13995,Detailed profile/footprint or accessory specification needed for modeling
oppein-ply-pgw-doc3090,OPPEIN,PLY-PGW-DOC3090,Double Oven Cabinet,White High Gloss,Plywood,specification_review,762.0,2286.0,606.425,,https://www.oppeincabinetry.ca/shop/ply-pgw-doc3090-double-oven-cabinet-15451,Detailed profile/footprint or accessory specification needed for modeling
oppein-ply-pgw-doc3096,OPPEIN,PLY-PGW-DOC3096,Double Oven Cabinet,White High Gloss,Plywood,specification_review,762.0,2438.4,606.425,,https://www.oppeincabinetry.ca/shop/ply-pgw-doc3096-double-oven-cabinet-15452,Detailed profile/footprint or accessory specification needed for modeling
oppein-ply-mnw-doc3090,OPPEIN,PLY-MNW-DOC3090,Double Oven Cabinet,Natural Wood,Plywood,specification_review,762.0,2286.0,606.425,,https://www.oppeincabinetry.ca/shop/ply-mnw-doc3090-double-oven-cabinet-13994,Detailed profile/footprint or accessory specification needed for modeling
oppein-ply-mnw-doc3084,OPPEIN,PLY-MNW-DOC3084,Double Oven Cabinet,Natural Wood,Plywood,specification_review,762.0,2133.6,606.425,,https://www.oppeincabinetry.ca/shop/ply-mnw-doc3084-double-oven-cabinet-13993,Detailed profile/footprint or accessory specification needed for modeling
oppein-mpw-db24h,OPPEIN,MPW-DB24H,Drawer,,,specification_review,609.6,317.5,292.1,,https://www.oppeincabinetry.ca/shop/mpw-db24h-drawer-16138,Finish/profile needs verification; Detailed profile/footprint or accessory specification needed for modeling
oppein-mpw-db24n,OPPEIN,MPW-DB24N,Drawer,,,specification_review,609.6,155.575,292.1,,https://www.oppeincabinetry.ca/shop/mpw-db24n-drawer-16132,Finish/profile needs verification; Detailed profile/footprint or accessory specification needed for modeling
oppein-mpw-db30n,OPPEIN,MPW-DB30N,Drawer,,,specification_review,762.0,155.575,292.1,,https://www.oppeincabinetry.ca/shop/mpw-db30n-drawer-16133,Finish/profile needs verification; Detailed profile/footprint or accessory specification needed for modeling
oppein-mpw-db36n,OPPEIN,MPW-DB36N,Drawer,,,specification_review,914.4,155.575,292.1,,https://www.oppeincabinetry.ca/shop/mpw-db36n-drawer-16134,Finish/profile needs verification; Detailed profile/footprint or accessory specification needed for modeling
oppein-mpw-db24dn,OPPEIN,MPW-DB24DN,Drawer,,,specification_review,609.6,155.575,539.75,,https://www.oppeincabinetry.ca/shop/mpw-db24dn-drawer-16135,Finish/profile needs verification; Detailed profile/footprint or accessory specification needed for modeling
oppein-mpw-db30dn,OPPEIN,MPW-DB30DN,Drawer,,,specification_review,762.0,155.575,539.75,,https://www.oppeincabinetry.ca/shop/mpw-db30dn-drawer-16136,Finish/profile needs verification; Detailed profile/footprint or accessory specification needed for modeling
oppein-mpw-db36dn,OPPEIN,MPW-DB36DN,Drawer,,,specification_review,914.4,155.575,539.75,,https://www.oppeincabinetry.ca/shop/mpw-db36dn-drawer-16137,Finish/profile needs verification; Detailed profile/footprint or accessory specification needed for modeling
oppein-mpw-db30h,OPPEIN,MPW-DB30H,Drawer,,,specification_review,762.0,317.5,292.1,,https://www.oppeincabinetry.ca/shop/mpw-db30h-drawer-16139,Finish/profile needs verification; Detailed profile/footprint or accessory specification needed for modeling
oppein-mpw-db36h,OPPEIN,MPW-DB36H,Drawer,,,specification_review,914.4,317.5,292.1,,https://www.oppeincabinetry.ca/shop/mpw-db36h-drawer-16140,Finish/profile needs verification; Detailed profile/footprint or accessory specification needed for modeling
oppein-mpw-db24dh,OPPEIN,MPW-DB24DH,Drawer,,,specification_review,609.6,317.5,539.75,,https://www.oppeincabinetry.ca/shop/mpw-db24dh-drawer-16141,Finish/profile needs verification; Detailed profile/footprint or accessory specification needed for modeling
oppein-mpw-db30dh,OPPEIN,MPW-DB30DH,Drawer,,,specification_review,762.0,317.5,539.75,,https://www.oppeincabinetry.ca/shop/mpw-db30dh-drawer-16142,Finish/profile needs verification; Detailed profile/footprint or accessory specification needed for modeling
oppein-mpw-db36dh,OPPEIN,MPW-DB36DH,Drawer,,,specification_review,914.4,317.5,539.75,,https://www.oppeincabinetry.ca/shop/mpw-db36dh-drawer-16143,Finish/profile needs verification; Detailed profile/footprint or accessory specification needed for modeling
oppein-mpw-ctf684,OPPEIN,MPW-CTF684,Filler,,,specification_review,152.4,2133.6,19.05,,https://www.oppeincabinetry.ca/shop/mpw-ctf684-filler-16158,Finish/profile needs verification; Detailed profile/footprint or accessory specification needed for modeling
oppein-mpw-ctf384,OPPEIN,MPW-CTF384,Filler,,,specification_review,76.2,2133.6,19.05,,https://www.oppeincabinetry.ca/shop/mpw-ctf384-filler-16157,Finish/profile needs verification; Detailed profile/footprint or accessory specification needed for modeling
oppein-bss-tf696,OPPEIN,BSS-TF696,Filler- Blue,Blue Single Shaker,,specification_review,,,,,https://www.oppeincabinetry.ca/shop/bss-tf696-filler-blue-15565,Missing or conflicting explicitly labelled W/H/D; Detailed profile/footprint or accessory specification needed for modeling
oppein-bss-wf642,OPPEIN,BSS-WF642,Filler- Blue,Blue Single Shaker,,specification_review,,,,,https://www.oppeincabinetry.ca/shop/bss-wf642-filler-blue-15543,Missing or conflicting explicitly labelled W/H/D; Detailed profile/footprint or accessory specification needed for modeling
oppein-bss-wf636,OPPEIN,BSS-WF636,Filler- Blue,Blue Single Shaker,,specification_review,,,,,https://www.oppeincabinetry.ca/shop/bss-wf636-filler-blue-15545,Missing or conflicting explicitly labelled W/H/D; Detailed profile/footprint or accessory specification needed for modeling
oppein-bss-wf630,OPPEIN,BSS-WF630,Filler- Blue,Blue Single Shaker,,specification_review,,,,,https://www.oppeincabinetry.ca/shop/bss-wf630-filler-blue-15547,Missing or conflicting explicitly labelled W/H/D; Detailed profile/footprint or accessory specification needed for modeling
oppein-bss-wf342,OPPEIN,BSS-WF342,Filler- Blue,Blue Single Shaker,,specification_review,,,,,https://www.oppeincabinetry.ca/shop/bss-wf342-filler-blue-15549,Missing or conflicting explicitly labelled W/H/D; Detailed profile/footprint or accessory specification needed for modeling
oppein-bss-wf330,OPPEIN,BSS-WF330,Filler- Blue,Blue Single Shaker,,specification_review,,,,,https://www.oppeincabinetry.ca/shop/bss-wf330-filler-blue-15551,Missing or conflicting explicitly labelled W/H/D; Detailed profile/footprint or accessory specification needed for modeling
oppein-bss-tf396,OPPEIN,BSS-TF396,Filler- Blue,Blue Single Shaker,,specification_review,,,,,https://www.oppeincabinetry.ca/shop/bss-tf396-filler-blue-15567,Missing or conflicting explicitly labelled W/H/D; Detailed profile/footprint or accessory specification needed for modeling
oppein-bss-wf336,OPPEIN,BSS-WF336,Filler- Blue,Blue Single Shaker,,specification_review,,,,,https://www.oppeincabinetry.ca/shop/bss-wf336-filler-blue-15528,Missing or conflicting explicitly labelled W/H/D; Detailed profile/footprint or accessory specification needed for modeling
oppein-pgw-wf342,OPPEIN,PGW-WF342,Filler- High White Gloss,White High Gloss,,specification_review,,,,,https://www.oppeincabinetry.ca/shop/pgw-wf342-filler-high-white-gloss-10687,Missing or conflicting explicitly labelled W/H/D; Detailed profile/footprint or accessory specification needed for modeling
oppein-pgw-wf636,OPPEIN,PGW-WF636,Filler- High White Gloss,White High Gloss,,specification_review,,,,,https://www.oppeincabinetry.ca/shop/pgw-wf636-filler-high-white-gloss-10689,Missing or conflicting explicitly labelled W/H/D; Detailed profile/footprint or accessory specification needed for modeling
oppein-pgw-wf642,OPPEIN,PGW-WF642,Filler- High White Gloss,White High Gloss,,specification_review,,,,,https://www.oppeincabinetry.ca/shop/pgw-wf642-filler-high-white-gloss-10690,Missing or conflicting explicitly labelled W/H/D; Detailed profile/footprint or accessory specification needed for modeling
oppein-pgw-tf396,OPPEIN,PGW-TF396,Filler- High White Gloss,White High Gloss,,specification_review,,,,,https://www.oppeincabinetry.ca/shop/pgw-tf396-filler-high-white-gloss-10683,Missing or conflicting explicitly labelled W/H/D; Detailed profile/footprint or accessory specification needed for modeling
oppein-pgw-wf336,OPPEIN,PGW-WF336,Filler- High White Gloss,White High Gloss,,specification_review,,,,,https://www.oppeincabinetry.ca/shop/pgw-wf336-filler-high-white-gloss-10686,Missing or conflicting explicitly labelled W/H/D; Detailed profile/footprint or accessory specification needed for modeling
oppein-pgw-tf696,OPPEIN,PGW-TF696,Filler- High White Gloss,White High Gloss,,specification_review,,,,,https://www.oppeincabinetry.ca/shop/pgw-tf696-filler-high-white-gloss-10684,Missing or conflicting explicitly labelled W/H/D; Detailed profile/footprint or accessory specification needed for modeling
oppein-pgw-wf330,OPPEIN,PGW-WF330,Filler- High White Gloss,White High Gloss,,specification_review,,,,,https://www.oppeincabinetry.ca/shop/pgw-wf330-filler-high-white-gloss-10685,Missing or conflicting explicitly labelled W/H/D; Detailed profile/footprint or accessory specification needed for modeling
oppein-pgw-wf630,OPPEIN,PGW-WF630,Filler- High White Gloss,White High Gloss,,specification_review,,,,,https://www.oppeincabinetry.ca/shop/pgw-wf630-filler-high-white-gloss-10688,Missing or conflicting explicitly labelled W/H/D; Detailed profile/footprint or accessory specification needed for modeling
oppein-mnw-wf336,OPPEIN,MNW-WF336,Filler- Natural Wood,Natural Wood,,specification_review,,,,,https://www.oppeincabinetry.ca/shop/mnw-wf336-filler-natural-wood-10331,Missing or conflicting explicitly labelled W/H/D; Detailed profile/footprint or accessory specification needed for modeling
oppein-mnw-wf642,OPPEIN,MNW-WF642,Filler- Natural Wood,Natural Wood,,specification_review,,,,,https://www.oppeincabinetry.ca/shop/mnw-wf642-filler-natural-wood-10335,Missing or conflicting explicitly labelled W/H/D; Detailed profile/footprint or accessory specification needed for modeling
oppein-mnw-wf330,OPPEIN,MNW-WF330,Filler- Natural Wood,Natural Wood,,specification_review,,,,,https://www.oppeincabinetry.ca/shop/mnw-wf330-filler-natural-wood-10330,Missing or conflicting explicitly labelled W/H/D; Detailed profile/footprint or accessory specification needed for modeling
oppein-mnw-tf696,OPPEIN,MNW-TF696,Filler- Natural Wood,Natural Wood,,specification_review,,,,,https://www.oppeincabinetry.ca/shop/mnw-tf696-filler-natural-wood-10329,Missing or conflicting explicitly labelled W/H/D; Detailed profile/footprint or accessory specification needed for modeling
oppein-mnw-tf396,OPPEIN,MNW-TF396,Filler- Natural Wood,Natural Wood,,specification_review,,,,,https://www.oppeincabinetry.ca/shop/mnw-tf396-filler-natural-wood-10328,Missing or conflicting explicitly labelled W/H/D; Detailed profile/footprint or accessory specification needed for modeling
oppein-mnw-wf342,OPPEIN,MNW-WF342,Filler- Natural Wood,Natural Wood,,specification_review,,,,,https://www.oppeincabinetry.ca/shop/mnw-wf342-filler-natural-wood-10332,Missing or conflicting explicitly labelled W/H/D; Detailed profile/footprint or accessory specification needed for modeling
oppein-mnw-wf630,OPPEIN,MNW-WF630,Filler- Natural Wood,Natural Wood,,specification_review,,,,,https://www.oppeincabinetry.ca/shop/mnw-wf630-filler-natural-wood-10333,Missing or conflicting explicitly labelled W/H/D; Detailed profile/footprint or accessory specification needed for modeling
oppein-mnw-wf636,OPPEIN,MNW-WF636,Filler- Natural Wood,Natural Wood,,specification_review,,,,,https://www.oppeincabinetry.ca/shop/mnw-wf636-filler-natural-wood-10334,Missing or conflicting explicitly labelled W/H/D; Detailed profile/footprint or accessory specification needed for modeling
oppein-mso-wf642,OPPEIN,MSO-WF642,Filler- Smoked Oak,Smoked Oak,,specification_review,,,,,https://www.oppeincabinetry.ca/shop/mso-wf642-filler-smoked-oak-10505,Missing or conflicting explicitly labelled W/H/D; Detailed profile/footprint or accessory specification needed for modeling
oppein-mso-wf636,OPPEIN,MSO-WF636,Filler- Smoked Oak,Smoked Oak,,specification_review,,,,,https://www.oppeincabinetry.ca/shop/mso-wf636-filler-smoked-oak-10504,Missing or conflicting explicitly labelled W/H/D; Detailed profile/footprint or accessory specification needed for modeling
oppein-mso-wf342,OPPEIN,MSO-WF342,Filler- Smoked Oak,Smoked Oak,,specification_review,,,,,https://www.oppeincabinetry.ca/shop/mso-wf342-filler-smoked-oak-10502,Missing or conflicting explicitly labelled W/H/D; Detailed profile/footprint or accessory specification needed for modeling
oppein-mso-wf630,OPPEIN,MSO-WF630,Filler- Smoked Oak,Smoked Oak,,specification_review,,,,,https://www.oppeincabinetry.ca/shop/mso-wf630-filler-smoked-oak-10503,Missing or conflicting explicitly labelled W/H/D; Detailed profile/footprint or accessory specification needed for modeling
oppein-mso-wf330,OPPEIN,MSO-WF330,Filler- Smoked Oak,Smoked Oak,,specification_review,,,,,https://www.oppeincabinetry.ca/shop/mso-wf330-filler-smoked-oak-10500,Missing or conflicting explicitly labelled W/H/D; Detailed profile/footprint or accessory specification needed for modeling
oppein-mso-tf696,OPPEIN,MSO-TF696,Filler- Smoked Oak,Smoked Oak,,specification_review,,,,,https://www.oppeincabinetry.ca/shop/mso-tf696-filler-smoked-oak-10499,Missing or conflicting explicitly labelled W/H/D; Detailed profile/footprint or accessory specification needed for modeling
oppein-mso-wf336,OPPEIN,MSO-WF336,Filler- Smoked Oak,Smoked Oak,,specification_review,,,,,https://www.oppeincabinetry.ca/shop/mso-wf336-filler-smoked-oak-10501,Missing or conflicting explicitly labelled W/H/D; Detailed profile/footprint or accessory specification needed for modeling
oppein-mso-tf396,OPPEIN,MSO-TF396,Filler- Smoked Oak,Smoked Oak,,specification_review,,,,,https://www.oppeincabinetry.ca/shop/mso-tf396-filler-smoked-oak-10498,Missing or conflicting explicitly labelled W/H/D; Detailed profile/footprint or accessory specification needed for modeling
oppein-wss-wf636,OPPEIN,WSS-WF636,Filler- White,White Single Shaker,,specification_review,,,,,https://www.oppeincabinetry.ca/shop/wss-wf636-filler-white-11202,Missing or conflicting explicitly labelled W/H/D; Detailed profile/footprint or accessory specification needed for modeling
oppein-wss-wf330,OPPEIN,WSS-WF330,Filler- White,White Single Shaker,,specification_review,,,,,https://www.oppeincabinetry.ca/shop/wss-wf330-filler-white-11198,Missing or conflicting explicitly labelled W/H/D; Detailed profile/footprint or accessory specification needed for modeling
oppein-wss-wf336,OPPEIN,WSS-WF336,Filler- White,White Single Shaker,,specification_review,,,,,https://www.oppeincabinetry.ca/shop/wss-wf336-filler-white-11199,Missing or conflicting explicitly labelled W/H/D; Detailed profile/footprint or accessory specification needed for modeling
oppein-wss-wf630,OPPEIN,WSS-WF630,Filler- White,White Single Shaker,,specification_review,,,,,https://www.oppeincabinetry.ca/shop/wss-wf630-filler-white-11201,Missing or conflicting explicitly labelled W/H/D; Detailed profile/footprint or accessory specification needed for modeling
oppein-wss-wf642,OPPEIN,WSS-WF642,Filler- White,White Single Shaker,,specification_review,,,,,https://www.oppeincabinetry.ca/shop/wss-wf642-filler-white-11203,Missing or conflicting explicitly labelled W/H/D; Detailed profile/footprint or accessory specification needed for modeling
oppein-wss-wf342,OPPEIN,WSS-WF342,Filler- White,White Single Shaker,,specification_review,,,,,https://www.oppeincabinetry.ca/shop/wss-wf342-filler-white-11200,Missing or conflicting explicitly labelled W/H/D; Detailed profile/footprint or accessory specification needed for modeling
oppein-wss-tf696,OPPEIN,WSS-TF696,Filler- White,White Single Shaker,,specification_review,,,,,https://www.oppeincabinetry.ca/shop/wss-tf696-filler-white-11197,Missing or conflicting explicitly labelled W/H/D; Detailed profile/footprint or accessory specification needed for modeling
oppein-wss-tf396,OPPEIN,WSS-TF396,Filler- White,White Single Shaker,,specification_review,,,,,https://www.oppeincabinetry.ca/shop/wss-tf396-filler-white-11196,Missing or conflicting explicitly labelled W/H/D; Detailed profile/footprint or accessory specification needed for modeling
oppein-wss-fs30,OPPEIN,WSS-FS30,Floating Shelf,White Single Shaker,,specification_review,,,,,https://www.oppeincabinetry.ca/shop/wss-fs30-floating-shelf-11167,Missing or conflicting explicitly labelled W/H/D; Detailed profile/footprint or accessory specification needed for modeling
oppein-wss-fs24,OPPEIN,WSS-FS24,Floating Shelf,White Single Shaker,,specification_review,,,,,https://www.oppeincabinetry.ca/shop/wss-fs24-floating-shelf-11166,Missing or conflicting explicitly labelled W/H/D; Detailed profile/footprint or accessory specification needed for modeling
oppein-wss-fs36,OPPEIN,WSS-FS36,Floating Shelf,White Single Shaker,,specification_review,,,,,https://www.oppeincabinetry.ca/shop/wss-fs36-floating-shelf-11168,Missing or conflicting explicitly labelled W/H/D; Detailed profile/footprint or accessory specification needed for modeling
oppein-mnw-fs36,OPPEIN,MNW-FS36,Floating Shelf - Natural Wood,Natural Wood,,specification_review,,,,,https://www.oppeincabinetry.ca/shop/mnw-fs36-floating-shelf-natural-wood-10309,Missing or conflicting explicitly labelled W/H/D; Detailed profile/footprint or accessory specification needed for modeling
oppein-mnw-fs24,OPPEIN,MNW-FS24,Floating Shelf - Natural Wood,Natural Wood,,specification_review,,,,,https://www.oppeincabinetry.ca/shop/mnw-fs24-floating-shelf-natural-wood-10307,Missing or conflicting explicitly labelled W/H/D; Detailed profile/footprint or accessory specification needed for modeling
oppein-mnw-fs30,OPPEIN,MNW-FS30,Floating Shelf - Natural Wood,Natural Wood,,specification_review,,,,,https://www.oppeincabinetry.ca/shop/mnw-fs30-floating-shelf-natural-wood-10308,Missing or conflicting explicitly labelled W/H/D; Detailed profile/footprint or accessory specification needed for modeling
oppein-mso-fs24,OPPEIN,MSO-FS24,Floating Shelf - Smoked Oak,Smoked Oak,,specification_review,,,,,https://www.oppeincabinetry.ca/shop/mso-fs24-floating-shelf-smoked-oak-10477,Missing or conflicting explicitly labelled W/H/D; Detailed profile/footprint or accessory specification needed for modeling
oppein-mso-fs30,OPPEIN,MSO-FS30,Floating Shelf - Smoked Oak,Smoked Oak,,specification_review,,,,,https://www.oppeincabinetry.ca/shop/mso-fs30-floating-shelf-smoked-oak-10478,Missing or conflicting explicitly labelled W/H/D; Detailed profile/footprint or accessory specification needed for modeling
oppein-mso-fs36,OPPEIN,MSO-FS36,Floating Shelf - Smoked Oak,Smoked Oak,,specification_review,,,,,https://www.oppeincabinetry.ca/shop/mso-fs36-floating-shelf-smoked-oak-10479,Missing or conflicting explicitly labelled W/H/D; Detailed profile/footprint or accessory specification needed for modeling
oppein-hw-blum fold lift,OPPEIN,HW-BLUM FOLD LIFT,HW-BLUM FOLD LIFT,,,specification_review,,,,,https://www.oppeincabinetry.ca/shop/hw-blum-fold-lift-hw-blum-fold-lift-11411,Missing or conflicting explicitly labelled W/H/D; Finish/profile needs verification; Detailed profile/footprint or accessory specification needed for modeling
oppein-hw-blum lift,OPPEIN,HW-BLUM LIFT,HW-BLUM STAY LIFT,,,specification_review,,,,,https://www.oppeincabinetry.ca/shop/hw-blum-lift-hw-blum-stay-lift-11412,Missing or conflicting explicitly labelled W/H/D; Finish/profile needs verification; Detailed profile/footprint or accessory specification needed for modeling
oppein-hw-hr30,OPPEIN,HW-HR30,Hanging Rod,,,specification_review,762.0,,,,https://www.oppeincabinetry.ca/shop/hw-hr30-hanging-rod-16148,Missing or conflicting explicitly labelled W/H/D; Finish/profile needs verification; Detailed profile/footprint or accessory specification needed for modeling
oppein-hw-hr36,OPPEIN,HW-HR36,Hanging Rod,,,specification_review,914.4,,,,https://www.oppeincabinetry.ca/shop/hw-hr36-hanging-rod-16149,Missing or conflicting explicitly labelled W/H/D; Finish/profile needs verification; Detailed profile/footprint or accessory specification needed for modeling
oppein-hw-hr24,OPPEIN,HW-HR24,Hanging Rod,,,specification_review,609.6,,,,https://www.oppeincabinetry.ca/shop/hw-hr24-hanging-rod-16147,Missing or conflicting explicitly labelled W/H/D; Finish/profile needs verification; Detailed profile/footprint or accessory specification needed for modeling
oppein-hw-bbc45-swing left,OPPEIN,HW-BBC45-SWING LEFT,Hardware BBC45 Swing Left,,,specification_review,,,,,https://www.oppeincabinetry.ca/shop/hw-bbc45-swing-left-hardware-bbc45-swing-left-10238,Missing or conflicting explicitly labelled W/H/D; Finish/profile needs verification; Detailed profile/footprint or accessory specification needed for modeling
oppein-hw-bbc45-swing right,OPPEIN,HW-BBC45-SWING RIGHT,Hardware BBC45 Swing Right,,,specification_review,,,,,https://www.oppeincabinetry.ca/shop/hw-bbc45-swing-right-hardware-bbc45-swing-right-10239,Missing or conflicting explicitly labelled W/H/D; Finish/profile needs verification; Detailed profile/footprint or accessory specification needed for modeling
oppein-hw-bls33-tray,OPPEIN,HW-BLS33-TRAY,Hardware BLS33 Tray,,,specification_review,,,,,https://www.oppeincabinetry.ca/shop/hw-bls33-tray-hardware-bls33-tray-10240,Missing or conflicting explicitly labelled W/H/D; Finish/profile needs verification; Detailed profile/footprint or accessory specification needed for modeling
oppein-hw-bls36-tray,OPPEIN,HW-BLS36-TRAY,Hardware BLS36 Tray,,,specification_review,,,,,https://www.oppeincabinetry.ca/shop/hw-bls36-tray-hardware-bls36-tray-10241,Missing or conflicting explicitly labelled W/H/D; Finish/profile needs verification; Detailed profile/footprint or accessory specification needed for modeling
oppein-hw-bsr09-spice rack,OPPEIN,HW-BSR09-SPICE RACK,Hardware BSR09 SPICE RACK,,,specification_review,,,,,https://www.oppeincabinetry.ca/shop/hw-bsr09-spice-rack-hardware-bsr09-spice-rack-10242,Missing or conflicting explicitly labelled W/H/D; Finish/profile needs verification; Detailed profile/footprint or accessory specification needed for modeling
oppein-hw-bsr12-spice rack,OPPEIN,HW-BSR12-SPICE RACK,Hardware BSR12 SPICE RACK,,,specification_review,,,,,https://www.oppeincabinetry.ca/shop/hw-bsr12-spice-rack-hardware-bsr12-spice-rack-10243,Missing or conflicting explicitly labelled W/H/D; Finish/profile needs verification; Detailed profile/footprint or accessory specification needed for modeling
oppein-hw-btc18-trash can,OPPEIN,HW-BTC18-TRASH CAN,Hardware BTC18 Trash Can,,,specification_review,,,,,https://www.oppeincabinetry.ca/shop/hw-btc18-trash-can-hardware-btc18-trash-can-10244,Missing or conflicting explicitly labelled W/H/D; Finish/profile needs verification; Detailed profile/footprint or accessory specification needed for modeling
oppein-hw-drawer-high,OPPEIN,HW-DRAWER-HIGH,Hardware Drawer High,,,specification_review,,,,,https://www.oppeincabinetry.ca/shop/hw-drawer-high-hardware-drawer-high-10245,Missing or conflicting explicitly labelled W/H/D; Finish/profile needs verification; Detailed profile/footprint or accessory specification needed for modeling
oppein-hw-drawer-low,OPPEIN,HW-DRAWER-LOW,Hardware Drawer Low,,,specification_review,,,,,https://www.oppeincabinetry.ca/shop/hw-drawer-low-hardware-drawer-low-10246,Missing or conflicting explicitly labelled W/H/D; Finish/profile needs verification; Detailed profile/footprint or accessory specification needed for modeling
oppein-hw-hinge135,OPPEIN,HW-HINGE135,Hardware HINGE135,,,specification_review,,,,,https://www.oppeincabinetry.ca/shop/hw-hinge135-hardware-hinge135-10248,Missing or conflicting explicitly labelled W/H/D; Finish/profile needs verification; Detailed profile/footprint or accessory specification needed for modeling
oppein-hw-hinge155,OPPEIN,HW-HINGE155,Hardware HINGE155,,,specification_review,,,,,https://www.oppeincabinetry.ca/shop/hw-hinge155-hardware-hinge155-10249,Missing or conflicting explicitly labelled W/H/D; Finish/profile needs verification; Detailed profile/footprint or accessory specification needed for modeling
oppein-hw-hinge45,OPPEIN,HW-HINGE45,Hardware HINGE45,,,specification_review,,,,,https://www.oppeincabinetry.ca/shop/hw-hinge45-hardware-hinge45-10250,Missing or conflicting explicitly labelled W/H/D; Finish/profile needs verification; Detailed profile/footprint or accessory specification needed for modeling
oppein-bss-ocm8,OPPEIN,BSS-OCM8,OCM8 - Blue,Blue Single Shaker,,specification_review,,,,,https://www.oppeincabinetry.ca/shop/bss-ocm8-ocm8-blue-15579,Missing or conflicting explicitly labelled W/H/D; Detailed profile/footprint or accessory specification needed for modeling
oppein-wss-ocm8,OPPEIN,WSS-OCM8,OCM8 - White,White Single Shaker,,specification_review,,,,,https://www.oppeincabinetry.ca/shop/wss-ocm8-ocm8-white-11180,Missing or conflicting explicitly labelled W/H/D; Detailed profile/footprint or accessory specification needed for modeling
oppein-pb-ssw-pc2490,OPPEIN,PB-SSW-PC2490,Pantry Cabinet,White Slim Shaker,Particle board,model_ready,609.6,2286.0,606.425,/cabinet-inventory/models/oppein-pb-ssw-pc2490.glb,https://www.oppeincabinetry.ca/shop/pb-ssw-pc2490-pantry-cabinet-18930,
oppein-pb-mnw-pc3084,OPPEIN,PB-MNW-PC3084,Pantry Cabinet,Natural Wood,Particle board,model_ready,762.0,2133.6,606.425,/cabinet-inventory/models/oppein-pb-mnw-pc3084.glb,https://www.oppeincabinetry.ca/shop/pb-mnw-pc3084-pantry-cabinet-18660,
oppein-pb-mnw-pc3090,OPPEIN,PB-MNW-PC3090,Pantry Cabinet,Natural Wood,Particle board,model_ready,762.0,2286.0,606.425,/cabinet-inventory/models/oppein-pb-mnw-pc3090.glb,https://www.oppeincabinetry.ca/shop/pb-mnw-pc3090-pantry-cabinet-18661,
oppein-pb-mnw-pc3096,OPPEIN,PB-MNW-PC3096,Pantry Cabinet,Natural Wood,Particle board,model_ready,762.0,2438.4,606.425,/cabinet-inventory/models/oppein-pb-mnw-pc3096.glb,https://www.oppeincabinetry.ca/shop/pb-mnw-pc3096-pantry-cabinet-18662,
oppein-ply-wss-pc2484,OPPEIN,PLY-WSS-PC2484,Pantry Cabinet,White Single Shaker,Plywood,model_ready,609.6,2133.6,606.425,/cabinet-library/models/PLY-WSS-PC2484.glb,https://www.oppeincabinetry.ca/shop/ply-wss-pc2484-pantry-cabinet-9968,
oppein-ply-wss-pc1890,OPPEIN,PLY-WSS-PC1890,Pantry Cabinet,White Single Shaker,Plywood,model_ready,457.2,2286.0,606.425,/cabinet-library/models/PLY-WSS-PC1890.glb,https://www.oppeincabinetry.ca/shop/ply-wss-pc1890-pantry-cabinet-9967,
oppein-ply-mso-pc2496,OPPEIN,PLY-MSO-PC2496,Pantry Cabinet,Smoked Oak,Plywood,model_ready,609.6,2438.4,606.425,/cabinet-inventory/models/oppein-ply-mso-pc2496.glb,https://www.oppeincabinetry.ca/shop/ply-mso-pc2496-pantry-cabinet-14722,
oppein-ply-wss-pc1896,OPPEIN,PLY-WSS-PC1896,Pantry Cabinet,White Single Shaker,Plywood,model_ready,457.2,2438.4,606.425,/cabinet-library/models/PLY-WSS-PC1896.glb,https://www.oppeincabinetry.ca/shop/ply-wss-pc1896-pantry-cabinet-9965,
oppein-ply-mso-pc2490,OPPEIN,PLY-MSO-PC2490,Pantry Cabinet,Smoked Oak,Plywood,model_ready,609.6,2286.0,606.425,/cabinet-inventory/models/oppein-ply-mso-pc2490.glb,https://www.oppeincabinetry.ca/shop/ply-mso-pc2490-pantry-cabinet-14721,
oppein-pb-pgw-pc1884,OPPEIN,PB-PGW-PC1884,Pantry Cabinet,White High Gloss,Particle board,model_ready,457.2,2133.6,606.425,/cabinet-inventory/models/oppein-pb-pgw-pc1884.glb,https://www.oppeincabinetry.ca/shop/pb-pgw-pc1884-pantry-cabinet-18107,
oppein-pb-pgw-pc1890,OPPEIN,PB-PGW-PC1890,Pantry Cabinet,White High Gloss,Particle board,model_ready,457.2,2286.0,606.425,/cabinet-inventory/models/oppein-pb-pgw-pc1890.glb,https://www.oppeincabinetry.ca/shop/pb-pgw-pc1890-pantry-cabinet-18108,
oppein-ply-wss-pc1884,OPPEIN,PLY-WSS-PC1884,Pantry Cabinet,White Single Shaker,Plywood,model_ready,457.2,2133.6,606.425,/cabinet-library/models/PLY-WSS-PC1884.glb,https://www.oppeincabinetry.ca/shop/ply-wss-pc1884-pantry-cabinet-9966,
oppein-pb-pgw-pc1896,OPPEIN,PB-PGW-PC1896,Pantry Cabinet,White High Gloss,Particle board,model_ready,457.2,2438.4,606.425,/cabinet-inventory/models/oppein-pb-pgw-pc1896.glb,https://www.oppeincabinetry.ca/shop/pb-pgw-pc1896-pantry-cabinet-18109,
oppein-pb-pgw-pc2484,OPPEIN,PB-PGW-PC2484,Pantry Cabinet,White High Gloss,Particle board,model_ready,609.6,2133.6,606.425,/cabinet-inventory/models/oppein-pb-pgw-pc2484.glb,https://www.oppeincabinetry.ca/shop/pb-pgw-pc2484-pantry-cabinet-18110,
oppein-pb-pgw-pc2490,OPPEIN,PB-PGW-PC2490,Pantry Cabinet,White High Gloss,Particle board,model_ready,609.6,2286.0,606.425,/cabinet-inventory/models/oppein-pb-pgw-pc2490.glb,https://www.oppeincabinetry.ca/shop/pb-pgw-pc2490-pantry-cabinet-18111,
oppein-ply-mso-pc2484,OPPEIN,PLY-MSO-PC2484,Pantry Cabinet,Smoked Oak,Plywood,model_ready,609.6,2133.6,606.425,/cabinet-inventory/models/oppein-ply-mso-pc2484.glb,https://www.oppeincabinetry.ca/shop/ply-mso-pc2484-pantry-cabinet-14720,
oppein-ply-mso-pc1896,OPPEIN,PLY-MSO-PC1896,Pantry Cabinet,Smoked Oak,Plywood,model_ready,457.2,2438.4,606.425,/cabinet-inventory/models/oppein-ply-mso-pc1896.glb,https://www.oppeincabinetry.ca/shop/ply-mso-pc1896-pantry-cabinet-14719,
oppein-ply-mso-pc1890,OPPEIN,PLY-MSO-PC1890,Pantry Cabinet,Smoked Oak,Plywood,model_ready,457.2,2286.0,606.425,/cabinet-inventory/models/oppein-ply-mso-pc1890.glb,https://www.oppeincabinetry.ca/shop/ply-mso-pc1890-pantry-cabinet-14718,
oppein-pb-pgw-pc2496,OPPEIN,PB-PGW-PC2496,Pantry Cabinet,White High Gloss,Particle board,model_ready,609.6,2438.4,606.425,/cabinet-inventory/models/oppein-pb-pgw-pc2496.glb,https://www.oppeincabinetry.ca/shop/pb-pgw-pc2496-pantry-cabinet-18112,
oppein-ply-mso-pc1884,OPPEIN,PLY-MSO-PC1884,Pantry Cabinet,Smoked Oak,Plywood,model_ready,457.2,2133.6,606.425,/cabinet-inventory/models/oppein-ply-mso-pc1884.glb,https://www.oppeincabinetry.ca/shop/ply-mso-pc1884-pantry-cabinet-14717,
oppein-pb-pgw-pc3084,OPPEIN,PB-PGW-PC3084,Pantry Cabinet,White High Gloss,Particle board,model_ready,762.0,2133.6,606.425,/cabinet-inventory/models/oppein-pb-pgw-pc3084.glb,https://www.oppeincabinetry.ca/shop/pb-pgw-pc3084-pantry-cabinet-18113,
oppein-pb-pgw-pc3090,OPPEIN,PB-PGW-PC3090,Pantry Cabinet,White High Gloss,Particle board,model_ready,762.0,2286.0,606.425,/cabinet-inventory/models/oppein-pb-pgw-pc3090.glb,https://www.oppeincabinetry.ca/shop/pb-pgw-pc3090-pantry-cabinet-18114,
oppein-pb-pgw-pc3096,OPPEIN,PB-PGW-PC3096,Pantry Cabinet,White High Gloss,Particle board,model_ready,762.0,2438.4,606.425,/cabinet-inventory/models/oppein-pb-pgw-pc3096.glb,https://www.oppeincabinetry.ca/shop/pb-pgw-pc3096-pantry-cabinet-18115,
oppein-pb-wss-pc1884,OPPEIN,PB-WSS-PC1884,Pantry Cabinet,White Single Shaker,Particle board,model_ready,457.2,2133.6,606.425,/cabinet-inventory/models/oppein-pb-wss-pc1884.glb,https://www.oppeincabinetry.ca/shop/pb-wss-pc1884-pantry-cabinet-17835,
oppein-pb-wss-pc1890,OPPEIN,PB-WSS-PC1890,Pantry Cabinet,White Single Shaker,Particle board,model_ready,457.2,2286.0,606.425,/cabinet-inventory/models/oppein-pb-wss-pc1890.glb,https://www.oppeincabinetry.ca/shop/pb-wss-pc1890-pantry-cabinet-17836,
oppein-pb-wss-pc1896,OPPEIN,PB-WSS-PC1896,Pantry Cabinet,White Single Shaker,Particle board,model_ready,457.2,2438.4,606.425,/cabinet-inventory/models/oppein-pb-wss-pc1896.glb,https://www.oppeincabinetry.ca/shop/pb-wss-pc1896-pantry-cabinet-17837,
oppein-pb-wss-pc2484,OPPEIN,PB-WSS-PC2484,Pantry Cabinet,White Single Shaker,Particle board,model_ready,609.6,2133.6,606.425,/cabinet-inventory/models/oppein-pb-wss-pc2484.glb,https://www.oppeincabinetry.ca/shop/pb-wss-pc2484-pantry-cabinet-17838,
oppein-pb-wss-pc2490,OPPEIN,PB-WSS-PC2490,Pantry Cabinet,White Single Shaker,Particle board,model_ready,609.6,2286.0,606.425,/cabinet-inventory/models/oppein-pb-wss-pc2490.glb,https://www.oppeincabinetry.ca/shop/pb-wss-pc2490-pantry-cabinet-17839,
oppein-pb-wss-pc2496,OPPEIN,PB-WSS-PC2496,Pantry Cabinet,White Single Shaker,Particle board,model_ready,609.6,2438.4,606.425,/cabinet-inventory/models/oppein-pb-wss-pc2496.glb,https://www.oppeincabinetry.ca/shop/pb-wss-pc2496-pantry-cabinet-17840,
oppein-pb-wss-pc3084,OPPEIN,PB-WSS-PC3084,Pantry Cabinet,White Single Shaker,Particle board,model_ready,762.0,2133.6,606.425,/cabinet-inventory/models/oppein-pb-wss-pc3084.glb,https://www.oppeincabinetry.ca/shop/pb-wss-pc3084-pantry-cabinet-17841,
oppein-pb-wss-pc3090,OPPEIN,PB-WSS-PC3090,Pantry Cabinet,White Single Shaker,Particle board,model_ready,762.0,2286.0,606.425,/cabinet-inventory/models/oppein-pb-wss-pc3090.glb,https://www.oppeincabinetry.ca/shop/pb-wss-pc3090-pantry-cabinet-17842,
oppein-pb-wss-pc3096,OPPEIN,PB-WSS-PC3096,Pantry Cabinet,White Single Shaker,Particle board,model_ready,762.0,2438.4,606.425,/cabinet-inventory/models/oppein-pb-wss-pc3096.glb,https://www.oppeincabinetry.ca/shop/pb-wss-pc3096-pantry-cabinet-17843,
oppein-pb-bss-pc3096,OPPEIN,PB-BSS-PC3096,Pantry Cabinet,Blue Single Shaker,Particle board,model_ready,762.0,2438.4,606.425,/cabinet-inventory/models/oppein-pb-bss-pc3096.glb,https://www.oppeincabinetry.ca/shop/pb-bss-pc3096-pantry-cabinet-17707,
oppein-pb-bss-pc3090,OPPEIN,PB-BSS-PC3090,Pantry Cabinet,Blue Single Shaker,Particle board,model_ready,762.0,2286.0,606.425,/cabinet-inventory/models/oppein-pb-bss-pc3090.glb,https://www.oppeincabinetry.ca/shop/pb-bss-pc3090-pantry-cabinet-17706,
oppein-pb-bss-pc3084,OPPEIN,PB-BSS-PC3084,Pantry Cabinet,Blue Single Shaker,Particle board,model_ready,762.0,2133.6,606.425,/cabinet-inventory/models/oppein-pb-bss-pc3084.glb,https://www.oppeincabinetry.ca/shop/pb-bss-pc3084-pantry-cabinet-17705,
oppein-pb-bss-pc2496,OPPEIN,PB-BSS-PC2496,Pantry Cabinet,Blue Single Shaker,Particle board,model_ready,609.6,2438.4,606.425,/cabinet-inventory/models/oppein-pb-bss-pc2496.glb,https://www.oppeincabinetry.ca/shop/pb-bss-pc2496-pantry-cabinet-17704,
oppein-pb-bss-pc2490,OPPEIN,PB-BSS-PC2490,Pantry Cabinet,Blue Single Shaker,Particle board,model_ready,609.6,2286.0,606.425,/cabinet-inventory/models/oppein-pb-bss-pc2490.glb,https://www.oppeincabinetry.ca/shop/pb-bss-pc2490-pantry-cabinet-17703,
oppein-pb-bss-pc2484,OPPEIN,PB-BSS-PC2484,Pantry Cabinet,Blue Single Shaker,Particle board,model_ready,609.6,2133.6,606.425,/cabinet-inventory/models/oppein-pb-bss-pc2484.glb,https://www.oppeincabinetry.ca/shop/pb-bss-pc2484-pantry-cabinet-17702,
oppein-pb-bss-pc1896,OPPEIN,PB-BSS-PC1896,Pantry Cabinet,Blue Single Shaker,Particle board,model_ready,457.2,2438.4,606.425,/cabinet-inventory/models/oppein-pb-bss-pc1896.glb,https://www.oppeincabinetry.ca/shop/pb-bss-pc1896-pantry-cabinet-17701,
oppein-pb-bss-pc1890,OPPEIN,PB-BSS-PC1890,Pantry Cabinet,Blue Single Shaker,Particle board,model_ready,457.2,2286.0,606.425,/cabinet-inventory/models/oppein-pb-bss-pc1890.glb,https://www.oppeincabinetry.ca/shop/pb-bss-pc1890-pantry-cabinet-17700,
oppein-pb-bss-pc1884,OPPEIN,PB-BSS-PC1884,Pantry Cabinet,Blue Single Shaker,Particle board,model_ready,457.2,2133.6,606.425,/cabinet-inventory/models/oppein-pb-bss-pc1884.glb,https://www.oppeincabinetry.ca/shop/pb-bss-pc1884-pantry-cabinet-17699,
oppein-ply-mnw-pc2496,OPPEIN,PLY-MNW-PC2496,Pantry Cabinet,Natural Wood,Plywood,model_ready,609.6,2438.4,606.425,/cabinet-inventory/models/oppein-ply-mnw-pc2496.glb,https://www.oppeincabinetry.ca/shop/ply-mnw-pc2496-pantry-cabinet-14001,
oppein-ply-mnw-pc3084,OPPEIN,PLY-MNW-PC3084,Pantry Cabinet,Natural Wood,Plywood,model_ready,762.0,2133.6,606.425,/cabinet-inventory/models/oppein-ply-mnw-pc3084.glb,https://www.oppeincabinetry.ca/shop/ply-mnw-pc3084-pantry-cabinet-14002,
oppein-pb-gss-pc3096,OPPEIN,PB-GSS-PC3096,Pantry Cabinet,Gray Single Shaker,Particle board,model_ready,762.0,2438.4,606.425,/cabinet-inventory/models/oppein-pb-gss-pc3096.glb,https://www.oppeincabinetry.ca/shop/pb-gss-pc3096-pantry-cabinet-17979,
oppein-ply-mnw-pc3090,OPPEIN,PLY-MNW-PC3090,Pantry Cabinet,Natural Wood,Plywood,model_ready,762.0,2286.0,606.425,/cabinet-inventory/models/oppein-ply-mnw-pc3090.glb,https://www.oppeincabinetry.ca/shop/ply-mnw-pc3090-pantry-cabinet-14003,
oppein-ply-wss-pc2496,OPPEIN,PLY-WSS-PC2496,Pantry Cabinet,White Single Shaker,Plywood,model_ready,609.6,2438.4,606.425,/cabinet-library/models/PLY-WSS-PC2496.glb,https://www.oppeincabinetry.ca/shop/ply-wss-pc2496-pantry-cabinet-9970,
oppein-ply-ssw-pc3096,OPPEIN,PLY-SSW-PC3096,Pantry Cabinet,White Slim Shaker,Plywood,model_ready,762.0,2438.4,606.425,/cabinet-inventory/models/oppein-ply-ssw-pc3096.glb,https://www.oppeincabinetry.ca/shop/ply-ssw-pc3096-pantry-cabinet-12510,
oppein-pb-gss-pc3090,OPPEIN,PB-GSS-PC3090,Pantry Cabinet,Gray Single Shaker,Particle board,model_ready,762.0,2286.0,606.425,/cabinet-inventory/models/oppein-pb-gss-pc3090.glb,https://www.oppeincabinetry.ca/shop/pb-gss-pc3090-pantry-cabinet-17978,
oppein-pb-gss-pc3084,OPPEIN,PB-GSS-PC3084,Pantry Cabinet,Gray Single Shaker,Particle board,model_ready,762.0,2133.6,606.425,/cabinet-inventory/models/oppein-pb-gss-pc3084.glb,https://www.oppeincabinetry.ca/shop/pb-gss-pc3084-pantry-cabinet-17977,
oppein-pb-gss-pc2496,OPPEIN,PB-GSS-PC2496,Pantry Cabinet,Gray Single Shaker,Particle board,model_ready,609.6,2438.4,606.425,/cabinet-inventory/models/oppein-pb-gss-pc2496.glb,https://www.oppeincabinetry.ca/shop/pb-gss-pc2496-pantry-cabinet-17976,
oppein-pb-gss-pc2490,OPPEIN,PB-GSS-PC2490,Pantry Cabinet,Gray Single Shaker,Particle board,model_ready,609.6,2286.0,606.425,/cabinet-inventory/models/oppein-pb-gss-pc2490.glb,https://www.oppeincabinetry.ca/shop/pb-gss-pc2490-pantry-cabinet-17975,
oppein-pb-gss-pc2484,OPPEIN,PB-GSS-PC2484,Pantry Cabinet,Gray Single Shaker,Particle board,model_ready,609.6,2133.6,606.425,/cabinet-inventory/models/oppein-pb-gss-pc2484.glb,https://www.oppeincabinetry.ca/shop/pb-gss-pc2484-pantry-cabinet-17974,
oppein-pb-gss-pc1896,OPPEIN,PB-GSS-PC1896,Pantry Cabinet,Gray Single Shaker,Particle board,model_ready,457.2,2438.4,606.425,/cabinet-inventory/models/oppein-pb-gss-pc1896.glb,https://www.oppeincabinetry.ca/shop/pb-gss-pc1896-pantry-cabinet-17973,
oppein-pb-gss-pc1890,OPPEIN,PB-GSS-PC1890,Pantry Cabinet,Gray Single Shaker,Particle board,model_ready,457.2,2286.0,606.425,/cabinet-inventory/models/oppein-pb-gss-pc1890.glb,https://www.oppeincabinetry.ca/shop/pb-gss-pc1890-pantry-cabinet-17972,
oppein-pb-gss-pc1884,OPPEIN,PB-GSS-PC1884,Pantry Cabinet,Gray Single Shaker,Particle board,model_ready,457.2,2133.6,606.425,/cabinet-inventory/models/oppein-pb-gss-pc1884.glb,https://www.oppeincabinetry.ca/shop/pb-gss-pc1884-pantry-cabinet-17971,
oppein-ply-mso-pc3090,OPPEIN,PLY-MSO-PC3090,Pantry Cabinet,Smoked Oak,Plywood,model_ready,762.0,2286.0,606.425,/cabinet-inventory/models/oppein-ply-mso-pc3090.glb,https://www.oppeincabinetry.ca/shop/ply-mso-pc3090-pantry-cabinet-14724,
oppein-ply-ssw-pc1884,OPPEIN,PLY-SSW-PC1884,Pantry Cabinet,White Slim Shaker,Plywood,model_ready,457.2,2133.6,606.425,/cabinet-inventory/models/oppein-ply-ssw-pc1884.glb,https://www.oppeincabinetry.ca/shop/ply-ssw-pc1884-pantry-cabinet-12534,
oppein-ply-ssw-pc1890,OPPEIN,PLY-SSW-PC1890,Pantry Cabinet,White Slim Shaker,Plywood,model_ready,457.2,2286.0,606.425,/cabinet-inventory/models/oppein-ply-ssw-pc1890.glb,https://www.oppeincabinetry.ca/shop/ply-ssw-pc1890-pantry-cabinet-12535,
oppein-ply-ssw-pc1896,OPPEIN,PLY-SSW-PC1896,Pantry Cabinet,White Slim Shaker,Plywood,model_ready,457.2,2438.4,606.425,/cabinet-inventory/models/oppein-ply-ssw-pc1896.glb,https://www.oppeincabinetry.ca/shop/ply-ssw-pc1896-pantry-cabinet-12536,
oppein-ply-ssw-pc2484,OPPEIN,PLY-SSW-PC2484,Pantry Cabinet,White Slim Shaker,Plywood,model_ready,609.6,2133.6,606.425,/cabinet-inventory/models/oppein-ply-ssw-pc2484.glb,https://www.oppeincabinetry.ca/shop/ply-ssw-pc2484-pantry-cabinet-12537,
oppein-ply-ssw-pc2490,OPPEIN,PLY-SSW-PC2490,Pantry Cabinet,White Slim Shaker,Plywood,model_ready,609.6,2286.0,606.425,/cabinet-inventory/models/oppein-ply-ssw-pc2490.glb,https://www.oppeincabinetry.ca/shop/ply-ssw-pc2490-pantry-cabinet-12538,
oppein-ply-ssw-pc2496,OPPEIN,PLY-SSW-PC2496,Pantry Cabinet,White Slim Shaker,Plywood,model_ready,609.6,2438.4,606.425,/cabinet-inventory/models/oppein-ply-ssw-pc2496.glb,https://www.oppeincabinetry.ca/shop/ply-ssw-pc2496-pantry-cabinet-12539,
oppein-ply-ssw-pc3084,OPPEIN,PLY-SSW-PC3084,Pantry Cabinet,White Slim Shaker,Plywood,model_ready,762.0,2133.6,606.425,/cabinet-inventory/models/oppein-ply-ssw-pc3084.glb,https://www.oppeincabinetry.ca/shop/ply-ssw-pc3084-pantry-cabinet-12540,
oppein-ply-ssw-pc3090,OPPEIN,PLY-SSW-PC3090,Pantry Cabinet,White Slim Shaker,Plywood,model_ready,762.0,2286.0,606.425,/cabinet-inventory/models/oppein-ply-ssw-pc3090.glb,https://www.oppeincabinetry.ca/shop/ply-ssw-pc3090-pantry-cabinet-12541,
oppein-ply-mnw-pc2490,OPPEIN,PLY-MNW-PC2490,Pantry Cabinet,Natural Wood,Plywood,model_ready,609.6,2286.0,606.425,/cabinet-inventory/models/oppein-ply-mnw-pc2490.glb,https://www.oppeincabinetry.ca/shop/ply-mnw-pc2490-pantry-cabinet-14000,
oppein-ply-gss-pc3096,OPPEIN,PLY-GSS-PC3096,Pantry Cabinet,Gray Single Shaker,Plywood,model_ready,762.0,2438.4,606.425,/cabinet-inventory/models/oppein-ply-gss-pc3096.glb,https://www.oppeincabinetry.ca/shop/ply-gss-pc3096-pantry-cabinet-12119,
oppein-pb-ssw-pc3096,OPPEIN,PB-SSW-PC3096,Pantry Cabinet,White Slim Shaker,Particle board,model_ready,762.0,2438.4,606.425,/cabinet-inventory/models/oppein-pb-ssw-pc3096.glb,https://www.oppeincabinetry.ca/shop/pb-ssw-pc3096-pantry-cabinet-18934,
oppein-pb-ssw-pc3090,OPPEIN,PB-SSW-PC3090,Pantry Cabinet,White Slim Shaker,Particle board,model_ready,762.0,2286.0,606.425,/cabinet-inventory/models/oppein-pb-ssw-pc3090.glb,https://www.oppeincabinetry.ca/shop/pb-ssw-pc3090-pantry-cabinet-18933,
oppein-pb-ssw-pc3084,OPPEIN,PB-SSW-PC3084,Pantry Cabinet,White Slim Shaker,Particle board,model_ready,762.0,2133.6,606.425,/cabinet-inventory/models/oppein-pb-ssw-pc3084.glb,https://www.oppeincabinetry.ca/shop/pb-ssw-pc3084-pantry-cabinet-18932,
oppein-pb-ssw-pc2496,OPPEIN,PB-SSW-PC2496,Pantry Cabinet,White Slim Shaker,Particle board,model_ready,609.6,2438.4,606.425,/cabinet-inventory/models/oppein-pb-ssw-pc2496.glb,https://www.oppeincabinetry.ca/shop/pb-ssw-pc2496-pantry-cabinet-18931,
oppein-pb-mnw-pc2496,OPPEIN,PB-MNW-PC2496,Pantry Cabinet,Natural Wood,Particle board,model_ready,609.6,2438.4,606.425,/cabinet-inventory/models/oppein-pb-mnw-pc2496.glb,https://www.oppeincabinetry.ca/shop/pb-mnw-pc2496-pantry-cabinet-18659,
oppein-pb-ssw-pc2484,OPPEIN,PB-SSW-PC2484,Pantry Cabinet,White Slim Shaker,Particle board,model_ready,609.6,2133.6,606.425,/cabinet-inventory/models/oppein-pb-ssw-pc2484.glb,https://www.oppeincabinetry.ca/shop/pb-ssw-pc2484-pantry-cabinet-18929,
oppein-ply-mnw-pc2484,OPPEIN,PLY-MNW-PC2484,Pantry Cabinet,Natural Wood,Plywood,model_ready,609.6,2133.6,606.425,/cabinet-inventory/models/oppein-ply-mnw-pc2484.glb,https://www.oppeincabinetry.ca/shop/ply-mnw-pc2484-pantry-cabinet-13999,
oppein-ply-mnw-pc1896,OPPEIN,PLY-MNW-PC1896,Pantry Cabinet,Natural Wood,Plywood,model_ready,457.2,2438.4,606.425,/cabinet-inventory/models/oppein-ply-mnw-pc1896.glb,https://www.oppeincabinetry.ca/shop/ply-mnw-pc1896-pantry-cabinet-13998,
oppein-pb-ssw-pc1896,OPPEIN,PB-SSW-PC1896,Pantry Cabinet,White Slim Shaker,Particle board,model_ready,457.2,2438.4,606.425,/cabinet-inventory/models/oppein-pb-ssw-pc1896.glb,https://www.oppeincabinetry.ca/shop/pb-ssw-pc1896-pantry-cabinet-18928,
oppein-pb-ssw-pc1890,OPPEIN,PB-SSW-PC1890,Pantry Cabinet,White Slim Shaker,Particle board,model_ready,457.2,2286.0,606.425,/cabinet-inventory/models/oppein-pb-ssw-pc1890.glb,https://www.oppeincabinetry.ca/shop/pb-ssw-pc1890-pantry-cabinet-18927,
oppein-pb-ssw-pc1884,OPPEIN,PB-SSW-PC1884,Pantry Cabinet,White Slim Shaker,Particle board,model_ready,457.2,2133.6,606.425,/cabinet-inventory/models/oppein-pb-ssw-pc1884.glb,https://www.oppeincabinetry.ca/shop/pb-ssw-pc1884-pantry-cabinet-18926,
oppein-ply-wss-pc3084,OPPEIN,PLY-WSS-PC3084,Pantry Cabinet,White Single Shaker,Plywood,model_ready,762.0,2133.6,606.425,/cabinet-library/models/PLY-WSS-PC3084.glb,https://www.oppeincabinetry.ca/shop/ply-wss-pc3084-pantry-cabinet-9971,
oppein-ply-wss-pc3090,OPPEIN,PLY-WSS-PC3090,Pantry Cabinet,White Single Shaker,Plywood,model_ready,762.0,2286.0,606.425,/cabinet-library/models/PLY-WSS-PC3090.glb,https://www.oppeincabinetry.ca/shop/ply-wss-pc3090-pantry-cabinet-9972,
oppein-ply-mnw-pc1890,OPPEIN,PLY-MNW-PC1890,Pantry Cabinet,Natural Wood,Plywood,model_ready,457.2,2286.0,606.425,/cabinet-inventory/models/oppein-ply-mnw-pc1890.glb,https://www.oppeincabinetry.ca/shop/ply-mnw-pc1890-pantry-cabinet-13997,
oppein-ply-mnw-pc1884,OPPEIN,PLY-MNW-PC1884,Pantry Cabinet,Natural Wood,Plywood,model_ready,457.2,2133.6,606.425,/cabinet-inventory/models/oppein-ply-mnw-pc1884.glb,https://www.oppeincabinetry.ca/shop/ply-mnw-pc1884-pantry-cabinet-13996,
oppein-ply-wss-pc2490,OPPEIN,PLY-WSS-PC2490,Pantry Cabinet,White Single Shaker,Plywood,model_ready,609.6,2286.0,606.425,/cabinet-library/models/PLY-WSS-PC2490.glb,https://www.oppeincabinetry.ca/shop/ply-wss-pc2490-pantry-cabinet-9969,
oppein-ply-mnw-pc3096,OPPEIN,PLY-MNW-PC3096,Pantry Cabinet,Natural Wood,Plywood,model_ready,762.0,2438.4,606.425,/cabinet-inventory/models/oppein-ply-mnw-pc3096.glb,https://www.oppeincabinetry.ca/shop/ply-mnw-pc3096-pantry-cabinet-13972,
oppein-ply-pgw-pc3096,OPPEIN,PLY-PGW-PC3096,Pantry Cabinet,White High Gloss,Plywood,model_ready,762.0,2438.4,606.425,/cabinet-inventory/models/oppein-ply-pgw-pc3096.glb,https://www.oppeincabinetry.ca/shop/ply-pgw-pc3096-pantry-cabinet-15429,
oppein-ply-gss-pc1884,OPPEIN,PLY-GSS-PC1884,Pantry Cabinet,Gray Single Shaker,Plywood,model_ready,457.2,2133.6,606.425,/cabinet-inventory/models/oppein-ply-gss-pc1884.glb,https://www.oppeincabinetry.ca/shop/ply-gss-pc1884-pantry-cabinet-12117,
oppein-ply-gss-pc1896,OPPEIN,PLY-GSS-PC1896,Pantry Cabinet,Gray Single Shaker,Plywood,model_ready,457.2,2438.4,606.425,/cabinet-inventory/models/oppein-ply-gss-pc1896.glb,https://www.oppeincabinetry.ca/shop/ply-gss-pc1896-pantry-cabinet-12116,
oppein-ply-pgw-pc1884,OPPEIN,PLY-PGW-PC1884,Pantry Cabinet,White High Gloss,Plywood,model_ready,457.2,2133.6,606.425,/cabinet-inventory/models/oppein-ply-pgw-pc1884.glb,https://www.oppeincabinetry.ca/shop/ply-pgw-pc1884-pantry-cabinet-15453,
oppein-ply-pgw-pc1890,OPPEIN,PLY-PGW-PC1890,Pantry Cabinet,White High Gloss,Plywood,model_ready,457.2,2286.0,606.425,/cabinet-inventory/models/oppein-ply-pgw-pc1890.glb,https://www.oppeincabinetry.ca/shop/ply-pgw-pc1890-pantry-cabinet-15454,
oppein-ply-pgw-pc1896,OPPEIN,PLY-PGW-PC1896,Pantry Cabinet,White High Gloss,Plywood,model_ready,457.2,2438.4,606.425,/cabinet-inventory/models/oppein-ply-pgw-pc1896.glb,https://www.oppeincabinetry.ca/shop/ply-pgw-pc1896-pantry-cabinet-15455,
oppein-ply-pgw-pc2484,OPPEIN,PLY-PGW-PC2484,Pantry Cabinet,White High Gloss,Plywood,model_ready,609.6,2133.6,606.425,/cabinet-inventory/models/oppein-ply-pgw-pc2484.glb,https://www.oppeincabinetry.ca/shop/ply-pgw-pc2484-pantry-cabinet-15456,
oppein-ply-pgw-pc2490,OPPEIN,PLY-PGW-PC2490,Pantry Cabinet,White High Gloss,Plywood,model_ready,609.6,2286.0,606.425,/cabinet-inventory/models/oppein-ply-pgw-pc2490.glb,https://www.oppeincabinetry.ca/shop/ply-pgw-pc2490-pantry-cabinet-15457,
oppein-ply-pgw-pc2496,OPPEIN,PLY-PGW-PC2496,Pantry Cabinet,White High Gloss,Plywood,model_ready,609.6,2438.4,606.425,/cabinet-inventory/models/oppein-ply-pgw-pc2496.glb,https://www.oppeincabinetry.ca/shop/ply-pgw-pc2496-pantry-cabinet-15458,
oppein-ply-gss-pc1890,OPPEIN,PLY-GSS-PC1890,Pantry Cabinet,Gray Single Shaker,Plywood,model_ready,457.2,2286.0,606.425,/cabinet-inventory/models/oppein-ply-gss-pc1890.glb,https://www.oppeincabinetry.ca/shop/ply-gss-pc1890-pantry-cabinet-12115,
oppein-ply-gss-pc2490,OPPEIN,PLY-GSS-PC2490,Pantry Cabinet,Gray Single Shaker,Plywood,model_ready,609.6,2286.0,606.425,/cabinet-inventory/models/oppein-ply-gss-pc2490.glb,https://www.oppeincabinetry.ca/shop/ply-gss-pc2490-pantry-cabinet-12114,
oppein-ply-pgw-pc3084,OPPEIN,PLY-PGW-PC3084,Pantry Cabinet,White High Gloss,Plywood,model_ready,762.0,2133.6,606.425,/cabinet-inventory/models/oppein-ply-pgw-pc3084.glb,https://www.oppeincabinetry.ca/shop/ply-pgw-pc3084-pantry-cabinet-15459,
oppein-ply-pgw-pc3090,OPPEIN,PLY-PGW-PC3090,Pantry Cabinet,White High Gloss,Plywood,model_ready,762.0,2286.0,606.425,/cabinet-inventory/models/oppein-ply-pgw-pc3090.glb,https://www.oppeincabinetry.ca/shop/ply-pgw-pc3090-pantry-cabinet-15460,
oppein-ply-wss-pc3096,OPPEIN,PLY-WSS-PC3096,Pantry Cabinet,White Single Shaker,Plywood,model_ready,762.0,2438.4,606.425,/cabinet-library/models/PLY-WSS-PC3096.glb,https://www.oppeincabinetry.ca/shop/ply-wss-pc3096-pantry-cabinet-11406,
oppein-pb-mso-pc3096,OPPEIN,PB-MSO-PC3096,Pantry Cabinet,Smoked Oak,Particle board,model_ready,762.0,2438.4,606.425,/cabinet-inventory/models/oppein-pb-mso-pc3096.glb,https://www.oppeincabinetry.ca/shop/pb-mso-pc3096-pantry-cabinet-18798,
oppein-ply-gss-pc3090,OPPEIN,PLY-GSS-PC3090,Pantry Cabinet,Gray Single Shaker,Plywood,model_ready,762.0,2286.0,606.425,/cabinet-inventory/models/oppein-ply-gss-pc3090.glb,https://www.oppeincabinetry.ca/shop/ply-gss-pc3090-pantry-cabinet-12113,
oppein-pb-mso-pc3090,OPPEIN,PB-MSO-PC3090,Pantry Cabinet,Smoked Oak,Particle board,model_ready,762.0,2286.0,606.425,/cabinet-inventory/models/oppein-pb-mso-pc3090.glb,https://www.oppeincabinetry.ca/shop/pb-mso-pc3090-pantry-cabinet-18797,
oppein-pb-mso-pc3084,OPPEIN,PB-MSO-PC3084,Pantry Cabinet,Smoked Oak,Particle board,model_ready,762.0,2133.6,606.425,/cabinet-inventory/models/oppein-pb-mso-pc3084.glb,https://www.oppeincabinetry.ca/shop/pb-mso-pc3084-pantry-cabinet-18796,
oppein-pb-mso-pc2496,OPPEIN,PB-MSO-PC2496,Pantry Cabinet,Smoked Oak,Particle board,model_ready,609.6,2438.4,606.425,/cabinet-inventory/models/oppein-pb-mso-pc2496.glb,https://www.oppeincabinetry.ca/shop/pb-mso-pc2496-pantry-cabinet-18795,
oppein-ply-gss-pc2496,OPPEIN,PLY-GSS-PC2496,Pantry Cabinet,Gray Single Shaker,Plywood,model_ready,609.6,2438.4,606.425,/cabinet-inventory/models/oppein-ply-gss-pc2496.glb,https://www.oppeincabinetry.ca/shop/ply-gss-pc2496-pantry-cabinet-12112,
oppein-ply-gss-pc2484,OPPEIN,PLY-GSS-PC2484,Pantry Cabinet,Gray Single Shaker,Plywood,model_ready,609.6,2133.6,606.425,/cabinet-inventory/models/oppein-ply-gss-pc2484.glb,https://www.oppeincabinetry.ca/shop/ply-gss-pc2484-pantry-cabinet-12111,
oppein-ply-gss-pc3084,OPPEIN,PLY-GSS-PC3084,Pantry Cabinet,Gray Single Shaker,Plywood,model_ready,762.0,2133.6,606.425,/cabinet-inventory/models/oppein-ply-gss-pc3084.glb,https://www.oppeincabinetry.ca/shop/ply-gss-pc3084-pantry-cabinet-12110,
oppein-pb-mso-pc2490,OPPEIN,PB-MSO-PC2490,Pantry Cabinet,Smoked Oak,Particle board,model_ready,609.6,2286.0,606.425,/cabinet-inventory/models/oppein-pb-mso-pc2490.glb,https://www.oppeincabinetry.ca/shop/pb-mso-pc2490-pantry-cabinet-18794,
oppein-pb-mso-pc2484,OPPEIN,PB-MSO-PC2484,Pantry Cabinet,Smoked Oak,Particle board,model_ready,609.6,2133.6,606.425,/cabinet-inventory/models/oppein-pb-mso-pc2484.glb,https://www.oppeincabinetry.ca/shop/pb-mso-pc2484-pantry-cabinet-18793,
oppein-pb-mso-pc1896,OPPEIN,PB-MSO-PC1896,Pantry Cabinet,Smoked Oak,Particle board,model_ready,457.2,2438.4,606.425,/cabinet-inventory/models/oppein-pb-mso-pc1896.glb,https://www.oppeincabinetry.ca/shop/pb-mso-pc1896-pantry-cabinet-18792,
oppein-pb-mso-pc1890,OPPEIN,PB-MSO-PC1890,Pantry Cabinet,Smoked Oak,Particle board,model_ready,457.2,2286.0,606.425,/cabinet-inventory/models/oppein-pb-mso-pc1890.glb,https://www.oppeincabinetry.ca/shop/pb-mso-pc1890-pantry-cabinet-18791,
oppein-pb-mso-pc1884,OPPEIN,PB-MSO-PC1884,Pantry Cabinet,Smoked Oak,Particle board,model_ready,457.2,2133.6,606.425,/cabinet-inventory/models/oppein-pb-mso-pc1884.glb,https://www.oppeincabinetry.ca/shop/pb-mso-pc1884-pantry-cabinet-18790,
oppein-ply-mso-pc3084,OPPEIN,PLY-MSO-PC3084,Pantry Cabinet,Smoked Oak,Plywood,model_ready,762.0,2133.6,606.425,/cabinet-inventory/models/oppein-ply-mso-pc3084.glb,https://www.oppeincabinetry.ca/shop/ply-mso-pc3084-pantry-cabinet-14723,
oppein-ply-bss-pc1884,OPPEIN,PLY-BSS-PC1884,Pantry Cabinet,Blue Single Shaker,Plywood,model_ready,457.2,2133.6,606.425,/cabinet-inventory/models/oppein-ply-bss-pc1884.glb,https://www.oppeincabinetry.ca/shop/ply-bss-pc1884-pantry-cabinet-15701,
oppein-ply-bss-pc1890,OPPEIN,PLY-BSS-PC1890,Pantry Cabinet,Blue Single Shaker,Plywood,model_ready,457.2,2286.0,606.425,/cabinet-inventory/models/oppein-ply-bss-pc1890.glb,https://www.oppeincabinetry.ca/shop/ply-bss-pc1890-pantry-cabinet-15702,
oppein-ply-bss-pc1896,OPPEIN,PLY-BSS-PC1896,Pantry Cabinet,Blue Single Shaker,Plywood,model_ready,457.2,2438.4,606.425,/cabinet-inventory/models/oppein-ply-bss-pc1896.glb,https://www.oppeincabinetry.ca/shop/ply-bss-pc1896-pantry-cabinet-15703,
oppein-ply-bss-pc2484,OPPEIN,PLY-BSS-PC2484,Pantry Cabinet,Blue Single Shaker,Plywood,model_ready,609.6,2133.6,606.425,/cabinet-inventory/models/oppein-ply-bss-pc2484.glb,https://www.oppeincabinetry.ca/shop/ply-bss-pc2484-pantry-cabinet-15704,
oppein-ply-bss-pc2490,OPPEIN,PLY-BSS-PC2490,Pantry Cabinet,Blue Single Shaker,Plywood,model_ready,609.6,2286.0,606.425,/cabinet-inventory/models/oppein-ply-bss-pc2490.glb,https://www.oppeincabinetry.ca/shop/ply-bss-pc2490-pantry-cabinet-15705,
oppein-ply-bss-pc2496,OPPEIN,PLY-BSS-PC2496,Pantry Cabinet,Blue Single Shaker,Plywood,model_ready,609.6,2438.4,606.425,/cabinet-inventory/models/oppein-ply-bss-pc2496.glb,https://www.oppeincabinetry.ca/shop/ply-bss-pc2496-pantry-cabinet-15706,
oppein-ply-bss-pc3084,OPPEIN,PLY-BSS-PC3084,Pantry Cabinet,Blue Single Shaker,Plywood,model_ready,762.0,2133.6,606.425,/cabinet-inventory/models/oppein-ply-bss-pc3084.glb,https://www.oppeincabinetry.ca/shop/ply-bss-pc3084-pantry-cabinet-15707,
oppein-ply-bss-pc3090,OPPEIN,PLY-BSS-PC3090,Pantry Cabinet,Blue Single Shaker,Plywood,model_ready,762.0,2286.0,606.425,/cabinet-inventory/models/oppein-ply-bss-pc3090.glb,https://www.oppeincabinetry.ca/shop/ply-bss-pc3090-pantry-cabinet-15708,
oppein-ply-bss-pc3096,OPPEIN,PLY-BSS-PC3096,Pantry Cabinet,Blue Single Shaker,Plywood,model_ready,762.0,2438.4,606.425,/cabinet-inventory/models/oppein-ply-bss-pc3096.glb,https://www.oppeincabinetry.ca/shop/ply-bss-pc3096-pantry-cabinet-15709,
oppein-pb-mnw-pc1884,OPPEIN,PB-MNW-PC1884,Pantry Cabinet,Natural Wood,Particle board,model_ready,457.2,2133.6,606.425,/cabinet-inventory/models/oppein-pb-mnw-pc1884.glb,https://www.oppeincabinetry.ca/shop/pb-mnw-pc1884-pantry-cabinet-18654,
oppein-pb-mnw-pc1890,OPPEIN,PB-MNW-PC1890,Pantry Cabinet,Natural Wood,Particle board,model_ready,457.2,2286.0,606.425,/cabinet-inventory/models/oppein-pb-mnw-pc1890.glb,https://www.oppeincabinetry.ca/shop/pb-mnw-pc1890-pantry-cabinet-18655,
oppein-pb-mnw-pc1896,OPPEIN,PB-MNW-PC1896,Pantry Cabinet,Natural Wood,Particle board,model_ready,457.2,2438.4,606.425,/cabinet-inventory/models/oppein-pb-mnw-pc1896.glb,https://www.oppeincabinetry.ca/shop/pb-mnw-pc1896-pantry-cabinet-18656,
oppein-pb-mnw-pc2484,OPPEIN,PB-MNW-PC2484,Pantry Cabinet,Natural Wood,Particle board,model_ready,609.6,2133.6,606.425,/cabinet-inventory/models/oppein-pb-mnw-pc2484.glb,https://www.oppeincabinetry.ca/shop/pb-mnw-pc2484-pantry-cabinet-18657,
oppein-pb-mnw-pc2490,OPPEIN,PB-MNW-PC2490,Pantry Cabinet,Natural Wood,Particle board,model_ready,609.6,2286.0,606.425,/cabinet-inventory/models/oppein-pb-mnw-pc2490.glb,https://www.oppeincabinetry.ca/shop/pb-mnw-pc2490-pantry-cabinet-18658,
oppein-ply-mso-pc3096,OPPEIN,PLY-MSO-PC3096,Pantry Cabinet 2 Full Door,Smoked Oak,Plywood,model_ready,762.0,2438.4,606.425,/cabinet-inventory/models/oppein-ply-mso-pc3096.glb,https://www.oppeincabinetry.ca/shop/ply-mso-pc3096-pantry-cabinet-2-full-door-14693,
oppein-bss-riser,OPPEIN,BSS-RISER,RISER - Blue,Blue Single Shaker,,specification_review,,,,,https://www.oppeincabinetry.ca/shop/bss-riser-riser-blue-15571,Missing or conflicting explicitly labelled W/H/D; Detailed profile/footprint or accessory specification needed for modeling
oppein-wss-riser,OPPEIN,WSS-RISER,RISER - White,White Single Shaker,,specification_review,,,,,https://www.oppeincabinetry.ca/shop/wss-riser-riser-white-11209,Missing or conflicting explicitly labelled W/H/D; Detailed profile/footprint or accessory specification needed for modeling
oppein-bss-sm8,OPPEIN,BSS-SM8,SM8 - Blue,Blue Single Shaker,,specification_review,,,,,https://www.oppeincabinetry.ca/shop/bss-sm8-sm8-blue-15569,Missing or conflicting explicitly labelled W/H/D; Detailed profile/footprint or accessory specification needed for modeling
oppein-wss-sm8,OPPEIN,WSS-SM8,SM8 - White,White Single Shaker,,specification_review,,,,,https://www.oppeincabinetry.ca/shop/wss-sm8-sm8-white-11215,Missing or conflicting explicitly labelled W/H/D; Detailed profile/footprint or accessory specification needed for modeling
oppein-bss-mwep1236,OPPEIN,BSS-MWEP1236,Shaker Style End Panel - Blue,Blue Single Shaker,,specification_review,,,,,https://www.oppeincabinetry.ca/shop/bss-mwep1236-shaker-style-end-panel-blue-15583,Missing or conflicting explicitly labelled W/H/D; Detailed profile/footprint or accessory specification needed for modeling
oppein-bss-mwep1230,OPPEIN,BSS-MWEP1230,Shaker Style End Panel - Blue,Blue Single Shaker,,specification_review,,,,,https://www.oppeincabinetry.ca/shop/bss-mwep1230-shaker-style-end-panel-blue-15585,Missing or conflicting explicitly labelled W/H/D; Detailed profile/footprint or accessory specification needed for modeling
oppein-bss-mtep2496,OPPEIN,BSS-MTEP2496,Shaker Style End Panel - Blue,Blue Single Shaker,,specification_review,,,,,https://www.oppeincabinetry.ca/shop/bss-mtep2496-shaker-style-end-panel-blue-15587,Missing or conflicting explicitly labelled W/H/D; Detailed profile/footprint or accessory specification needed for modeling
oppein-bss-mtep2490,OPPEIN,BSS-MTEP2490,Shaker Style End Panel - Blue,Blue Single Shaker,,specification_review,,,,,https://www.oppeincabinetry.ca/shop/bss-mtep2490-shaker-style-end-panel-blue-15589,Missing or conflicting explicitly labelled W/H/D; Detailed profile/footprint or accessory specification needed for modeling
oppein-bss-mtep2484,OPPEIN,BSS-MTEP2484,Shaker Style End Panel - Blue,Blue Single Shaker,,specification_review,,,,,https://www.oppeincabinetry.ca/shop/bss-mtep2484-shaker-style-end-panel-blue-15591,Missing or conflicting explicitly labelled W/H/D; Detailed profile/footprint or accessory specification needed for modeling
oppein-bss-mbep2430,OPPEIN,BSS-MBEP2430,Shaker Style End Panel - Blue,Blue Single Shaker,,specification_review,,,,,https://www.oppeincabinetry.ca/shop/bss-mbep2430-shaker-style-end-panel-blue-15593,Missing or conflicting explicitly labelled W/H/D; Detailed profile/footprint or accessory specification needed for modeling
oppein-bss-mwep1242,OPPEIN,BSS-MWEP1242,Shaker Style End Panel - Blue,Blue Single Shaker,,specification_review,,,,,https://www.oppeincabinetry.ca/shop/bss-mwep1242-shaker-style-end-panel-blue-15581,Missing or conflicting explicitly labelled W/H/D; Detailed profile/footprint or accessory specification needed for modeling
oppein-wss-mtep2490,OPPEIN,WSS-MTEP2490,Shaker Style End Panel - White,White Single Shaker,,specification_review,,,,,https://www.oppeincabinetry.ca/shop/wss-mtep2490-shaker-style-end-panel-white-11172,Missing or conflicting explicitly labelled W/H/D; Detailed profile/footprint or accessory specification needed for modeling
oppein-wss-mbep2430,OPPEIN,WSS-MBEP2430,Shaker Style End Panel - White,White Single Shaker,,specification_review,,,,,https://www.oppeincabinetry.ca/shop/wss-mbep2430-shaker-style-end-panel-white-11170,Missing or conflicting explicitly labelled W/H/D; Detailed profile/footprint or accessory specification needed for modeling
oppein-wss-mtep2496,OPPEIN,WSS-MTEP2496,Shaker Style End Panel - White,White Single Shaker,,specification_review,,,,,https://www.oppeincabinetry.ca/shop/wss-mtep2496-shaker-style-end-panel-white-11173,Missing or conflicting explicitly labelled W/H/D; Detailed profile/footprint or accessory specification needed for modeling
oppein-wss-mwep1242,OPPEIN,WSS-MWEP1242,Shaker Style End Panel - White,White Single Shaker,,specification_review,,,,,https://www.oppeincabinetry.ca/shop/wss-mwep1242-shaker-style-end-panel-white-11176,Missing or conflicting explicitly labelled W/H/D; Detailed profile/footprint or accessory specification needed for modeling
oppein-wss-mwep1236,OPPEIN,WSS-MWEP1236,Shaker Style End Panel - White,White Single Shaker,,specification_review,,,,,https://www.oppeincabinetry.ca/shop/wss-mwep1236-shaker-style-end-panel-white-11175,Missing or conflicting explicitly labelled W/H/D; Detailed profile/footprint or accessory specification needed for modeling
oppein-wss-mwep1230,OPPEIN,WSS-MWEP1230,Shaker Style End Panel - White,White Single Shaker,,specification_review,,,,,https://www.oppeincabinetry.ca/shop/wss-mwep1230-shaker-style-end-panel-white-11174,Missing or conflicting explicitly labelled W/H/D; Detailed profile/footprint or accessory specification needed for modeling
oppein-wss-mtep2484,OPPEIN,WSS-MTEP2484,Shaker Style End Panel - White,White Single Shaker,,specification_review,,,,,https://www.oppeincabinetry.ca/shop/wss-mtep2484-shaker-style-end-panel-white-11171,Missing or conflicting explicitly labelled W/H/D; Detailed profile/footprint or accessory specification needed for modeling
oppein-mpw-s36d,OPPEIN,MPW-S36D,Shelf Panel,,,specification_review,,,,,https://www.oppeincabinetry.ca/shop/mpw-s36d-shelf-panel-16152,Missing or conflicting explicitly labelled W/H/D; Finish/profile needs verification; Detailed profile/footprint or accessory specification needed for modeling
oppein-mpw-s30d,OPPEIN,MPW-S30D,Shelf Panel,,,specification_review,,,,,https://www.oppeincabinetry.ca/shop/mpw-s30d-shelf-panel-16151,Missing or conflicting explicitly labelled W/H/D; Finish/profile needs verification; Detailed profile/footprint or accessory specification needed for modeling
oppein-mpw-s30er,OPPEIN,MPW-S30ER,Shelf Panel,,,specification_review,,,,,https://www.oppeincabinetry.ca/shop/mpw-s30er-shelf-panel-16156,Missing or conflicting explicitly labelled W/H/D; Finish/profile needs verification; Detailed profile/footprint or accessory specification needed for modeling
oppein-mpw-s24d,OPPEIN,MPW-S24D,Shelf Panel,,,specification_review,,,,,https://www.oppeincabinetry.ca/shop/mpw-s24d-shelf-panel-16150,Missing or conflicting explicitly labelled W/H/D; Finish/profile needs verification; Detailed profile/footprint or accessory specification needed for modeling
oppein-mpw-s36,OPPEIN,MPW-S36,Shelf Panel,,,specification_review,,,,,https://www.oppeincabinetry.ca/shop/mpw-s36-shelf-panel-16155,Missing or conflicting explicitly labelled W/H/D; Finish/profile needs verification; Detailed profile/footprint or accessory specification needed for modeling
oppein-mpw-s30,OPPEIN,MPW-S30,Shelf Panel,,,specification_review,,,,,https://www.oppeincabinetry.ca/shop/mpw-s30-shelf-panel-16154,Missing or conflicting explicitly labelled W/H/D; Finish/profile needs verification; Detailed profile/footprint or accessory specification needed for modeling
oppein-mpw-s24,OPPEIN,MPW-S24,Shelf Panel,,,specification_review,,,,,https://www.oppeincabinetry.ca/shop/mpw-s24-shelf-panel-16153,Missing or conflicting explicitly labelled W/H/D; Finish/profile needs verification; Detailed profile/footprint or accessory specification needed for modeling
oppein-mpw-ss24,OPPEIN,MPW-SS24,Shoe shelf,,,specification_review,,,,,https://www.oppeincabinetry.ca/shop/mpw-ss24-shoe-shelf-16144,Missing or conflicting explicitly labelled W/H/D; Finish/profile needs verification; Detailed profile/footprint or accessory specification needed for modeling
oppein-mpw-ss36,OPPEIN,MPW-SS36,Shoe shelf,,,specification_review,,,,,https://www.oppeincabinetry.ca/shop/mpw-ss36-shoe-shelf-16146,Missing or conflicting explicitly labelled W/H/D; Finish/profile needs verification; Detailed profile/footprint or accessory specification needed for modeling
oppein-mpw-ss30,OPPEIN,MPW-SS30,Shoe shelf,,,specification_review,,,,,https://www.oppeincabinetry.ca/shop/mpw-ss30-shoe-shelf-16145,Missing or conflicting explicitly labelled W/H/D; Finish/profile needs verification; Detailed profile/footprint or accessory specification needed for modeling
oppein-pb-pgw-sb33,OPPEIN,PB-PGW-SB33,Sink Base Cabinet (1 FK Drawer + 2 Door),White High Gloss,Particle board,model_ready,838.2,762.0,606.425,/cabinet-inventory/models/oppein-pb-pgw-sb33.glb,https://www.oppeincabinetry.ca/shop/pb-pgw-sb33-sink-base-cabinet-1-fk-drawer-2-door-18117,
oppein-pb-wss-sb30,OPPEIN,PB-WSS-SB30,Sink Base Cabinet (1 FK Drawer + 2 Door),White Single Shaker,Particle board,model_ready,762.0,762.0,606.425,/cabinet-inventory/models/oppein-pb-wss-sb30.glb,https://www.oppeincabinetry.ca/shop/pb-wss-sb30-sink-base-cabinet-1-fk-drawer-2-door-17844,
oppein-pb-wss-sb33,OPPEIN,PB-WSS-SB33,Sink Base Cabinet (1 FK Drawer + 2 Door),White Single Shaker,Particle board,model_ready,838.2,762.0,606.425,/cabinet-inventory/models/oppein-pb-wss-sb33.glb,https://www.oppeincabinetry.ca/shop/pb-wss-sb33-sink-base-cabinet-1-fk-drawer-2-door-17845,
oppein-pb-wss-sb36,OPPEIN,PB-WSS-SB36,Sink Base Cabinet (1 FK Drawer + 2 Door),White Single Shaker,Particle board,model_ready,914.4,762.0,606.425,/cabinet-inventory/models/oppein-pb-wss-sb36.glb,https://www.oppeincabinetry.ca/shop/pb-wss-sb36-sink-base-cabinet-1-fk-drawer-2-door-17846,
oppein-pb-wss-sb42,OPPEIN,PB-WSS-SB42,Sink Base Cabinet (1 FK Drawer + 2 Door),White Single Shaker,Particle board,model_ready,1066.8,762.0,606.425,/cabinet-inventory/models/oppein-pb-wss-sb42.glb,https://www.oppeincabinetry.ca/shop/pb-wss-sb42-sink-base-cabinet-1-fk-drawer-2-door-17847,
oppein-pb-bss-sb42,OPPEIN,PB-BSS-SB42,Sink Base Cabinet (1 FK Drawer + 2 Door),Blue Single Shaker,Particle board,model_ready,1066.8,762.0,606.425,/cabinet-inventory/models/oppein-pb-bss-sb42.glb,https://www.oppeincabinetry.ca/shop/pb-bss-sb42-sink-base-cabinet-1-fk-drawer-2-door-17711,
oppein-ply-ssw-sb36,OPPEIN,PLY-SSW-SB36,Sink Base Cabinet (1 FK Drawer + 2 Door),White Slim Shaker,Plywood,model_ready,914.4,762.0,606.425,/cabinet-inventory/models/oppein-ply-ssw-sb36.glb,https://www.oppeincabinetry.ca/shop/ply-ssw-sb36-sink-base-cabinet-1-fk-drawer-2-door-12512,
oppein-pb-gss-sb30,OPPEIN,PB-GSS-SB30,Sink Base Cabinet (1 FK Drawer + 2 Door),Gray Single Shaker,Particle board,model_ready,762.0,762.0,606.425,/cabinet-inventory/models/oppein-pb-gss-sb30.glb,https://www.oppeincabinetry.ca/shop/pb-gss-sb30-sink-base-cabinet-1-fk-drawer-2-door-17980,
oppein-pb-gss-sb33,OPPEIN,PB-GSS-SB33,Sink Base Cabinet (1 FK Drawer + 2 Door),Gray Single Shaker,Particle board,model_ready,838.2,762.0,606.425,/cabinet-inventory/models/oppein-pb-gss-sb33.glb,https://www.oppeincabinetry.ca/shop/pb-gss-sb33-sink-base-cabinet-1-fk-drawer-2-door-17981,
oppein-pb-bss-sb36,OPPEIN,PB-BSS-SB36,Sink Base Cabinet (1 FK Drawer + 2 Door),Blue Single Shaker,Particle board,model_ready,914.4,762.0,606.425,/cabinet-inventory/models/oppein-pb-bss-sb36.glb,https://www.oppeincabinetry.ca/shop/pb-bss-sb36-sink-base-cabinet-1-fk-drawer-2-door-17710,
oppein-pb-mnw-sb33,OPPEIN,PB-MNW-SB33,Sink Base Cabinet (1 FK Drawer + 2 Door),Natural Wood,Particle board,model_ready,838.2,762.0,606.425,/cabinet-inventory/models/oppein-pb-mnw-sb33.glb,https://www.oppeincabinetry.ca/shop/pb-mnw-sb33-sink-base-cabinet-1-fk-drawer-2-door-18664,
oppein-pb-mnw-sb30,OPPEIN,PB-MNW-SB30,Sink Base Cabinet (1 FK Drawer + 2 Door),Natural Wood,Particle board,model_ready,762.0,762.0,606.425,/cabinet-inventory/models/oppein-pb-mnw-sb30.glb,https://www.oppeincabinetry.ca/shop/pb-mnw-sb30-sink-base-cabinet-1-fk-drawer-2-door-18663,
oppein-ply-bss-sb33,OPPEIN,PLY-BSS-SB33,Sink Base Cabinet (1 FK Drawer + 2 Door),Blue Single Shaker,Plywood,model_ready,838.2,762.0,606.425,/cabinet-inventory/models/oppein-ply-bss-sb33.glb,https://www.oppeincabinetry.ca/shop/ply-bss-sb33-sink-base-cabinet-1-fk-drawer-2-door-15713,
oppein-ply-bss-sb36,OPPEIN,PLY-BSS-SB36,Sink Base Cabinet (1 FK Drawer + 2 Door),Blue Single Shaker,Plywood,model_ready,914.4,762.0,606.425,/cabinet-inventory/models/oppein-ply-bss-sb36.glb,https://www.oppeincabinetry.ca/shop/ply-bss-sb36-sink-base-cabinet-1-fk-drawer-2-door-15714,
oppein-pb-bss-sb33,OPPEIN,PB-BSS-SB33,Sink Base Cabinet (1 FK Drawer + 2 Door),Blue Single Shaker,Particle board,model_ready,838.2,762.0,606.425,/cabinet-inventory/models/oppein-pb-bss-sb33.glb,https://www.oppeincabinetry.ca/shop/pb-bss-sb33-sink-base-cabinet-1-fk-drawer-2-door-17709,
oppein-pb-gss-sb36,OPPEIN,PB-GSS-SB36,Sink Base Cabinet (1 FK Drawer + 2 Door),Gray Single Shaker,Particle board,model_ready,914.4,762.0,606.425,/cabinet-inventory/models/oppein-pb-gss-sb36.glb,https://www.oppeincabinetry.ca/shop/pb-gss-sb36-sink-base-cabinet-1-fk-drawer-2-door-17982,
oppein-ply-mnw-sb33,OPPEIN,PLY-MNW-SB33,Sink Base Cabinet (1 FK Drawer + 2 Door),Natural Wood,Plywood,model_ready,838.2,762.0,606.425,/cabinet-inventory/models/oppein-ply-mnw-sb33.glb,https://www.oppeincabinetry.ca/shop/ply-mnw-sb33-sink-base-cabinet-1-fk-drawer-2-door-13934,
oppein-ply-pgw-sb36,OPPEIN,PLY-PGW-SB36,Sink Base Cabinet (1 FK Drawer + 2 Door),White High Gloss,Plywood,model_ready,914.4,762.0,606.425,/cabinet-inventory/models/oppein-ply-pgw-sb36.glb,https://www.oppeincabinetry.ca/shop/ply-pgw-sb36-sink-base-cabinet-1-fk-drawer-2-door-15431,
oppein-ply-ssw-sb33,OPPEIN,PLY-SSW-SB33,Sink Base Cabinet (1 FK Drawer + 2 Door),White Slim Shaker,Plywood,model_ready,838.2,762.0,606.425,/cabinet-inventory/models/oppein-ply-ssw-sb33.glb,https://www.oppeincabinetry.ca/shop/ply-ssw-sb33-sink-base-cabinet-1-fk-drawer-2-door-12473,
oppein-pb-gss-sb42,OPPEIN,PB-GSS-SB42,Sink Base Cabinet (1 FK Drawer + 2 Door),Gray Single Shaker,Particle board,model_ready,1066.8,762.0,606.425,/cabinet-inventory/models/oppein-pb-gss-sb42.glb,https://www.oppeincabinetry.ca/shop/pb-gss-sb42-sink-base-cabinet-1-fk-drawer-2-door-17983,
oppein-pb-pgw-sb42,OPPEIN,PB-PGW-SB42,Sink Base Cabinet (1 FK Drawer + 2 Door),White High Gloss,Particle board,model_ready,1066.8,762.0,606.425,/cabinet-inventory/models/oppein-pb-pgw-sb42.glb,https://www.oppeincabinetry.ca/shop/pb-pgw-sb42-sink-base-cabinet-1-fk-drawer-2-door-18119,
oppein-pb-bss-sb30,OPPEIN,PB-BSS-SB30,Sink Base Cabinet (1 FK Drawer + 2 Door),Blue Single Shaker,Particle board,model_ready,762.0,762.0,606.425,/cabinet-inventory/models/oppein-pb-bss-sb30.glb,https://www.oppeincabinetry.ca/shop/pb-bss-sb30-sink-base-cabinet-1-fk-drawer-2-door-17708,
oppein-ply-wss-sb30,OPPEIN,PLY-WSS-SB30,Sink Base Cabinet (1 FK Drawer + 2 Door),White Single Shaker,Plywood,model_ready,762.0,762.0,606.425,/cabinet-library/models/PLY-WSS-SB30.glb,https://www.oppeincabinetry.ca/shop/ply-wss-sb30-sink-base-cabinet-1-fk-drawer-2-door-9974,
oppein-ply-pgw-sb33,OPPEIN,PLY-PGW-SB33,Sink Base Cabinet (1 FK Drawer + 2 Door),White High Gloss,Plywood,model_ready,838.2,762.0,606.425,/cabinet-inventory/models/oppein-ply-pgw-sb33.glb,https://www.oppeincabinetry.ca/shop/ply-pgw-sb33-sink-base-cabinet-1-fk-drawer-2-door-15391,
oppein-pb-ssw-sb30,OPPEIN,PB-SSW-SB30,Sink Base Cabinet (1 FK Drawer + 2 Door),White Slim Shaker,Particle board,model_ready,762.0,762.0,606.425,/cabinet-inventory/models/oppein-pb-ssw-sb30.glb,https://www.oppeincabinetry.ca/shop/pb-ssw-sb30-sink-base-cabinet-1-fk-drawer-2-door-18935,
oppein-pb-ssw-sb33,OPPEIN,PB-SSW-SB33,Sink Base Cabinet (1 FK Drawer + 2 Door),White Slim Shaker,Particle board,model_ready,838.2,762.0,606.425,/cabinet-inventory/models/oppein-pb-ssw-sb33.glb,https://www.oppeincabinetry.ca/shop/pb-ssw-sb33-sink-base-cabinet-1-fk-drawer-2-door-18936,
oppein-pb-ssw-sb36,OPPEIN,PB-SSW-SB36,Sink Base Cabinet (1 FK Drawer + 2 Door),White Slim Shaker,Particle board,model_ready,914.4,762.0,606.425,/cabinet-inventory/models/oppein-pb-ssw-sb36.glb,https://www.oppeincabinetry.ca/shop/pb-ssw-sb36-sink-base-cabinet-1-fk-drawer-2-door-18937,
oppein-ply-mnw-sb36,OPPEIN,PLY-MNW-SB36,Sink Base Cabinet (1 FK Drawer + 2 Door),Natural Wood,Plywood,model_ready,914.4,762.0,606.425,/cabinet-inventory/models/oppein-ply-mnw-sb36.glb,https://www.oppeincabinetry.ca/shop/ply-mnw-sb36-sink-base-cabinet-1-fk-drawer-2-door-13974,
oppein-ply-gss-sb30,OPPEIN,PLY-GSS-SB30,Sink Base Cabinet (1 FK Drawer + 2 Door),Gray Single Shaker,Plywood,model_ready,762.0,762.0,606.425,/cabinet-inventory/models/oppein-ply-gss-sb30.glb,https://www.oppeincabinetry.ca/shop/ply-gss-sb30-sink-base-cabinet-1-fk-drawer-2-door-12120,
oppein-ply-gss-sb33,OPPEIN,PLY-GSS-SB33,Sink Base Cabinet (1 FK Drawer + 2 Door),Gray Single Shaker,Plywood,model_ready,838.2,762.0,606.425,/cabinet-inventory/models/oppein-ply-gss-sb33.glb,https://www.oppeincabinetry.ca/shop/ply-gss-sb33-sink-base-cabinet-1-fk-drawer-2-door-12121,
oppein-pb-ssw-sb42,OPPEIN,PB-SSW-SB42,Sink Base Cabinet (1 FK Drawer + 2 Door),White Slim Shaker,Particle board,model_ready,1066.8,762.0,606.425,/cabinet-inventory/models/oppein-pb-ssw-sb42.glb,https://www.oppeincabinetry.ca/shop/pb-ssw-sb42-sink-base-cabinet-1-fk-drawer-2-door-18938,
oppein-ply-bss-sb42,OPPEIN,PLY-BSS-SB42,Sink Base Cabinet (1 FK Drawer + 2 Door),Blue Single Shaker,Plywood,model_ready,1066.8,762.0,606.425,/cabinet-inventory/models/oppein-ply-bss-sb42.glb,https://www.oppeincabinetry.ca/shop/ply-bss-sb42-sink-base-cabinet-1-fk-drawer-2-door-16702,
oppein-ply-wss-sb36,OPPEIN,PLY-WSS-SB36,Sink Base Cabinet (1 FK Drawer + 2 Door),White Single Shaker,Plywood,model_ready,914.4,762.0,606.425,/cabinet-library/models/PLY-WSS-SB36.glb,https://www.oppeincabinetry.ca/shop/ply-wss-sb36-sink-base-cabinet-1-fk-drawer-2-door-11408,
oppein-ply-wss-sb33,OPPEIN,PLY-WSS-SB33,Sink Base Cabinet (1 FK Drawer + 2 Door),White Single Shaker,Plywood,model_ready,838.2,762.0,606.425,/cabinet-library/models/PLY-WSS-SB33.glb,https://www.oppeincabinetry.ca/shop/ply-wss-sb33-sink-base-cabinet-1-fk-drawer-2-door-11364,
oppein-ply-pgw-sb42,OPPEIN,PLY-PGW-SB42,Sink Base Cabinet (1 FK Drawer + 2 Door),White High Gloss,Plywood,model_ready,1066.8,762.0,606.425,/cabinet-inventory/models/oppein-ply-pgw-sb42.glb,https://www.oppeincabinetry.ca/shop/ply-pgw-sb42-sink-base-cabinet-1-fk-drawer-2-door-16732,
oppein-ply-mso-sb33,OPPEIN,PLY-MSO-SB33,Sink Base Cabinet (1 FK Drawer + 2 Door),Smoked Oak,Plywood,model_ready,838.2,762.0,606.425,/cabinet-inventory/models/oppein-ply-mso-sb33.glb,https://www.oppeincabinetry.ca/shop/ply-mso-sb33-sink-base-cabinet-1-fk-drawer-2-door-14656,
oppein-ply-mnw-sb30,OPPEIN,PLY-MNW-SB30,Sink Base Cabinet (1 FK Drawer + 2 Door),Natural Wood,Plywood,model_ready,762.0,762.0,606.425,/cabinet-inventory/models/oppein-ply-mnw-sb30.glb,https://www.oppeincabinetry.ca/shop/ply-mnw-sb30-sink-base-cabinet-1-fk-drawer-2-door-14004,
oppein-pb-mso-sb42,OPPEIN,PB-MSO-SB42,Sink Base Cabinet (1 FK Drawer + 2 Door),Smoked Oak,Particle board,model_ready,1066.8,762.0,606.425,/cabinet-inventory/models/oppein-pb-mso-sb42.glb,https://www.oppeincabinetry.ca/shop/pb-mso-sb42-sink-base-cabinet-1-fk-drawer-2-door-18802,
oppein-pb-mso-sb36,OPPEIN,PB-MSO-SB36,Sink Base Cabinet (1 FK Drawer + 2 Door),Smoked Oak,Particle board,model_ready,914.4,762.0,606.425,/cabinet-inventory/models/oppein-pb-mso-sb36.glb,https://www.oppeincabinetry.ca/shop/pb-mso-sb36-sink-base-cabinet-1-fk-drawer-2-door-18801,
oppein-pb-mso-sb33,OPPEIN,PB-MSO-SB33,Sink Base Cabinet (1 FK Drawer + 2 Door),Smoked Oak,Particle board,model_ready,838.2,762.0,606.425,/cabinet-inventory/models/oppein-pb-mso-sb33.glb,https://www.oppeincabinetry.ca/shop/pb-mso-sb33-sink-base-cabinet-1-fk-drawer-2-door-18800,
oppein-pb-mso-sb30,OPPEIN,PB-MSO-SB30,Sink Base Cabinet (1 FK Drawer + 2 Door),Smoked Oak,Particle board,model_ready,762.0,762.0,606.425,/cabinet-inventory/models/oppein-pb-mso-sb30.glb,https://www.oppeincabinetry.ca/shop/pb-mso-sb30-sink-base-cabinet-1-fk-drawer-2-door-18799,
oppein-ply-ssw-sb30,OPPEIN,PLY-SSW-SB30,Sink Base Cabinet (1 FK Drawer + 2 Door),White Slim Shaker,Plywood,model_ready,762.0,762.0,606.425,/cabinet-inventory/models/oppein-ply-ssw-sb30.glb,https://www.oppeincabinetry.ca/shop/ply-ssw-sb30-sink-base-cabinet-1-fk-drawer-2-door-12542,
oppein-ply-mso-sb36,OPPEIN,PLY-MSO-SB36,Sink Base Cabinet (1 FK Drawer + 2 Door),Smoked Oak,Plywood,model_ready,914.4,762.0,606.425,/cabinet-inventory/models/oppein-ply-mso-sb36.glb,https://www.oppeincabinetry.ca/shop/ply-mso-sb36-sink-base-cabinet-1-fk-drawer-2-door-14695,
oppein-ply-pgw-sb30,OPPEIN,PLY-PGW-SB30,Sink Base Cabinet (1 FK Drawer + 2 Door),White High Gloss,Plywood,model_ready,762.0,762.0,606.425,/cabinet-inventory/models/oppein-ply-pgw-sb30.glb,https://www.oppeincabinetry.ca/shop/ply-pgw-sb30-sink-base-cabinet-1-fk-drawer-2-door-15461,
oppein-pb-pgw-sb30,OPPEIN,PB-PGW-SB30,Sink Base Cabinet (1 FK Drawer + 2 Door),White High Gloss,Particle board,model_ready,762.0,762.0,606.425,/cabinet-inventory/models/oppein-pb-pgw-sb30.glb,https://www.oppeincabinetry.ca/shop/pb-pgw-sb30-sink-base-cabinet-1-fk-drawer-2-door-18116,
oppein-ply-gss-sb36,OPPEIN,PLY-GSS-SB36,Sink Base Cabinet (1 FK Drawer + 2 Door),Gray Single Shaker,Plywood,model_ready,914.4,762.0,606.425,/cabinet-inventory/models/oppein-ply-gss-sb36.glb,https://www.oppeincabinetry.ca/shop/ply-gss-sb36-sink-base-cabinet-1-fk-drawer-2-door-12123,
oppein-ply-mso-sb30,OPPEIN,PLY-MSO-SB30,Sink Base Cabinet (1 FK Drawer + 2 Door),Smoked Oak,Plywood,model_ready,762.0,762.0,606.425,/cabinet-inventory/models/oppein-ply-mso-sb30.glb,https://www.oppeincabinetry.ca/shop/ply-mso-sb30-sink-base-cabinet-1-fk-drawer-2-door-14725,
oppein-pb-mnw-sb42,OPPEIN,PB-MNW-SB42,Sink Base Cabinet (1 FK Drawer + 2 Door),Natural Wood,Particle board,model_ready,1066.8,762.0,606.425,/cabinet-inventory/models/oppein-pb-mnw-sb42.glb,https://www.oppeincabinetry.ca/shop/pb-mnw-sb42-sink-base-cabinet-1-fk-drawer-2-door-18666,
oppein-pb-mnw-sb36,OPPEIN,PB-MNW-SB36,Sink Base Cabinet (1 FK Drawer + 2 Door),Natural Wood,Particle board,model_ready,914.4,762.0,606.425,/cabinet-inventory/models/oppein-pb-mnw-sb36.glb,https://www.oppeincabinetry.ca/shop/pb-mnw-sb36-sink-base-cabinet-1-fk-drawer-2-door-18665,
oppein-ply-bss-sb30,OPPEIN,PLY-BSS-SB30,Sink Base Cabinet (1 FK Drawer + 2 Door),Blue Single Shaker,Plywood,model_ready,762.0,762.0,606.425,/cabinet-inventory/models/oppein-ply-bss-sb30.glb,https://www.oppeincabinetry.ca/shop/ply-bss-sb30-sink-base-cabinet-1-fk-drawer-2-door-15711,
oppein-pb-pgw-sb36,OPPEIN,PB-PGW-SB36,Sink Base Cabinet (1 FK Drawer + 2 Door),White High Gloss,Particle board,model_ready,914.4,762.0,606.425,/cabinet-inventory/models/oppein-pb-pgw-sb36.glb,https://www.oppeincabinetry.ca/shop/pb-pgw-sb36-sink-base-cabinet-1-fk-drawer-2-door-18118,
oppein-bss-pnl3696,OPPEIN,BSS-PNL3696,Skin Panel- Blue,Blue Single Shaker,,specification_review,,,,,https://www.oppeincabinetry.ca/shop/bss-pnl3696-skin-panel-blue-15577,Missing or conflicting explicitly labelled W/H/D; Detailed profile/footprint or accessory specification needed for modeling
oppein-wss-pnl3696,OPPEIN,WSS-PNL3696,Skin Panel- White,White Single Shaker,,specification_review,,,,,https://www.oppeincabinetry.ca/shop/wss-pnl3696-skin-panel-white-11204,Missing or conflicting explicitly labelled W/H/D; Detailed profile/footprint or accessory specification needed for modeling
oppein-mpw-bsk30,OPPEIN,MPW-BSK30,Slide Out Basket 30'',,,specification_review,,,,,https://www.oppeincabinetry.ca/shop/mpw-bsk30-slide-out-basket-30-16161,Missing or conflicting explicitly labelled W/H/D; Finish/profile needs verification; Detailed profile/footprint or accessory specification needed for modeling
oppein-mpw-bsk36,OPPEIN,MPW-BSK36,Slide Out Basket 36'',,,specification_review,,,,,https://www.oppeincabinetry.ca/shop/mpw-bsk36-slide-out-basket-36-16162,Missing or conflicting explicitly labelled W/H/D; Finish/profile needs verification; Detailed profile/footprint or accessory specification needed for modeling
oppein-mpw-od36,OPPEIN,MPW-OD36,Slide Out Organizer,,,specification_review,,,,,https://www.oppeincabinetry.ca/shop/mpw-od36-slide-out-organizer-16160,Missing or conflicting explicitly labelled W/H/D; Finish/profile needs verification; Detailed profile/footprint or accessory specification needed for modeling
oppein-mpw-od30,OPPEIN,MPW-OD30,Slide Out Organizer,,,specification_review,,,,,https://www.oppeincabinetry.ca/shop/mpw-od30-slide-out-organizer-16159,Missing or conflicting explicitly labelled W/H/D; Finish/profile needs verification; Detailed profile/footprint or accessory specification needed for modeling
oppein-mpw-tr30,OPPEIN,MPW-TR30,Slide Out Trouser Rack,,,specification_review,,,,,https://www.oppeincabinetry.ca/shop/mpw-tr30-slide-out-trouser-rack-16163,Missing or conflicting explicitly labelled W/H/D; Finish/profile needs verification; Detailed profile/footprint or accessory specification needed for modeling
oppein-mpw-tr36,OPPEIN,MPW-TR36,Slide Out Trouser Rack,,,specification_review,,,,,https://www.oppeincabinetry.ca/shop/mpw-tr36-slide-out-trouser-rack-16164,Missing or conflicting explicitly labelled W/H/D; Finish/profile needs verification; Detailed profile/footprint or accessory specification needed for modeling
oppein-ssw-mwep1230,OPPEIN,SSW-MWEP1230,Slim Shaker Style End Panel - White,White Slim Shaker,,specification_review,,,,,https://www.oppeincabinetry.ca/shop/ssw-mwep1230-slim-shaker-style-end-panel-white-15847,Missing or conflicting explicitly labelled W/H/D; Detailed profile/footprint or accessory specification needed for modeling
oppein-ssw-mbep2430,OPPEIN,SSW-MBEP2430,Slim Shaker Style End Panel - White,White Slim Shaker,,specification_review,,,,,https://www.oppeincabinetry.ca/shop/ssw-mbep2430-slim-shaker-style-end-panel-white-15845,Missing or conflicting explicitly labelled W/H/D; Detailed profile/footprint or accessory specification needed for modeling
oppein-ssw-mwep1242,OPPEIN,SSW-MWEP1242,Slim Shaker Style End Panel - White,White Slim Shaker,,specification_review,,,,,https://www.oppeincabinetry.ca/shop/ssw-mwep1242-slim-shaker-style-end-panel-white-15846,Missing or conflicting explicitly labelled W/H/D; Detailed profile/footprint or accessory specification needed for modeling
oppein-bss-ref3696,OPPEIN,BSS-REF3696,Tall Panel- Blue,Blue Single Shaker,,specification_review,,,,,https://www.oppeincabinetry.ca/shop/bss-ref3696-tall-panel-blue-15573,Missing or conflicting explicitly labelled W/H/D; Detailed profile/footprint or accessory specification needed for modeling
oppein-bss-ref2496,OPPEIN,BSS-REF2496,Tall Panel- Blue,Blue Single Shaker,,specification_review,,,,,https://www.oppeincabinetry.ca/shop/bss-ref2496-tall-panel-blue-15575,Missing or conflicting explicitly labelled W/H/D; Detailed profile/footprint or accessory specification needed for modeling
oppein-pgw-ref2496,OPPEIN,PGW-REF2496,Tall Panel- High White Gloss,White High Gloss,,specification_review,,,,,https://www.oppeincabinetry.ca/shop/pgw-ref2496-tall-panel-high-white-gloss-10694,Missing or conflicting explicitly labelled W/H/D; Detailed profile/footprint or accessory specification needed for modeling
oppein-mnw-ref3696,OPPEIN,MNW-REF3696,Tall Panel- Natural Wood,Natural Wood,,specification_review,,,,,https://www.oppeincabinetry.ca/shop/mnw-ref3696-tall-panel-natural-wood-10339,Missing or conflicting explicitly labelled W/H/D; Detailed profile/footprint or accessory specification needed for modeling
oppein-mnw-ref2496,OPPEIN,MNW-REF2496,Tall Panel- Natural Wood,Natural Wood,,specification_review,,,,,https://www.oppeincabinetry.ca/shop/mnw-ref2496-tall-panel-natural-wood-10338,Missing or conflicting explicitly labelled W/H/D; Detailed profile/footprint or accessory specification needed for modeling
oppein-mso-ref3696,OPPEIN,MSO-REF3696,Tall Panel- Smoked Oak,Smoked Oak,,specification_review,,,,,https://www.oppeincabinetry.ca/shop/mso-ref3696-tall-panel-smoked-oak-10509,Missing or conflicting explicitly labelled W/H/D; Detailed profile/footprint or accessory specification needed for modeling
oppein-mso-ref2496,OPPEIN,MSO-REF2496,Tall Panel- Smoked Oak,Smoked Oak,,specification_review,,,,,https://www.oppeincabinetry.ca/shop/mso-ref2496-tall-panel-smoked-oak-10508,Missing or conflicting explicitly labelled W/H/D; Detailed profile/footprint or accessory specification needed for modeling
oppein-wss-ref2496,OPPEIN,WSS-REF2496,Tall Panel- White,White Single Shaker,,specification_review,,,,,https://www.oppeincabinetry.ca/shop/wss-ref2496-tall-panel-white-11207,Missing or conflicting explicitly labelled W/H/D; Detailed profile/footprint or accessory specification needed for modeling
oppein-wss-ref3696,OPPEIN,WSS-REF3696,Tall Panel- White,White Single Shaker,,specification_review,,,,,https://www.oppeincabinetry.ca/shop/wss-ref3696-tall-panel-white-11208,Missing or conflicting explicitly labelled W/H/D; Detailed profile/footprint or accessory specification needed for modeling
oppein-bss-tk8,OPPEIN,BSS-TK8,Toe Kick- Blue,Blue Single Shaker,,specification_review,,,,,https://www.oppeincabinetry.ca/shop/bss-tk8-toe-kick-blue-15563,Missing or conflicting explicitly labelled W/H/D; Detailed profile/footprint or accessory specification needed for modeling
oppein-pgw-tk8,OPPEIN,PGW-TK8,Toe Kick- High White Gloss,White High Gloss,,specification_review,,,,,https://www.oppeincabinetry.ca/shop/pgw-tk8-toe-kick-high-white-gloss-10699,Missing or conflicting explicitly labelled W/H/D; Detailed profile/footprint or accessory specification needed for modeling
oppein-mnw-tk8,OPPEIN,MNW-TK8,Toe Kick- Natural Wood,Natural Wood,,specification_review,,,,,https://www.oppeincabinetry.ca/shop/mnw-tk8-toe-kick-natural-wood-10344,Missing or conflicting explicitly labelled W/H/D; Detailed profile/footprint or accessory specification needed for modeling
oppein-mso-tk8,OPPEIN,MSO-TK8,Toe Kick- Smoked Oak,Smoked Oak,,specification_review,,,,,https://www.oppeincabinetry.ca/shop/mso-tk8-toe-kick-smoked-oak-10514,Missing or conflicting explicitly labelled W/H/D; Detailed profile/footprint or accessory specification needed for modeling
oppein-wss-tk8,OPPEIN,WSS-TK8,Toe Kick- White,White Single Shaker,,specification_review,,,,,https://www.oppeincabinetry.ca/shop/wss-tk8-toe-kick-white-11216,Missing or conflicting explicitly labelled W/H/D; Detailed profile/footprint or accessory specification needed for modeling
oppein-bss-val36,OPPEIN,BSS-VAL36,VAL36 - Blue,Blue Single Shaker,,specification_review,,,,,https://www.oppeincabinetry.ca/shop/bss-val36-val36-blue-15561,Missing or conflicting explicitly labelled W/H/D; Detailed profile/footprint or accessory specification needed for modeling
oppein-wss-val36,OPPEIN,WSS-VAL36,VAL36 - White,White Single Shaker,,specification_review,,,,,https://www.oppeincabinetry.ca/shop/wss-val36-val36-white-11349,Missing or conflicting explicitly labelled W/H/D; Detailed profile/footprint or accessory specification needed for modeling
oppein-bss-val48,OPPEIN,BSS-VAL48,VAL48 - Blue,Blue Single Shaker,,specification_review,,,,,https://www.oppeincabinetry.ca/shop/bss-val48-val48-blue-15559,Missing or conflicting explicitly labelled W/H/D; Detailed profile/footprint or accessory specification needed for modeling
oppein-wss-val48,OPPEIN,WSS-VAL48,VAL48 - White,White Single Shaker,,specification_review,,,,,https://www.oppeincabinetry.ca/shop/wss-val48-val48-white-11350,Missing or conflicting explicitly labelled W/H/D; Detailed profile/footprint or accessory specification needed for modeling
oppein-wss-lm8,OPPEIN,WSS-LM8,WSS-LM8 White,White Single Shaker,,specification_review,,,,,https://www.oppeincabinetry.ca/shop/wss-lm8-wss-lm8-white-11169,Missing or conflicting explicitly labelled W/H/D; Detailed profile/footprint or accessory specification needed for modeling
oppein-ply-mnw-wbf3630,OPPEIN,PLY-MNW-WBF3630,Wall Bi-Fold,Natural Wood,Plywood,model_ready,914.4,762.0,304.8,/cabinet-inventory/models/oppein-ply-mnw-wbf3630.glb,https://www.oppeincabinetry.ca/shop/ply-mnw-wbf3630-wall-bi-fold-14045,
oppein-ply-bss-wbf3030,OPPEIN,PLY-BSS-WBF3030,Wall Bi-Fold,Blue Single Shaker,Plywood,model_ready,762.0,762.0,304.8,/cabinet-inventory/models/oppein-ply-bss-wbf3030.glb,https://www.oppeincabinetry.ca/shop/ply-bss-wbf3030-wall-bi-fold-15827,
oppein-ply-bss-wbf3630,OPPEIN,PLY-BSS-WBF3630,Wall Bi-Fold,Blue Single Shaker,Plywood,model_ready,914.4,762.0,304.8,/cabinet-inventory/models/oppein-ply-bss-wbf3630.glb,https://www.oppeincabinetry.ca/shop/ply-bss-wbf3630-wall-bi-fold-15828,
oppein-ply-ssw-wbf3630,OPPEIN,PLY-SSW-WBF3630,Wall Bi-Fold,White Slim Shaker,Plywood,model_ready,914.4,762.0,304.8,/cabinet-inventory/models/oppein-ply-ssw-wbf3630.glb,https://www.oppeincabinetry.ca/shop/ply-ssw-wbf3630-wall-bi-fold-12585,
oppein-ply-mso-wbf3030,OPPEIN,PLY-MSO-WBF3030,Wall Bi-Fold,Smoked Oak,Plywood,model_ready,762.0,762.0,304.8,/cabinet-inventory/models/oppein-ply-mso-wbf3030.glb,https://www.oppeincabinetry.ca/shop/ply-mso-wbf3030-wall-bi-fold-14765,
oppein-ply-wss-wbf3030,OPPEIN,PLY-WSS-WBF3030,Wall Bi-Fold,White Single Shaker,Plywood,model_ready,762.0,762.0,304.8,/cabinet-library/models/PLY-WSS-WBF3030.glb,https://www.oppeincabinetry.ca/shop/ply-wss-wbf3030-wall-bi-fold-9978,
oppein-ply-mso-wbf3630,OPPEIN,PLY-MSO-WBF3630,Wall Bi-Fold,Smoked Oak,Plywood,model_ready,914.4,762.0,304.8,/cabinet-inventory/models/oppein-ply-mso-wbf3630.glb,https://www.oppeincabinetry.ca/shop/ply-mso-wbf3630-wall-bi-fold-14766,
oppein-ply-wss-wbf3630,OPPEIN,PLY-WSS-WBF3630,Wall Bi-Fold,White Single Shaker,Plywood,model_ready,914.4,762.0,304.8,/cabinet-library/models/PLY-WSS-WBF3630.glb,https://www.oppeincabinetry.ca/shop/ply-wss-wbf3630-wall-bi-fold-9977,
oppein-ply-mnw-wbf3030,OPPEIN,PLY-MNW-WBF3030,Wall Bi-Fold,Natural Wood,Plywood,model_ready,762.0,762.0,304.8,/cabinet-inventory/models/oppein-ply-mnw-wbf3030.glb,https://www.oppeincabinetry.ca/shop/ply-mnw-wbf3030-wall-bi-fold-14044,
oppein-ply-ssw-wbf3030,OPPEIN,PLY-SSW-WBF3030,Wall Bi-Fold,White Slim Shaker,Plywood,model_ready,762.0,762.0,304.8,/cabinet-inventory/models/oppein-ply-ssw-wbf3030.glb,https://www.oppeincabinetry.ca/shop/ply-ssw-wbf3030-wall-bi-fold-12584,
oppein-ply-gss-wbf3630,OPPEIN,PLY-GSS-WBF3630,Wall Bi-Fold,Gray Single Shaker,Plywood,model_ready,914.4,762.0,304.8,/cabinet-inventory/models/oppein-ply-gss-wbf3630.glb,https://www.oppeincabinetry.ca/shop/ply-gss-wbf3630-wall-bi-fold-12126,
oppein-ply-pgw-wbf3030,OPPEIN,PLY-PGW-WBF3030,Wall Bi-Fold,White High Gloss,Plywood,model_ready,762.0,762.0,304.8,/cabinet-inventory/models/oppein-ply-pgw-wbf3030.glb,https://www.oppeincabinetry.ca/shop/ply-pgw-wbf3030-wall-bi-fold-15501,
oppein-ply-gss-wbf3030,OPPEIN,PLY-GSS-WBF3030,Wall Bi-Fold,Gray Single Shaker,Plywood,model_ready,762.0,762.0,304.8,/cabinet-inventory/models/oppein-ply-gss-wbf3030.glb,https://www.oppeincabinetry.ca/shop/ply-gss-wbf3030-wall-bi-fold-12125,
oppein-ply-pgw-wbf3630,OPPEIN,PLY-PGW-WBF3630,Wall Bi-Fold,White High Gloss,Plywood,model_ready,914.4,762.0,304.8,/cabinet-inventory/models/oppein-ply-pgw-wbf3630.glb,https://www.oppeincabinetry.ca/shop/ply-pgw-wbf3630-wall-bi-fold-15502,
oppein-pb-bss-wbc2736,OPPEIN,PB-BSS-WBC2736,Wall Blind Corner,Blue Single Shaker,Particle board,specification_review,685.8,914.4,304.8,,https://www.oppeincabinetry.ca/shop/pb-bss-wbc2736-wall-blind-corner-17783,Detailed profile/footprint or accessory specification needed for modeling
oppein-pb-bss-wbc2742,OPPEIN,PB-BSS-WBC2742,Wall Blind Corner,Blue Single Shaker,Particle board,specification_review,685.8,1066.8,304.8,,https://www.oppeincabinetry.ca/shop/pb-bss-wbc2742-wall-blind-corner-17784,Detailed profile/footprint or accessory specification needed for modeling
oppein-pb-gss-wbc2742,OPPEIN,PB-GSS-WBC2742,Wall Blind Corner,Gray Single Shaker,Particle board,specification_review,685.8,1066.8,304.8,,https://www.oppeincabinetry.ca/shop/pb-gss-wbc2742-wall-blind-corner-18056,Detailed profile/footprint or accessory specification needed for modeling
oppein-pb-gss-wbc2736,OPPEIN,PB-GSS-WBC2736,Wall Blind Corner,Gray Single Shaker,Particle board,specification_review,685.8,914.4,304.8,,https://www.oppeincabinetry.ca/shop/pb-gss-wbc2736-wall-blind-corner-18055,Detailed profile/footprint or accessory specification needed for modeling
oppein-pb-gss-wbc2730,OPPEIN,PB-GSS-WBC2730,Wall Blind Corner,Gray Single Shaker,Particle board,specification_review,685.8,762.0,304.8,,https://www.oppeincabinetry.ca/shop/pb-gss-wbc2730-wall-blind-corner-18054,Detailed profile/footprint or accessory specification needed for modeling
oppein-pb-wss-wbc2742,OPPEIN,PB-WSS-WBC2742,Wall Blind Corner,White Single Shaker,Particle board,specification_review,685.8,1066.8,304.8,,https://www.oppeincabinetry.ca/shop/pb-wss-wbc2742-wall-blind-corner-17920,Detailed profile/footprint or accessory specification needed for modeling
oppein-pb-wss-wbc2736,OPPEIN,PB-WSS-WBC2736,Wall Blind Corner,White Single Shaker,Particle board,specification_review,685.8,914.4,304.8,,https://www.oppeincabinetry.ca/shop/pb-wss-wbc2736-wall-blind-corner-17919,Detailed profile/footprint or accessory specification needed for modeling
oppein-pb-wss-wbc2730,OPPEIN,PB-WSS-WBC2730,Wall Blind Corner,White Single Shaker,Particle board,specification_review,685.8,762.0,304.8,,https://www.oppeincabinetry.ca/shop/pb-wss-wbc2730-wall-blind-corner-17918,Detailed profile/footprint or accessory specification needed for modeling
oppein-ply-mso-wbc2730,OPPEIN,PLY-MSO-WBC2730,Wall Blind Corner,Smoked Oak,Plywood,specification_review,685.8,762.0,304.8,,https://www.oppeincabinetry.ca/shop/ply-mso-wbc2730-wall-blind-corner-14762,Detailed profile/footprint or accessory specification needed for modeling
oppein-ply-mso-wbc2736,OPPEIN,PLY-MSO-WBC2736,Wall Blind Corner,Smoked Oak,Plywood,specification_review,685.8,914.4,304.8,,https://www.oppeincabinetry.ca/shop/ply-mso-wbc2736-wall-blind-corner-14763,Detailed profile/footprint or accessory specification needed for modeling
oppein-ply-mso-wbc2742,OPPEIN,PLY-MSO-WBC2742,Wall Blind Corner,Smoked Oak,Plywood,specification_review,685.8,1066.8,304.8,,https://www.oppeincabinetry.ca/shop/ply-mso-wbc2742-wall-blind-corner-14764,Detailed profile/footprint or accessory specification needed for modeling
oppein-ply-wss-wbc2736,OPPEIN,PLY-WSS-WBC2736,Wall Blind Corner,White Single Shaker,Plywood,specification_review,685.8,914.4,304.8,,https://www.oppeincabinetry.ca/shop/ply-wss-wbc2736-wall-blind-corner-9979,Detailed profile/footprint or accessory specification needed for modeling
oppein-ply-wss-wbc2730,OPPEIN,PLY-WSS-WBC2730,Wall Blind Corner,White Single Shaker,Plywood,specification_review,685.8,762.0,304.8,,https://www.oppeincabinetry.ca/shop/ply-wss-wbc2730-wall-blind-corner-9980,Detailed profile/footprint or accessory specification needed for modeling
oppein-ply-wss-wbc2742,OPPEIN,PLY-WSS-WBC2742,Wall Blind Corner,White Single Shaker,Plywood,specification_review,685.8,1066.8,304.8,,https://www.oppeincabinetry.ca/shop/ply-wss-wbc2742-wall-blind-corner-9981,Detailed profile/footprint or accessory specification needed for modeling
oppein-ply-pgw-wbc2730,OPPEIN,PLY-PGW-WBC2730,Wall Blind Corner,White High Gloss,Plywood,specification_review,685.8,762.0,304.8,,https://www.oppeincabinetry.ca/shop/ply-pgw-wbc2730-wall-blind-corner-15498,Detailed profile/footprint or accessory specification needed for modeling
oppein-ply-pgw-wbc2736,OPPEIN,PLY-PGW-WBC2736,Wall Blind Corner,White High Gloss,Plywood,specification_review,685.8,914.4,304.8,,https://www.oppeincabinetry.ca/shop/ply-pgw-wbc2736-wall-blind-corner-15499,Detailed profile/footprint or accessory specification needed for modeling
oppein-ply-pgw-wbc2742,OPPEIN,PLY-PGW-WBC2742,Wall Blind Corner,White High Gloss,Plywood,specification_review,685.8,1066.8,304.8,,https://www.oppeincabinetry.ca/shop/ply-pgw-wbc2742-wall-blind-corner-15500,Detailed profile/footprint or accessory specification needed for modeling
oppein-ply-ssw-wbc2742,OPPEIN,PLY-SSW-WBC2742,Wall Blind Corner,White Slim Shaker,Plywood,specification_review,685.8,1066.8,304.8,,https://www.oppeincabinetry.ca/shop/ply-ssw-wbc2742-wall-blind-corner-12583,Detailed profile/footprint or accessory specification needed for modeling
oppein-ply-ssw-wbc2736,OPPEIN,PLY-SSW-WBC2736,Wall Blind Corner,White Slim Shaker,Plywood,specification_review,685.8,914.4,304.8,,https://www.oppeincabinetry.ca/shop/ply-ssw-wbc2736-wall-blind-corner-12582,Detailed profile/footprint or accessory specification needed for modeling
oppein-ply-ssw-wbc2730,OPPEIN,PLY-SSW-WBC2730,Wall Blind Corner,White Slim Shaker,Plywood,specification_review,685.8,762.0,304.8,,https://www.oppeincabinetry.ca/shop/ply-ssw-wbc2730-wall-blind-corner-12581,Detailed profile/footprint or accessory specification needed for modeling
oppein-ply-mnw-wbc2730,OPPEIN,PLY-MNW-WBC2730,Wall Blind Corner,Natural Wood,Plywood,specification_review,685.8,762.0,304.8,,https://www.oppeincabinetry.ca/shop/ply-mnw-wbc2730-wall-blind-corner-14041,Detailed profile/footprint or accessory specification needed for modeling
oppein-ply-mnw-wbc2736,OPPEIN,PLY-MNW-WBC2736,Wall Blind Corner,Natural Wood,Plywood,specification_review,685.8,914.4,304.8,,https://www.oppeincabinetry.ca/shop/ply-mnw-wbc2736-wall-blind-corner-14042,Detailed profile/footprint or accessory specification needed for modeling
oppein-ply-mnw-wbc2742,OPPEIN,PLY-MNW-WBC2742,Wall Blind Corner,Natural Wood,Plywood,specification_review,685.8,1066.8,304.8,,https://www.oppeincabinetry.ca/shop/ply-mnw-wbc2742-wall-blind-corner-14043,Detailed profile/footprint or accessory specification needed for modeling
oppein-pb-mnw-wbc2742,OPPEIN,PB-MNW-WBC2742,Wall Blind Corner,Natural Wood,Particle board,specification_review,685.8,1066.8,304.8,,https://www.oppeincabinetry.ca/shop/pb-mnw-wbc2742-wall-blind-corner-18739,Detailed profile/footprint or accessory specification needed for modeling
oppein-pb-mnw-wbc2736,OPPEIN,PB-MNW-WBC2736,Wall Blind Corner,Natural Wood,Particle board,specification_review,685.8,914.4,304.8,,https://www.oppeincabinetry.ca/shop/pb-mnw-wbc2736-wall-blind-corner-18738,Detailed profile/footprint or accessory specification needed for modeling
oppein-pb-mnw-wbc2730,OPPEIN,PB-MNW-WBC2730,Wall Blind Corner,Natural Wood,Particle board,specification_review,685.8,762.0,304.8,,https://www.oppeincabinetry.ca/shop/pb-mnw-wbc2730-wall-blind-corner-18737,Detailed profile/footprint or accessory specification needed for modeling
oppein-ply-bss-wbc2730,OPPEIN,PLY-BSS-WBC2730,Wall Blind Corner,Blue Single Shaker,Plywood,specification_review,685.8,762.0,304.8,,https://www.oppeincabinetry.ca/shop/ply-bss-wbc2730-wall-blind-corner-15823,Detailed profile/footprint or accessory specification needed for modeling
oppein-ply-bss-wbc2736,OPPEIN,PLY-BSS-WBC2736,Wall Blind Corner,Blue Single Shaker,Plywood,specification_review,685.8,914.4,304.8,,https://www.oppeincabinetry.ca/shop/ply-bss-wbc2736-wall-blind-corner-15824,Detailed profile/footprint or accessory specification needed for modeling
oppein-ply-bss-wbc2742,OPPEIN,PLY-BSS-WBC2742,Wall Blind Corner,Blue Single Shaker,Plywood,specification_review,685.8,1066.8,304.8,,https://www.oppeincabinetry.ca/shop/ply-bss-wbc2742-wall-blind-corner-15826,Detailed profile/footprint or accessory specification needed for modeling
oppein-pb-ssw-wbc2742,OPPEIN,PB-SSW-WBC2742,Wall Blind Corner,White Slim Shaker,Particle board,specification_review,685.8,1066.8,304.8,,https://www.oppeincabinetry.ca/shop/pb-ssw-wbc2742-wall-blind-corner-19011,Detailed profile/footprint or accessory specification needed for modeling
oppein-pb-ssw-wbc2736,OPPEIN,PB-SSW-WBC2736,Wall Blind Corner,White Slim Shaker,Particle board,specification_review,685.8,914.4,304.8,,https://www.oppeincabinetry.ca/shop/pb-ssw-wbc2736-wall-blind-corner-19010,Detailed profile/footprint or accessory specification needed for modeling
oppein-pb-pgw-wbc2742,OPPEIN,PB-PGW-WBC2742,Wall Blind Corner,White High Gloss,Particle board,specification_review,685.8,1066.8,304.8,,https://www.oppeincabinetry.ca/shop/pb-pgw-wbc2742-wall-blind-corner-18192,Detailed profile/footprint or accessory specification needed for modeling
oppein-pb-pgw-wbc2736,OPPEIN,PB-PGW-WBC2736,Wall Blind Corner,White High Gloss,Particle board,specification_review,685.8,914.4,304.8,,https://www.oppeincabinetry.ca/shop/pb-pgw-wbc2736-wall-blind-corner-18191,Detailed profile/footprint or accessory specification needed for modeling
oppein-pb-pgw-wbc2730,OPPEIN,PB-PGW-WBC2730,Wall Blind Corner,White High Gloss,Particle board,specification_review,685.8,762.0,304.8,,https://www.oppeincabinetry.ca/shop/pb-pgw-wbc2730-wall-blind-corner-18190,Detailed profile/footprint or accessory specification needed for modeling
oppein-ply-gss-wbc2730,OPPEIN,PLY-GSS-WBC2730,Wall Blind Corner,Gray Single Shaker,Plywood,specification_review,685.8,762.0,304.8,,https://www.oppeincabinetry.ca/shop/ply-gss-wbc2730-wall-blind-corner-12127,Detailed profile/footprint or accessory specification needed for modeling
oppein-ply-gss-wbc2742,OPPEIN,PLY-GSS-WBC2742,Wall Blind Corner,Gray Single Shaker,Plywood,specification_review,685.8,1066.8,304.8,,https://www.oppeincabinetry.ca/shop/ply-gss-wbc2742-wall-blind-corner-12128,Detailed profile/footprint or accessory specification needed for modeling
oppein-ply-gss-wbc2736,OPPEIN,PLY-GSS-WBC2736,Wall Blind Corner,Gray Single Shaker,Plywood,specification_review,685.8,914.4,304.8,,https://www.oppeincabinetry.ca/shop/ply-gss-wbc2736-wall-blind-corner-12129,Detailed profile/footprint or accessory specification needed for modeling
oppein-pb-ssw-wbc2730,OPPEIN,PB-SSW-WBC2730,Wall Blind Corner,White Slim Shaker,Particle board,specification_review,685.8,762.0,304.8,,https://www.oppeincabinetry.ca/shop/pb-ssw-wbc2730-wall-blind-corner-19009,Detailed profile/footprint or accessory specification needed for modeling
oppein-pb-bss-wbc2730,OPPEIN,PB-BSS-WBC2730,Wall Blind Corner,Blue Single Shaker,Particle board,specification_review,685.8,762.0,304.8,,https://www.oppeincabinetry.ca/shop/pb-bss-wbc2730-wall-blind-corner-17782,Detailed profile/footprint or accessory specification needed for modeling
oppein-ply-mnw-w2142,OPPEIN,PLY-MNW-W2142,Wall Cabinet 1 Full Door,Natural Wood,Plywood,model_ready,533.4,1066.8,304.8,/cabinet-inventory/models/oppein-ply-mnw-w2142.glb,https://www.oppeincabinetry.ca/shop/ply-mnw-w2142-wall-cabinet-1-full-door-14014,
oppein-ply-mso-w1242,OPPEIN,PLY-MSO-W1242,Wall Cabinet 1 Full Door,Smoked Oak,Plywood,model_ready,304.8,1066.8,304.8,/cabinet-inventory/models/oppein-ply-mso-w1242.glb,https://www.oppeincabinetry.ca/shop/ply-mso-w1242-wall-cabinet-1-full-door-14688,
oppein-ply-mnw-w1830,OPPEIN,PLY-MNW-W1830,Wall Cabinet 1 Full Door,Natural Wood,Plywood,model_ready,457.2,762.0,304.8,/cabinet-inventory/models/oppein-ply-mnw-w1830.glb,https://www.oppeincabinetry.ca/shop/ply-mnw-w1830-wall-cabinet-1-full-door-14012,
oppein-pb-mnw-w1236,OPPEIN,PB-MNW-W1236,Wall Cabinet 1 Full Door,Natural Wood,Particle board,model_ready,533.4,914.4,304.8,/cabinet-inventory/models/oppein-pb-mnw-w1236.glb,https://www.oppeincabinetry.ca/shop/pb-mnw-w1236-wall-cabinet-1-full-door-18672,
oppein-pb-mnw-w1230,OPPEIN,PB-MNW-W1230,Wall Cabinet 1 Full Door,Natural Wood,Particle board,model_ready,304.8,762.0,304.8,/cabinet-inventory/models/oppein-pb-mnw-w1230.glb,https://www.oppeincabinetry.ca/shop/pb-mnw-w1230-wall-cabinet-1-full-door-18671,
oppein-pb-mnw-w1212,OPPEIN,PB-MNW-W1212,Wall Cabinet 1 Full Door,Natural Wood,Particle board,model_ready,304.8,304.8,304.8,/cabinet-inventory/models/oppein-pb-mnw-w1212.glb,https://www.oppeincabinetry.ca/shop/pb-mnw-w1212-wall-cabinet-1-full-door-18670,
oppein-pb-mnw-w0942,OPPEIN,PB-MNW-W0942,Wall Cabinet 1 Full Door,Natural Wood,Particle board,model_ready,228.6,1066.8,304.8,/cabinet-inventory/models/oppein-pb-mnw-w0942.glb,https://www.oppeincabinetry.ca/shop/pb-mnw-w0942-wall-cabinet-1-full-door-18669,
oppein-pb-mnw-w0936,OPPEIN,PB-MNW-W0936,Wall Cabinet 1 Full Door,Natural Wood,Particle board,model_ready,228.6,914.4,304.8,/cabinet-inventory/models/oppein-pb-mnw-w0936.glb,https://www.oppeincabinetry.ca/shop/pb-mnw-w0936-wall-cabinet-1-full-door-18668,
oppein-pb-mnw-w0930,OPPEIN,PB-MNW-W0930,Wall Cabinet 1 Full Door,Natural Wood,Particle board,model_ready,228.6,762.0,304.8,/cabinet-inventory/models/oppein-pb-mnw-w0930.glb,https://www.oppeincabinetry.ca/shop/pb-mnw-w0930-wall-cabinet-1-full-door-18667,
oppein-ply-mso-w2136,OPPEIN,PLY-MSO-W2136,Wall Cabinet 1 Full Door,Smoked Oak,Plywood,model_ready,533.4,914.4,304.8,/cabinet-inventory/models/oppein-ply-mso-w2136.glb,https://www.oppeincabinetry.ca/shop/ply-mso-w2136-wall-cabinet-1-full-door-14687,
oppein-ply-bss-w2142,OPPEIN,PLY-BSS-W2142,Wall Cabinet 1 Full Door,Blue Single Shaker,Plywood,model_ready,533.4,1066.8,304.8,/cabinet-inventory/models/oppein-ply-bss-w2142.glb,https://www.oppeincabinetry.ca/shop/ply-bss-w2142-wall-cabinet-1-full-door-15779,
oppein-ply-bss-w2136,OPPEIN,PLY-BSS-W2136,Wall Cabinet 1 Full Door,Blue Single Shaker,Plywood,model_ready,533.4,914.4,304.8,/cabinet-inventory/models/oppein-ply-bss-w2136.glb,https://www.oppeincabinetry.ca/shop/ply-bss-w2136-wall-cabinet-1-full-door-15778,
oppein-ply-mnw-w1542,OPPEIN,PLY-MNW-W1542,Wall Cabinet 1 Full Door,Natural Wood,Plywood,model_ready,381.0,1066.8,304.8,/cabinet-inventory/models/oppein-ply-mnw-w1542.glb,https://www.oppeincabinetry.ca/shop/ply-mnw-w1542-wall-cabinet-1-full-door-14010,
oppein-ply-bss-w2130,OPPEIN,PLY-BSS-W2130,Wall Cabinet 1 Full Door,Blue Single Shaker,Plywood,model_ready,533.4,762.0,304.8,/cabinet-inventory/models/oppein-ply-bss-w2130.glb,https://www.oppeincabinetry.ca/shop/ply-bss-w2130-wall-cabinet-1-full-door-15777,
oppein-ply-gss-w1542,OPPEIN,PLY-GSS-W1542,Wall Cabinet 1 Full Door,Gray Single Shaker,Plywood,model_ready,381.0,1066.8,304.8,/cabinet-inventory/models/oppein-ply-gss-w1542.glb,https://www.oppeincabinetry.ca/shop/ply-gss-w1542-wall-cabinet-1-full-door-12141,
oppein-ply-gss-w1230,OPPEIN,PLY-GSS-W1230,Wall Cabinet 1 Full Door,Gray Single Shaker,Plywood,model_ready,304.8,762.0,304.8,/cabinet-inventory/models/oppein-ply-gss-w1230.glb,https://www.oppeincabinetry.ca/shop/ply-gss-w1230-wall-cabinet-1-full-door-12137,
oppein-ply-mso-w0942,OPPEIN,PLY-MSO-W0942,Wall Cabinet 1 Full Door,Smoked Oak,Plywood,model_ready,228.6,1066.8,304.8,/cabinet-inventory/models/oppein-ply-mso-w0942.glb,https://www.oppeincabinetry.ca/shop/ply-mso-w0942-wall-cabinet-1-full-door-14727,
oppein-ply-wss-w1830,OPPEIN,PLY-WSS-W1830,Wall Cabinet 1 Full Door,White Single Shaker,Plywood,model_ready,457.2,762.0,304.8,/cabinet-library/models/PLY-WSS-W1830.glb,https://www.oppeincabinetry.ca/shop/ply-wss-w1830-wall-cabinet-1-full-door-9982,
oppein-ply-bss-w1842,OPPEIN,PLY-BSS-W1842,Wall Cabinet 1 Full Door,Blue Single Shaker,Plywood,model_ready,457.2,1066.8,304.8,/cabinet-inventory/models/oppein-ply-bss-w1842.glb,https://www.oppeincabinetry.ca/shop/ply-bss-w1842-wall-cabinet-1-full-door-15775,
oppein-ply-bss-w1836,OPPEIN,PLY-BSS-W1836,Wall Cabinet 1 Full Door,Blue Single Shaker,Plywood,model_ready,457.2,914.4,304.8,/cabinet-inventory/models/oppein-ply-bss-w1836.glb,https://www.oppeincabinetry.ca/shop/ply-bss-w1836-wall-cabinet-1-full-door-15774,
oppein-ply-bss-w1830,OPPEIN,PLY-BSS-W1830,Wall Cabinet 1 Full Door,Blue Single Shaker,Plywood,model_ready,457.2,762.0,304.8,/cabinet-inventory/models/oppein-ply-bss-w1830.glb,https://www.oppeincabinetry.ca/shop/ply-bss-w1830-wall-cabinet-1-full-door-15773,
oppein-ply-bss-w1542,OPPEIN,PLY-BSS-W1542,Wall Cabinet 1 Full Door,Blue Single Shaker,Plywood,model_ready,381.0,1066.8,304.8,/cabinet-inventory/models/oppein-ply-bss-w1542.glb,https://www.oppeincabinetry.ca/shop/ply-bss-w1542-wall-cabinet-1-full-door-15771,
oppein-ply-bss-w1536,OPPEIN,PLY-BSS-W1536,Wall Cabinet 1 Full Door,Blue Single Shaker,Plywood,model_ready,381.0,914.4,304.8,/cabinet-inventory/models/oppein-ply-bss-w1536.glb,https://www.oppeincabinetry.ca/shop/ply-bss-w1536-wall-cabinet-1-full-door-15770,
oppein-ply-bss-w1530,OPPEIN,PLY-BSS-W1530,Wall Cabinet 1 Full Door,Blue Single Shaker,Plywood,model_ready,381.0,762.0,304.8,/cabinet-inventory/models/oppein-ply-bss-w1530.glb,https://www.oppeincabinetry.ca/shop/ply-bss-w1530-wall-cabinet-1-full-door-15769,
oppein-ply-bss-w1242,OPPEIN,PLY-BSS-W1242,Wall Cabinet 1 Full Door,Blue Single Shaker,Plywood,model_ready,304.8,1066.8,304.8,/cabinet-inventory/models/oppein-ply-bss-w1242.glb,https://www.oppeincabinetry.ca/shop/ply-bss-w1242-wall-cabinet-1-full-door-15767,
oppein-ply-bss-w1236,OPPEIN,PLY-BSS-W1236,Wall Cabinet 1 Full Door,Blue Single Shaker,Plywood,model_ready,533.4,914.4,304.8,/cabinet-inventory/models/oppein-ply-bss-w1236.glb,https://www.oppeincabinetry.ca/shop/ply-bss-w1236-wall-cabinet-1-full-door-15766,
oppein-ply-bss-w1230,OPPEIN,PLY-BSS-W1230,Wall Cabinet 1 Full Door,Blue Single Shaker,Plywood,model_ready,304.8,762.0,304.8,/cabinet-inventory/models/oppein-ply-bss-w1230.glb,https://www.oppeincabinetry.ca/shop/ply-bss-w1230-wall-cabinet-1-full-door-15765,
oppein-ply-bss-w0942,OPPEIN,PLY-BSS-W0942,Wall Cabinet 1 Full Door,Blue Single Shaker,Plywood,model_ready,228.6,1066.8,304.8,/cabinet-inventory/models/oppein-ply-bss-w0942.glb,https://www.oppeincabinetry.ca/shop/ply-bss-w0942-wall-cabinet-1-full-door-15763,
oppein-ply-bss-w0936,OPPEIN,PLY-BSS-W0936,Wall Cabinet 1 Full Door,Blue Single Shaker,Plywood,model_ready,228.6,914.4,304.8,/cabinet-inventory/models/oppein-ply-bss-w0936.glb,https://www.oppeincabinetry.ca/shop/ply-bss-w0936-wall-cabinet-1-full-door-15762,
oppein-ply-bss-w0930,OPPEIN,PLY-BSS-W0930,Wall Cabinet 1 Full Door,Blue Single Shaker,Plywood,model_ready,228.6,762.0,304.8,/cabinet-inventory/models/oppein-ply-bss-w0930.glb,https://www.oppeincabinetry.ca/shop/ply-bss-w0930-wall-cabinet-1-full-door-15715,
oppein-ply-mso-w0936,OPPEIN,PLY-MSO-W0936,Wall Cabinet 1 Full Door,Smoked Oak,Plywood,model_ready,228.6,914.4,304.8,/cabinet-inventory/models/oppein-ply-mso-w0936.glb,https://www.oppeincabinetry.ca/shop/ply-mso-w0936-wall-cabinet-1-full-door-14680,
oppein-pb-mnw-w2112,OPPEIN,PB-MNW-W2112,Wall Cabinet 1 Full Door,Natural Wood,Particle board,model_ready,533.4,304.8,304.8,/cabinet-inventory/models/oppein-pb-mnw-w2112.glb,https://www.oppeincabinetry.ca/shop/pb-mnw-w2112-wall-cabinet-1-full-door-18682,
oppein-pb-mso-w0930,OPPEIN,PB-MSO-W0930,Wall Cabinet 1 Full Door,Smoked Oak,Particle board,model_ready,228.6,762.0,304.8,/cabinet-inventory/models/oppein-pb-mso-w0930.glb,https://www.oppeincabinetry.ca/shop/pb-mso-w0930-wall-cabinet-1-full-door-18803,
oppein-pb-mso-w0936,OPPEIN,PB-MSO-W0936,Wall Cabinet 1 Full Door,Smoked Oak,Particle board,model_ready,228.6,914.4,304.8,/cabinet-inventory/models/oppein-pb-mso-w0936.glb,https://www.oppeincabinetry.ca/shop/pb-mso-w0936-wall-cabinet-1-full-door-18804,
oppein-pb-mso-w0942,OPPEIN,PB-MSO-W0942,Wall Cabinet 1 Full Door,Smoked Oak,Particle board,model_ready,228.6,1066.8,304.8,/cabinet-inventory/models/oppein-pb-mso-w0942.glb,https://www.oppeincabinetry.ca/shop/pb-mso-w0942-wall-cabinet-1-full-door-18805,
oppein-pb-mso-w1212,OPPEIN,PB-MSO-W1212,Wall Cabinet 1 Full Door,Smoked Oak,Particle board,model_ready,304.8,304.8,304.8,/cabinet-inventory/models/oppein-pb-mso-w1212.glb,https://www.oppeincabinetry.ca/shop/pb-mso-w1212-wall-cabinet-1-full-door-18806,
oppein-pb-mso-w1230,OPPEIN,PB-MSO-W1230,Wall Cabinet 1 Full Door,Smoked Oak,Particle board,model_ready,304.8,762.0,304.8,/cabinet-inventory/models/oppein-pb-mso-w1230.glb,https://www.oppeincabinetry.ca/shop/pb-mso-w1230-wall-cabinet-1-full-door-18807,
oppein-pb-mso-w1236,OPPEIN,PB-MSO-W1236,Wall Cabinet 1 Full Door,Smoked Oak,Particle board,model_ready,533.4,914.4,304.8,/cabinet-inventory/models/oppein-pb-mso-w1236.glb,https://www.oppeincabinetry.ca/shop/pb-mso-w1236-wall-cabinet-1-full-door-18808,
oppein-pb-mso-w1242,OPPEIN,PB-MSO-W1242,Wall Cabinet 1 Full Door,Smoked Oak,Particle board,model_ready,304.8,1066.8,304.8,/cabinet-inventory/models/oppein-pb-mso-w1242.glb,https://www.oppeincabinetry.ca/shop/pb-mso-w1242-wall-cabinet-1-full-door-18809,
oppein-pb-mso-w1512,OPPEIN,PB-MSO-W1512,Wall Cabinet 1 Full Door,Smoked Oak,Particle board,model_ready,381.0,304.8,304.8,/cabinet-inventory/models/oppein-pb-mso-w1512.glb,https://www.oppeincabinetry.ca/shop/pb-mso-w1512-wall-cabinet-1-full-door-18810,
oppein-ply-mnw-w1530,OPPEIN,PLY-MNW-W1530,Wall Cabinet 1 Full Door,Natural Wood,Plywood,model_ready,381.0,762.0,304.8,/cabinet-inventory/models/oppein-ply-mnw-w1530.glb,https://www.oppeincabinetry.ca/shop/ply-mnw-w1530-wall-cabinet-1-full-door-14009,
oppein-ply-gss-w0936,OPPEIN,PLY-GSS-W0936,Wall Cabinet 1 Full Door,Gray Single Shaker,Plywood,model_ready,228.6,914.4,304.8,/cabinet-inventory/models/oppein-ply-gss-w0936.glb,https://www.oppeincabinetry.ca/shop/ply-gss-w0936-wall-cabinet-1-full-door-12139,
oppein-pb-mso-w1530,OPPEIN,PB-MSO-W1530,Wall Cabinet 1 Full Door,Smoked Oak,Particle board,model_ready,381.0,762.0,304.8,/cabinet-inventory/models/oppein-pb-mso-w1530.glb,https://www.oppeincabinetry.ca/shop/pb-mso-w1530-wall-cabinet-1-full-door-18811,
oppein-pb-mso-w1536,OPPEIN,PB-MSO-W1536,Wall Cabinet 1 Full Door,Smoked Oak,Particle board,model_ready,381.0,914.4,304.8,/cabinet-inventory/models/oppein-pb-mso-w1536.glb,https://www.oppeincabinetry.ca/shop/pb-mso-w1536-wall-cabinet-1-full-door-18812,
oppein-ply-gss-w1536,OPPEIN,PLY-GSS-W1536,Wall Cabinet 1 Full Door,Gray Single Shaker,Plywood,model_ready,381.0,914.4,304.8,/cabinet-inventory/models/oppein-ply-gss-w1536.glb,https://www.oppeincabinetry.ca/shop/ply-gss-w1536-wall-cabinet-1-full-door-12131,
oppein-pb-mso-w1542,OPPEIN,PB-MSO-W1542,Wall Cabinet 1 Full Door,Smoked Oak,Particle board,model_ready,381.0,1066.8,304.8,/cabinet-inventory/models/oppein-pb-mso-w1542.glb,https://www.oppeincabinetry.ca/shop/pb-mso-w1542-wall-cabinet-1-full-door-18813,
oppein-ply-ssw-w2142,OPPEIN,PLY-SSW-W2142,Wall Cabinet 1 Full Door,White Slim Shaker,Plywood,model_ready,533.4,1066.8,304.8,/cabinet-inventory/models/oppein-ply-ssw-w2142.glb,https://www.oppeincabinetry.ca/shop/ply-ssw-w2142-wall-cabinet-1-full-door-12552,
oppein-pb-mso-w1812,OPPEIN,PB-MSO-W1812,Wall Cabinet 1 Full Door,Smoked Oak,Particle board,model_ready,457.2,304.8,304.8,/cabinet-inventory/models/oppein-pb-mso-w1812.glb,https://www.oppeincabinetry.ca/shop/pb-mso-w1812-wall-cabinet-1-full-door-18814,
oppein-pb-mso-w1830,OPPEIN,PB-MSO-W1830,Wall Cabinet 1 Full Door,Smoked Oak,Particle board,model_ready,457.2,762.0,304.8,/cabinet-inventory/models/oppein-pb-mso-w1830.glb,https://www.oppeincabinetry.ca/shop/pb-mso-w1830-wall-cabinet-1-full-door-18815,
oppein-pb-mso-w1836,OPPEIN,PB-MSO-W1836,Wall Cabinet 1 Full Door,Smoked Oak,Particle board,model_ready,457.2,914.4,304.8,/cabinet-inventory/models/oppein-pb-mso-w1836.glb,https://www.oppeincabinetry.ca/shop/pb-mso-w1836-wall-cabinet-1-full-door-18816,
oppein-pb-mso-w1842,OPPEIN,PB-MSO-W1842,Wall Cabinet 1 Full Door,Smoked Oak,Particle board,model_ready,457.2,1066.8,304.8,/cabinet-inventory/models/oppein-pb-mso-w1842.glb,https://www.oppeincabinetry.ca/shop/pb-mso-w1842-wall-cabinet-1-full-door-18817,
oppein-pb-mso-w2112,OPPEIN,PB-MSO-W2112,Wall Cabinet 1 Full Door,Smoked Oak,Particle board,model_ready,533.4,304.8,304.8,/cabinet-inventory/models/oppein-pb-mso-w2112.glb,https://www.oppeincabinetry.ca/shop/pb-mso-w2112-wall-cabinet-1-full-door-18818,
oppein-pb-mso-w2130,OPPEIN,PB-MSO-W2130,Wall Cabinet 1 Full Door,Smoked Oak,Particle board,model_ready,533.4,762.0,304.8,/cabinet-inventory/models/oppein-pb-mso-w2130.glb,https://www.oppeincabinetry.ca/shop/pb-mso-w2130-wall-cabinet-1-full-door-18819,
oppein-pb-mso-w2136,OPPEIN,PB-MSO-W2136,Wall Cabinet 1 Full Door,Smoked Oak,Particle board,model_ready,533.4,914.4,304.8,/cabinet-inventory/models/oppein-pb-mso-w2136.glb,https://www.oppeincabinetry.ca/shop/pb-mso-w2136-wall-cabinet-1-full-door-18820,
oppein-pb-mso-w2142,OPPEIN,PB-MSO-W2142,Wall Cabinet 1 Full Door,Smoked Oak,Particle board,model_ready,533.4,1066.8,304.8,/cabinet-inventory/models/oppein-pb-mso-w2142.glb,https://www.oppeincabinetry.ca/shop/pb-mso-w2142-wall-cabinet-1-full-door-18821,
oppein-ply-pgw-w2142,OPPEIN,PLY-PGW-W2142,Wall Cabinet 1 Full Door,White High Gloss,Plywood,model_ready,533.4,1066.8,304.8,/cabinet-inventory/models/oppein-ply-pgw-w2142.glb,https://www.oppeincabinetry.ca/shop/ply-pgw-w2142-wall-cabinet-1-full-door-15471,
oppein-ply-pgw-w1830,OPPEIN,PLY-PGW-W1830,Wall Cabinet 1 Full Door,White High Gloss,Plywood,model_ready,457.2,762.0,304.8,/cabinet-inventory/models/oppein-ply-pgw-w1830.glb,https://www.oppeincabinetry.ca/shop/ply-pgw-w1830-wall-cabinet-1-full-door-15469,
oppein-ply-pgw-w1530,OPPEIN,PLY-PGW-W1530,Wall Cabinet 1 Full Door,White High Gloss,Plywood,model_ready,381.0,762.0,304.8,/cabinet-inventory/models/oppein-ply-pgw-w1530.glb,https://www.oppeincabinetry.ca/shop/ply-pgw-w1530-wall-cabinet-1-full-door-15466,
oppein-ply-pgw-w0942,OPPEIN,PLY-PGW-W0942,Wall Cabinet 1 Full Door,White High Gloss,Plywood,model_ready,228.6,1066.8,304.8,/cabinet-inventory/models/oppein-ply-pgw-w0942.glb,https://www.oppeincabinetry.ca/shop/ply-pgw-w0942-wall-cabinet-1-full-door-15463,
oppein-ply-pgw-w0930,OPPEIN,PLY-PGW-W0930,Wall Cabinet 1 Full Door,White High Gloss,Plywood,model_ready,228.6,762.0,304.8,/cabinet-inventory/models/oppein-ply-pgw-w0930.glb,https://www.oppeincabinetry.ca/shop/ply-pgw-w0930-wall-cabinet-1-full-door-15462,
oppein-ply-mnw-w1236,OPPEIN,PLY-MNW-W1236,Wall Cabinet 1 Full Door,Natural Wood,Plywood,model_ready,533.4,914.4,304.8,/cabinet-inventory/models/oppein-ply-mnw-w1236.glb,https://www.oppeincabinetry.ca/shop/ply-mnw-w1236-wall-cabinet-1-full-door-13937,
oppein-ply-mnw-w1536,OPPEIN,PLY-MNW-W1536,Wall Cabinet 1 Full Door,Natural Wood,Plywood,model_ready,381.0,914.4,304.8,/cabinet-inventory/models/oppein-ply-mnw-w1536.glb,https://www.oppeincabinetry.ca/shop/ply-mnw-w1536-wall-cabinet-1-full-door-13938,
oppein-ply-mnw-w1836,OPPEIN,PLY-MNW-W1836,Wall Cabinet 1 Full Door,Natural Wood,Plywood,model_ready,457.2,914.4,304.8,/cabinet-inventory/models/oppein-ply-mnw-w1836.glb,https://www.oppeincabinetry.ca/shop/ply-mnw-w1836-wall-cabinet-1-full-door-13939,
oppein-ply-mnw-w1230,OPPEIN,PLY-MNW-W1230,Wall Cabinet 1 Full Door,Natural Wood,Plywood,model_ready,304.8,762.0,304.8,/cabinet-inventory/models/oppein-ply-mnw-w1230.glb,https://www.oppeincabinetry.ca/shop/ply-mnw-w1230-wall-cabinet-1-full-door-13944,
oppein-ply-mnw-w2130,OPPEIN,PLY-MNW-W2130,Wall Cabinet 1 Full Door,Natural Wood,Plywood,model_ready,533.4,762.0,304.8,/cabinet-inventory/models/oppein-ply-mnw-w2130.glb,https://www.oppeincabinetry.ca/shop/ply-mnw-w2130-wall-cabinet-1-full-door-13946,
oppein-ply-wss-w0930,OPPEIN,PLY-WSS-W0930,Wall Cabinet 1 Full Door,White Single Shaker,Plywood,model_ready,228.6,762.0,304.8,/cabinet-library/models/PLY-WSS-W0930.glb,https://www.oppeincabinetry.ca/shop/ply-wss-w0930-wall-cabinet-1-full-door-9992,
oppein-ply-wss-w0942,OPPEIN,PLY-WSS-W0942,Wall Cabinet 1 Full Door,White Single Shaker,Plywood,model_ready,228.6,1066.8,304.8,/cabinet-library/models/PLY-WSS-W0942.glb,https://www.oppeincabinetry.ca/shop/ply-wss-w0942-wall-cabinet-1-full-door-9987,
oppein-ply-mnw-w0936,OPPEIN,PLY-MNW-W0936,Wall Cabinet 1 Full Door,Natural Wood,Plywood,model_ready,228.6,914.4,304.8,/cabinet-inventory/models/oppein-ply-mnw-w0936.glb,https://www.oppeincabinetry.ca/shop/ply-mnw-w0936-wall-cabinet-1-full-door-13959,
oppein-ply-mso-w2130,OPPEIN,PLY-MSO-W2130,Wall Cabinet 1 Full Door,Smoked Oak,Plywood,model_ready,533.4,762.0,304.8,/cabinet-inventory/models/oppein-ply-mso-w2130.glb,https://www.oppeincabinetry.ca/shop/ply-mso-w2130-wall-cabinet-1-full-door-14668,
oppein-ply-mnw-w2136,OPPEIN,PLY-MNW-W2136,Wall Cabinet 1 Full Door,Natural Wood,Plywood,model_ready,533.4,914.4,304.8,/cabinet-inventory/models/oppein-ply-mnw-w2136.glb,https://www.oppeincabinetry.ca/shop/ply-mnw-w2136-wall-cabinet-1-full-door-13966,
oppein-ply-ssw-w1830,OPPEIN,PLY-SSW-W1830,Wall Cabinet 1 Full Door,White Slim Shaker,Plywood,model_ready,457.2,762.0,304.8,/cabinet-inventory/models/oppein-ply-ssw-w1830.glb,https://www.oppeincabinetry.ca/shop/ply-ssw-w1830-wall-cabinet-1-full-door-12550,
oppein-ply-wss-w1530,OPPEIN,PLY-WSS-W1530,Wall Cabinet 1 Full Door,White Single Shaker,Plywood,model_ready,381.0,762.0,304.8,/cabinet-library/models/PLY-WSS-W1530.glb,https://www.oppeincabinetry.ca/shop/ply-wss-w1530-wall-cabinet-1-full-door-9986,
oppein-ply-mso-w1230,OPPEIN,PLY-MSO-W1230,Wall Cabinet 1 Full Door,Smoked Oak,Plywood,model_ready,304.8,762.0,304.8,/cabinet-inventory/models/oppein-ply-mso-w1230.glb,https://www.oppeincabinetry.ca/shop/ply-mso-w1230-wall-cabinet-1-full-door-14666,
oppein-ply-pgw-w1842,OPPEIN,PLY-PGW-W1842,Wall Cabinet 1 Full Door,White High Gloss,Plywood,model_ready,457.2,1066.8,304.8,/cabinet-inventory/models/oppein-ply-pgw-w1842.glb,https://www.oppeincabinetry.ca/shop/ply-pgw-w1842-wall-cabinet-1-full-door-15425,
oppein-ply-pgw-w1242,OPPEIN,PLY-PGW-W1242,Wall Cabinet 1 Full Door,White High Gloss,Plywood,model_ready,304.8,1066.8,304.8,/cabinet-inventory/models/oppein-ply-pgw-w1242.glb,https://www.oppeincabinetry.ca/shop/ply-pgw-w1242-wall-cabinet-1-full-door-15424,
oppein-ply-pgw-w2136,OPPEIN,PLY-PGW-W2136,Wall Cabinet 1 Full Door,White High Gloss,Plywood,model_ready,533.4,914.4,304.8,/cabinet-inventory/models/oppein-ply-pgw-w2136.glb,https://www.oppeincabinetry.ca/shop/ply-pgw-w2136-wall-cabinet-1-full-door-15423,
oppein-ply-mnw-w1242,OPPEIN,PLY-MNW-W1242,Wall Cabinet 1 Full Door,Natural Wood,Plywood,model_ready,304.8,1066.8,304.8,/cabinet-inventory/models/oppein-ply-mnw-w1242.glb,https://www.oppeincabinetry.ca/shop/ply-mnw-w1242-wall-cabinet-1-full-door-13967,
oppein-ply-mnw-w1842,OPPEIN,PLY-MNW-W1842,Wall Cabinet 1 Full Door,Natural Wood,Plywood,model_ready,457.2,1066.8,304.8,/cabinet-inventory/models/oppein-ply-mnw-w1842.glb,https://www.oppeincabinetry.ca/shop/ply-mnw-w1842-wall-cabinet-1-full-door-13968,
oppein-ply-pgw-w0936,OPPEIN,PLY-PGW-W0936,Wall Cabinet 1 Full Door,White High Gloss,Plywood,model_ready,228.6,914.4,304.8,/cabinet-inventory/models/oppein-ply-pgw-w0936.glb,https://www.oppeincabinetry.ca/shop/ply-pgw-w0936-wall-cabinet-1-full-door-15416,
oppein-ply-wss-w2142,OPPEIN,PLY-WSS-W2142,Wall Cabinet 1 Full Door,White Single Shaker,Plywood,model_ready,533.4,1066.8,304.8,/cabinet-library/models/PLY-WSS-W2142.glb,https://www.oppeincabinetry.ca/shop/ply-wss-w2142-wall-cabinet-1-full-door-9984,
oppein-ply-wss-w1542,OPPEIN,PLY-WSS-W1542,Wall Cabinet 1 Full Door,White Single Shaker,Plywood,model_ready,381.0,1066.8,304.8,/cabinet-library/models/PLY-WSS-W1542.glb,https://www.oppeincabinetry.ca/shop/ply-wss-w1542-wall-cabinet-1-full-door-9983,
oppein-ply-mso-w1836,OPPEIN,PLY-MSO-W1836,Wall Cabinet 1 Full Door,Smoked Oak,Plywood,model_ready,457.2,914.4,304.8,/cabinet-inventory/models/oppein-ply-mso-w1836.glb,https://www.oppeincabinetry.ca/shop/ply-mso-w1836-wall-cabinet-1-full-door-14661,
oppein-ply-pgw-w2130,OPPEIN,PLY-PGW-W2130,Wall Cabinet 1 Full Door,White High Gloss,Plywood,model_ready,533.4,762.0,304.8,/cabinet-inventory/models/oppein-ply-pgw-w2130.glb,https://www.oppeincabinetry.ca/shop/ply-pgw-w2130-wall-cabinet-1-full-door-15403,
oppein-ply-mnw-w0942,OPPEIN,PLY-MNW-W0942,Wall Cabinet 1 Full Door,Natural Wood,Plywood,model_ready,228.6,1066.8,304.8,/cabinet-inventory/models/oppein-ply-mnw-w0942.glb,https://www.oppeincabinetry.ca/shop/ply-mnw-w0942-wall-cabinet-1-full-door-14006,
oppein-ply-pgw-w1230,OPPEIN,PLY-PGW-W1230,Wall Cabinet 1 Full Door,White High Gloss,Plywood,model_ready,304.8,762.0,304.8,/cabinet-inventory/models/oppein-ply-pgw-w1230.glb,https://www.oppeincabinetry.ca/shop/ply-pgw-w1230-wall-cabinet-1-full-door-15401,
oppein-ply-mso-w1536,OPPEIN,PLY-MSO-W1536,Wall Cabinet 1 Full Door,Smoked Oak,Plywood,model_ready,381.0,914.4,304.8,/cabinet-inventory/models/oppein-ply-mso-w1536.glb,https://www.oppeincabinetry.ca/shop/ply-mso-w1536-wall-cabinet-1-full-door-14660,
oppein-ply-pgw-w1836,OPPEIN,PLY-PGW-W1836,Wall Cabinet 1 Full Door,White High Gloss,Plywood,model_ready,457.2,914.4,304.8,/cabinet-inventory/models/oppein-ply-pgw-w1836.glb,https://www.oppeincabinetry.ca/shop/ply-pgw-w1836-wall-cabinet-1-full-door-15396,
oppein-ply-pgw-w1536,OPPEIN,PLY-PGW-W1536,Wall Cabinet 1 Full Door,White High Gloss,Plywood,model_ready,381.0,914.4,304.8,/cabinet-inventory/models/oppein-ply-pgw-w1536.glb,https://www.oppeincabinetry.ca/shop/ply-pgw-w1536-wall-cabinet-1-full-door-15395,
oppein-ply-pgw-w1236,OPPEIN,PLY-PGW-W1236,Wall Cabinet 1 Full Door,White High Gloss,Plywood,model_ready,533.4,914.4,304.8,/cabinet-inventory/models/oppein-ply-pgw-w1236.glb,https://www.oppeincabinetry.ca/shop/ply-pgw-w1236-wall-cabinet-1-full-door-15394,
oppein-ply-mso-w1236,OPPEIN,PLY-MSO-W1236,Wall Cabinet 1 Full Door,Smoked Oak,Plywood,model_ready,533.4,914.4,304.8,/cabinet-inventory/models/oppein-ply-mso-w1236.glb,https://www.oppeincabinetry.ca/shop/ply-mso-w1236-wall-cabinet-1-full-door-14659,
oppein-ply-ssw-w1542,OPPEIN,PLY-SSW-W1542,Wall Cabinet 1 Full Door,White Slim Shaker,Plywood,model_ready,381.0,1066.8,304.8,/cabinet-inventory/models/oppein-ply-ssw-w1542.glb,https://www.oppeincabinetry.ca/shop/ply-ssw-w1542-wall-cabinet-1-full-door-12548,
oppein-ply-ssw-w1530,OPPEIN,PLY-SSW-W1530,Wall Cabinet 1 Full Door,White Slim Shaker,Plywood,model_ready,381.0,762.0,304.8,/cabinet-inventory/models/oppein-ply-ssw-w1530.glb,https://www.oppeincabinetry.ca/shop/ply-ssw-w1530-wall-cabinet-1-full-door-12547,
oppein-pb-ssw-w0930,OPPEIN,PB-SSW-W0930,Wall Cabinet 1 Full Door,White Slim Shaker,Particle board,model_ready,228.6,762.0,304.8,/cabinet-inventory/models/oppein-pb-ssw-w0930.glb,https://www.oppeincabinetry.ca/shop/pb-ssw-w0930-wall-cabinet-1-full-door-18939,
oppein-pb-ssw-w0936,OPPEIN,PB-SSW-W0936,Wall Cabinet 1 Full Door,White Slim Shaker,Particle board,model_ready,228.6,914.4,304.8,/cabinet-inventory/models/oppein-pb-ssw-w0936.glb,https://www.oppeincabinetry.ca/shop/pb-ssw-w0936-wall-cabinet-1-full-door-18940,
oppein-pb-ssw-w0942,OPPEIN,PB-SSW-W0942,Wall Cabinet 1 Full Door,White Slim Shaker,Particle board,model_ready,228.6,1066.8,304.8,/cabinet-inventory/models/oppein-pb-ssw-w0942.glb,https://www.oppeincabinetry.ca/shop/pb-ssw-w0942-wall-cabinet-1-full-door-18941,
oppein-pb-ssw-w1212,OPPEIN,PB-SSW-W1212,Wall Cabinet 1 Full Door,White Slim Shaker,Particle board,model_ready,304.8,304.8,304.8,/cabinet-inventory/models/oppein-pb-ssw-w1212.glb,https://www.oppeincabinetry.ca/shop/pb-ssw-w1212-wall-cabinet-1-full-door-18942,
oppein-ply-wss-w1236,OPPEIN,PLY-WSS-W1236,Wall Cabinet 1 Full Door,White Single Shaker,Plywood,model_ready,533.4,914.4,304.8,/cabinet-library/models/PLY-WSS-W1236.glb,https://www.oppeincabinetry.ca/shop/ply-wss-w1236-wall-cabinet-1-full-door-11367,
oppein-ply-wss-w1536,OPPEIN,PLY-WSS-W1536,Wall Cabinet 1 Full Door,White Single Shaker,Plywood,model_ready,381.0,914.4,304.8,/cabinet-library/models/PLY-WSS-W1536.glb,https://www.oppeincabinetry.ca/shop/ply-wss-w1536-wall-cabinet-1-full-door-11368,
oppein-ply-wss-w1836,OPPEIN,PLY-WSS-W1836,Wall Cabinet 1 Full Door,White Single Shaker,Plywood,model_ready,457.2,914.4,304.8,/cabinet-library/models/PLY-WSS-W1836.glb,https://www.oppeincabinetry.ca/shop/ply-wss-w1836-wall-cabinet-1-full-door-11369,
oppein-ply-gss-w2130,OPPEIN,PLY-GSS-W2130,Wall Cabinet 1 Full Door,Gray Single Shaker,Plywood,model_ready,533.4,762.0,304.8,/cabinet-inventory/models/oppein-ply-gss-w2130.glb,https://www.oppeincabinetry.ca/shop/ply-gss-w2130-wall-cabinet-1-full-door-12133,
oppein-ply-gss-w1836,OPPEIN,PLY-GSS-W1836,Wall Cabinet 1 Full Door,Gray Single Shaker,Plywood,model_ready,457.2,914.4,304.8,/cabinet-inventory/models/oppein-ply-gss-w1836.glb,https://www.oppeincabinetry.ca/shop/ply-gss-w1836-wall-cabinet-1-full-door-12134,
oppein-ply-gss-w1842,OPPEIN,PLY-GSS-W1842,Wall Cabinet 1 Full Door,Gray Single Shaker,Plywood,model_ready,457.2,1066.8,304.8,/cabinet-inventory/models/oppein-ply-gss-w1842.glb,https://www.oppeincabinetry.ca/shop/ply-gss-w1842-wall-cabinet-1-full-door-12136,
oppein-pb-pgw-w2142,OPPEIN,PB-PGW-W2142,Wall Cabinet 1 Full Door,White High Gloss,Particle board,model_ready,533.4,1066.8,304.8,/cabinet-inventory/models/oppein-pb-pgw-w2142.glb,https://www.oppeincabinetry.ca/shop/pb-pgw-w2142-wall-cabinet-1-full-door-18138,
oppein-pb-pgw-w2136,OPPEIN,PB-PGW-W2136,Wall Cabinet 1 Full Door,White High Gloss,Particle board,model_ready,533.4,914.4,304.8,/cabinet-inventory/models/oppein-pb-pgw-w2136.glb,https://www.oppeincabinetry.ca/shop/pb-pgw-w2136-wall-cabinet-1-full-door-18137,
oppein-pb-pgw-w2130,OPPEIN,PB-PGW-W2130,Wall Cabinet 1 Full Door,White High Gloss,Particle board,model_ready,533.4,762.0,304.8,/cabinet-inventory/models/oppein-pb-pgw-w2130.glb,https://www.oppeincabinetry.ca/shop/pb-pgw-w2130-wall-cabinet-1-full-door-18136,
oppein-pb-pgw-w2112,OPPEIN,PB-PGW-W2112,Wall Cabinet 1 Full Door,White High Gloss,Particle board,model_ready,533.4,304.8,304.8,/cabinet-inventory/models/oppein-pb-pgw-w2112.glb,https://www.oppeincabinetry.ca/shop/pb-pgw-w2112-wall-cabinet-1-full-door-18135,
oppein-pb-pgw-w1842,OPPEIN,PB-PGW-W1842,Wall Cabinet 1 Full Door,White High Gloss,Particle board,model_ready,457.2,1066.8,304.8,/cabinet-inventory/models/oppein-pb-pgw-w1842.glb,https://www.oppeincabinetry.ca/shop/pb-pgw-w1842-wall-cabinet-1-full-door-18134,
oppein-pb-pgw-w1836,OPPEIN,PB-PGW-W1836,Wall Cabinet 1 Full Door,White High Gloss,Particle board,model_ready,457.2,914.4,304.8,/cabinet-inventory/models/oppein-pb-pgw-w1836.glb,https://www.oppeincabinetry.ca/shop/pb-pgw-w1836-wall-cabinet-1-full-door-18133,
oppein-pb-ssw-w1230,OPPEIN,PB-SSW-W1230,Wall Cabinet 1 Full Door,White Slim Shaker,Particle board,model_ready,304.8,762.0,304.8,/cabinet-inventory/models/oppein-pb-ssw-w1230.glb,https://www.oppeincabinetry.ca/shop/pb-ssw-w1230-wall-cabinet-1-full-door-18943,
oppein-pb-pgw-w1830,OPPEIN,PB-PGW-W1830,Wall Cabinet 1 Full Door,White High Gloss,Particle board,model_ready,457.2,762.0,304.8,/cabinet-inventory/models/oppein-pb-pgw-w1830.glb,https://www.oppeincabinetry.ca/shop/pb-pgw-w1830-wall-cabinet-1-full-door-18132,
oppein-pb-pgw-w1812,OPPEIN,PB-PGW-W1812,Wall Cabinet 1 Full Door,White High Gloss,Particle board,model_ready,457.2,304.8,304.8,/cabinet-inventory/models/oppein-pb-pgw-w1812.glb,https://www.oppeincabinetry.ca/shop/pb-pgw-w1812-wall-cabinet-1-full-door-18131,
oppein-ply-mnw-w0930,OPPEIN,PLY-MNW-W0930,Wall Cabinet 1 Full Door,Natural Wood,Plywood,model_ready,228.6,762.0,304.8,/cabinet-inventory/models/oppein-ply-mnw-w0930.glb,https://www.oppeincabinetry.ca/shop/ply-mnw-w0930-wall-cabinet-1-full-door-14005,
oppein-pb-ssw-w1236,OPPEIN,PB-SSW-W1236,Wall Cabinet 1 Full Door,White Slim Shaker,Particle board,model_ready,533.4,914.4,304.8,/cabinet-inventory/models/oppein-pb-ssw-w1236.glb,https://www.oppeincabinetry.ca/shop/pb-ssw-w1236-wall-cabinet-1-full-door-18944,
oppein-pb-ssw-w1242,OPPEIN,PB-SSW-W1242,Wall Cabinet 1 Full Door,White Slim Shaker,Particle board,model_ready,304.8,1066.8,304.8,/cabinet-inventory/models/oppein-pb-ssw-w1242.glb,https://www.oppeincabinetry.ca/shop/pb-ssw-w1242-wall-cabinet-1-full-door-18945,
oppein-pb-pgw-w1542,OPPEIN,PB-PGW-W1542,Wall Cabinet 1 Full Door,White High Gloss,Particle board,model_ready,381.0,1066.8,304.8,/cabinet-inventory/models/oppein-pb-pgw-w1542.glb,https://www.oppeincabinetry.ca/shop/pb-pgw-w1542-wall-cabinet-1-full-door-18130,
oppein-pb-pgw-w1536,OPPEIN,PB-PGW-W1536,Wall Cabinet 1 Full Door,White High Gloss,Particle board,model_ready,381.0,914.4,304.8,/cabinet-inventory/models/oppein-pb-pgw-w1536.glb,https://www.oppeincabinetry.ca/shop/pb-pgw-w1536-wall-cabinet-1-full-door-18129,
oppein-pb-pgw-w1530,OPPEIN,PB-PGW-W1530,Wall Cabinet 1 Full Door,White High Gloss,Particle board,model_ready,381.0,762.0,304.8,/cabinet-inventory/models/oppein-pb-pgw-w1530.glb,https://www.oppeincabinetry.ca/shop/pb-pgw-w1530-wall-cabinet-1-full-door-18128,
oppein-pb-pgw-w1512,OPPEIN,PB-PGW-W1512,Wall Cabinet 1 Full Door,White High Gloss,Particle board,model_ready,381.0,304.8,304.8,/cabinet-inventory/models/oppein-pb-pgw-w1512.glb,https://www.oppeincabinetry.ca/shop/pb-pgw-w1512-wall-cabinet-1-full-door-18127,
oppein-pb-pgw-w1242,OPPEIN,PB-PGW-W1242,Wall Cabinet 1 Full Door,White High Gloss,Particle board,model_ready,304.8,1066.8,304.8,/cabinet-inventory/models/oppein-pb-pgw-w1242.glb,https://www.oppeincabinetry.ca/shop/pb-pgw-w1242-wall-cabinet-1-full-door-18126,
oppein-pb-pgw-w1236,OPPEIN,PB-PGW-W1236,Wall Cabinet 1 Full Door,White High Gloss,Particle board,model_ready,533.4,914.4,304.8,/cabinet-inventory/models/oppein-pb-pgw-w1236.glb,https://www.oppeincabinetry.ca/shop/pb-pgw-w1236-wall-cabinet-1-full-door-18125,
oppein-pb-pgw-w1230,OPPEIN,PB-PGW-W1230,Wall Cabinet 1 Full Door,White High Gloss,Particle board,model_ready,304.8,762.0,304.8,/cabinet-inventory/models/oppein-pb-pgw-w1230.glb,https://www.oppeincabinetry.ca/shop/pb-pgw-w1230-wall-cabinet-1-full-door-18124,
oppein-pb-pgw-w1212,OPPEIN,PB-PGW-W1212,Wall Cabinet 1 Full Door,White High Gloss,Particle board,model_ready,304.8,304.8,304.8,/cabinet-inventory/models/oppein-pb-pgw-w1212.glb,https://www.oppeincabinetry.ca/shop/pb-pgw-w1212-wall-cabinet-1-full-door-18123,
oppein-ply-ssw-w0942,OPPEIN,PLY-SSW-W0942,Wall Cabinet 1 Full Door,White Slim Shaker,Plywood,model_ready,228.6,1066.8,304.8,/cabinet-inventory/models/oppein-ply-ssw-w0942.glb,https://www.oppeincabinetry.ca/shop/ply-ssw-w0942-wall-cabinet-1-full-door-12544,
oppein-ply-ssw-w0930,OPPEIN,PLY-SSW-W0930,Wall Cabinet 1 Full Door,White Slim Shaker,Plywood,model_ready,228.6,762.0,304.8,/cabinet-inventory/models/oppein-ply-ssw-w0930.glb,https://www.oppeincabinetry.ca/shop/ply-ssw-w0930-wall-cabinet-1-full-door-12543,
oppein-pb-ssw-w1512,OPPEIN,PB-SSW-W1512,Wall Cabinet 1 Full Door,White Slim Shaker,Particle board,model_ready,381.0,304.8,304.8,/cabinet-inventory/models/oppein-pb-ssw-w1512.glb,https://www.oppeincabinetry.ca/shop/pb-ssw-w1512-wall-cabinet-1-full-door-18946,
oppein-pb-ssw-w1530,OPPEIN,PB-SSW-W1530,Wall Cabinet 1 Full Door,White Slim Shaker,Particle board,model_ready,381.0,762.0,304.8,/cabinet-inventory/models/oppein-pb-ssw-w1530.glb,https://www.oppeincabinetry.ca/shop/pb-ssw-w1530-wall-cabinet-1-full-door-18947,
oppein-pb-ssw-w1536,OPPEIN,PB-SSW-W1536,Wall Cabinet 1 Full Door,White Slim Shaker,Particle board,model_ready,381.0,914.4,304.8,/cabinet-inventory/models/oppein-pb-ssw-w1536.glb,https://www.oppeincabinetry.ca/shop/pb-ssw-w1536-wall-cabinet-1-full-door-18948,
oppein-pb-ssw-w1542,OPPEIN,PB-SSW-W1542,Wall Cabinet 1 Full Door,White Slim Shaker,Particle board,model_ready,381.0,1066.8,304.8,/cabinet-inventory/models/oppein-pb-ssw-w1542.glb,https://www.oppeincabinetry.ca/shop/pb-ssw-w1542-wall-cabinet-1-full-door-18949,
oppein-pb-ssw-w1812,OPPEIN,PB-SSW-W1812,Wall Cabinet 1 Full Door,White Slim Shaker,Particle board,model_ready,457.2,304.8,304.8,/cabinet-inventory/models/oppein-pb-ssw-w1812.glb,https://www.oppeincabinetry.ca/shop/pb-ssw-w1812-wall-cabinet-1-full-door-18950,
oppein-pb-ssw-w1830,OPPEIN,PB-SSW-W1830,Wall Cabinet 1 Full Door,White Slim Shaker,Particle board,model_ready,457.2,762.0,304.8,/cabinet-inventory/models/oppein-pb-ssw-w1830.glb,https://www.oppeincabinetry.ca/shop/pb-ssw-w1830-wall-cabinet-1-full-door-18951,
oppein-pb-ssw-w1836,OPPEIN,PB-SSW-W1836,Wall Cabinet 1 Full Door,White Slim Shaker,Particle board,model_ready,457.2,914.4,304.8,/cabinet-inventory/models/oppein-pb-ssw-w1836.glb,https://www.oppeincabinetry.ca/shop/pb-ssw-w1836-wall-cabinet-1-full-door-18952,
oppein-pb-ssw-w1842,OPPEIN,PB-SSW-W1842,Wall Cabinet 1 Full Door,White Slim Shaker,Particle board,model_ready,457.2,1066.8,304.8,/cabinet-inventory/models/oppein-pb-ssw-w1842.glb,https://www.oppeincabinetry.ca/shop/pb-ssw-w1842-wall-cabinet-1-full-door-18953,
oppein-pb-ssw-w2112,OPPEIN,PB-SSW-W2112,Wall Cabinet 1 Full Door,White Slim Shaker,Particle board,model_ready,533.4,304.8,304.8,/cabinet-inventory/models/oppein-pb-ssw-w2112.glb,https://www.oppeincabinetry.ca/shop/pb-ssw-w2112-wall-cabinet-1-full-door-18954,
oppein-pb-ssw-w2130,OPPEIN,PB-SSW-W2130,Wall Cabinet 1 Full Door,White Slim Shaker,Particle board,model_ready,533.4,762.0,304.8,/cabinet-inventory/models/oppein-pb-ssw-w2130.glb,https://www.oppeincabinetry.ca/shop/pb-ssw-w2130-wall-cabinet-1-full-door-18955,
oppein-pb-ssw-w2136,OPPEIN,PB-SSW-W2136,Wall Cabinet 1 Full Door,White Slim Shaker,Particle board,model_ready,533.4,914.4,304.8,/cabinet-inventory/models/oppein-pb-ssw-w2136.glb,https://www.oppeincabinetry.ca/shop/pb-ssw-w2136-wall-cabinet-1-full-door-18956,
oppein-ply-mso-w2142,OPPEIN,PLY-MSO-W2142,Wall Cabinet 1 Full Door,Smoked Oak,Plywood,model_ready,533.4,1066.8,304.8,/cabinet-inventory/models/oppein-ply-mso-w2142.glb,https://www.oppeincabinetry.ca/shop/ply-mso-w2142-wall-cabinet-1-full-door-14735,
oppein-pb-ssw-w2142,OPPEIN,PB-SSW-W2142,Wall Cabinet 1 Full Door,White Slim Shaker,Particle board,model_ready,533.4,1066.8,304.8,/cabinet-inventory/models/oppein-pb-ssw-w2142.glb,https://www.oppeincabinetry.ca/shop/pb-ssw-w2142-wall-cabinet-1-full-door-18957,
oppein-ply-mso-w1830,OPPEIN,PLY-MSO-W1830,Wall Cabinet 1 Full Door,Smoked Oak,Plywood,model_ready,457.2,762.0,304.8,/cabinet-inventory/models/oppein-ply-mso-w1830.glb,https://www.oppeincabinetry.ca/shop/ply-mso-w1830-wall-cabinet-1-full-door-14733,
oppein-pb-pgw-w0942,OPPEIN,PB-PGW-W0942,Wall Cabinet 1 Full Door,White High Gloss,Particle board,model_ready,228.6,1066.8,304.8,/cabinet-inventory/models/oppein-pb-pgw-w0942.glb,https://www.oppeincabinetry.ca/shop/pb-pgw-w0942-wall-cabinet-1-full-door-18122,
oppein-ply-mso-w1542,OPPEIN,PLY-MSO-W1542,Wall Cabinet 1 Full Door,Smoked Oak,Plywood,model_ready,381.0,1066.8,304.8,/cabinet-inventory/models/oppein-ply-mso-w1542.glb,https://www.oppeincabinetry.ca/shop/ply-mso-w1542-wall-cabinet-1-full-door-14731,
oppein-pb-wss-w2142,OPPEIN,PB-WSS-W2142,Wall Cabinet 1 Full Door,White Single Shaker,Particle board,model_ready,533.4,1066.8,304.8,/cabinet-inventory/models/oppein-pb-wss-w2142.glb,https://www.oppeincabinetry.ca/shop/pb-wss-w2142-wall-cabinet-1-full-door-17866,
oppein-ply-ssw-w1842,OPPEIN,PLY-SSW-W1842,Wall Cabinet 1 Full Door,White Slim Shaker,Plywood,model_ready,457.2,1066.8,304.8,/cabinet-inventory/models/oppein-ply-ssw-w1842.glb,https://www.oppeincabinetry.ca/shop/ply-ssw-w1842-wall-cabinet-1-full-door-12506,
oppein-ply-ssw-w1242,OPPEIN,PLY-SSW-W1242,Wall Cabinet 1 Full Door,White Slim Shaker,Plywood,model_ready,304.8,1066.8,304.8,/cabinet-inventory/models/oppein-ply-ssw-w1242.glb,https://www.oppeincabinetry.ca/shop/ply-ssw-w1242-wall-cabinet-1-full-door-12505,
oppein-ply-ssw-w2136,OPPEIN,PLY-SSW-W2136,Wall Cabinet 1 Full Door,White Slim Shaker,Plywood,model_ready,533.4,914.4,304.8,/cabinet-inventory/models/oppein-ply-ssw-w2136.glb,https://www.oppeincabinetry.ca/shop/ply-ssw-w2136-wall-cabinet-1-full-door-12504,
oppein-pb-wss-w2136,OPPEIN,PB-WSS-W2136,Wall Cabinet 1 Full Door,White Single Shaker,Particle board,model_ready,533.4,914.4,304.8,/cabinet-inventory/models/oppein-pb-wss-w2136.glb,https://www.oppeincabinetry.ca/shop/pb-wss-w2136-wall-cabinet-1-full-door-17865,
oppein-ply-ssw-w0936,OPPEIN,PLY-SSW-W0936,Wall Cabinet 1 Full Door,White Slim Shaker,Plywood,model_ready,228.6,914.4,304.8,/cabinet-inventory/models/oppein-ply-ssw-w0936.glb,https://www.oppeincabinetry.ca/shop/ply-ssw-w0936-wall-cabinet-1-full-door-12498,
oppein-pb-pgw-w0936,OPPEIN,PB-PGW-W0936,Wall Cabinet 1 Full Door,White High Gloss,Particle board,model_ready,228.6,914.4,304.8,/cabinet-inventory/models/oppein-pb-pgw-w0936.glb,https://www.oppeincabinetry.ca/shop/pb-pgw-w0936-wall-cabinet-1-full-door-18121,
oppein-pb-wss-w2130,OPPEIN,PB-WSS-W2130,Wall Cabinet 1 Full Door,White Single Shaker,Particle board,model_ready,533.4,762.0,304.8,/cabinet-inventory/models/oppein-pb-wss-w2130.glb,https://www.oppeincabinetry.ca/shop/pb-wss-w2130-wall-cabinet-1-full-door-17864,
oppein-pb-wss-w2112,OPPEIN,PB-WSS-W2112,Wall Cabinet 1 Full Door,White Single Shaker,Particle board,model_ready,533.4,304.8,304.8,/cabinet-inventory/models/oppein-pb-wss-w2112.glb,https://www.oppeincabinetry.ca/shop/pb-wss-w2112-wall-cabinet-1-full-door-17863,
oppein-pb-pgw-w0930,OPPEIN,PB-PGW-W0930,Wall Cabinet 1 Full Door,White High Gloss,Particle board,model_ready,228.6,762.0,304.8,/cabinet-inventory/models/oppein-pb-pgw-w0930.glb,https://www.oppeincabinetry.ca/shop/pb-pgw-w0930-wall-cabinet-1-full-door-18120,
oppein-pb-wss-w1842,OPPEIN,PB-WSS-W1842,Wall Cabinet 1 Full Door,White Single Shaker,Particle board,model_ready,457.2,1066.8,304.8,/cabinet-inventory/models/oppein-pb-wss-w1842.glb,https://www.oppeincabinetry.ca/shop/pb-wss-w1842-wall-cabinet-1-full-door-17862,
oppein-ply-ssw-w2130,OPPEIN,PLY-SSW-W2130,Wall Cabinet 1 Full Door,White Slim Shaker,Plywood,model_ready,533.4,762.0,304.8,/cabinet-inventory/models/oppein-ply-ssw-w2130.glb,https://www.oppeincabinetry.ca/shop/ply-ssw-w2130-wall-cabinet-1-full-door-12485,
oppein-pb-wss-w1836,OPPEIN,PB-WSS-W1836,Wall Cabinet 1 Full Door,White Single Shaker,Particle board,model_ready,457.2,914.4,304.8,/cabinet-inventory/models/oppein-pb-wss-w1836.glb,https://www.oppeincabinetry.ca/shop/pb-wss-w1836-wall-cabinet-1-full-door-17861,
oppein-ply-ssw-w1230,OPPEIN,PLY-SSW-W1230,Wall Cabinet 1 Full Door,White Slim Shaker,Plywood,model_ready,304.8,762.0,304.8,/cabinet-inventory/models/oppein-ply-ssw-w1230.glb,https://www.oppeincabinetry.ca/shop/ply-ssw-w1230-wall-cabinet-1-full-door-12483,
oppein-pb-wss-w1830,OPPEIN,PB-WSS-W1830,Wall Cabinet 1 Full Door,White Single Shaker,Particle board,model_ready,457.2,762.0,304.8,/cabinet-inventory/models/oppein-pb-wss-w1830.glb,https://www.oppeincabinetry.ca/shop/pb-wss-w1830-wall-cabinet-1-full-door-17860,
oppein-pb-wss-w1812,OPPEIN,PB-WSS-W1812,Wall Cabinet 1 Full Door,White Single Shaker,Particle board,model_ready,457.2,304.8,304.8,/cabinet-inventory/models/oppein-pb-wss-w1812.glb,https://www.oppeincabinetry.ca/shop/pb-wss-w1812-wall-cabinet-1-full-door-17859,
oppein-pb-wss-w1542,OPPEIN,PB-WSS-W1542,Wall Cabinet 1 Full Door,White Single Shaker,Particle board,model_ready,381.0,1066.8,304.8,/cabinet-inventory/models/oppein-pb-wss-w1542.glb,https://www.oppeincabinetry.ca/shop/pb-wss-w1542-wall-cabinet-1-full-door-17858,
oppein-pb-wss-w1536,OPPEIN,PB-WSS-W1536,Wall Cabinet 1 Full Door,White Single Shaker,Particle board,model_ready,381.0,914.4,304.8,/cabinet-inventory/models/oppein-pb-wss-w1536.glb,https://www.oppeincabinetry.ca/shop/pb-wss-w1536-wall-cabinet-1-full-door-17857,
oppein-pb-wss-w1530,OPPEIN,PB-WSS-W1530,Wall Cabinet 1 Full Door,White Single Shaker,Particle board,model_ready,381.0,762.0,304.8,/cabinet-inventory/models/oppein-pb-wss-w1530.glb,https://www.oppeincabinetry.ca/shop/pb-wss-w1530-wall-cabinet-1-full-door-17856,
oppein-pb-wss-w1512,OPPEIN,PB-WSS-W1512,Wall Cabinet 1 Full Door,White Single Shaker,Particle board,model_ready,381.0,304.8,304.8,/cabinet-inventory/models/oppein-pb-wss-w1512.glb,https://www.oppeincabinetry.ca/shop/pb-wss-w1512-wall-cabinet-1-full-door-17855,
oppein-pb-wss-w1242,OPPEIN,PB-WSS-W1242,Wall Cabinet 1 Full Door,White Single Shaker,Particle board,model_ready,304.8,1066.8,304.8,/cabinet-inventory/models/oppein-pb-wss-w1242.glb,https://www.oppeincabinetry.ca/shop/pb-wss-w1242-wall-cabinet-1-full-door-17854,
oppein-pb-wss-w1236,OPPEIN,PB-WSS-W1236,Wall Cabinet 1 Full Door,White Single Shaker,Particle board,model_ready,533.4,914.4,304.8,/cabinet-inventory/models/oppein-pb-wss-w1236.glb,https://www.oppeincabinetry.ca/shop/pb-wss-w1236-wall-cabinet-1-full-door-17853,
oppein-pb-wss-w1230,OPPEIN,PB-WSS-W1230,Wall Cabinet 1 Full Door,White Single Shaker,Particle board,model_ready,304.8,762.0,304.8,/cabinet-inventory/models/oppein-pb-wss-w1230.glb,https://www.oppeincabinetry.ca/shop/pb-wss-w1230-wall-cabinet-1-full-door-17852,
oppein-pb-wss-w1212,OPPEIN,PB-WSS-W1212,Wall Cabinet 1 Full Door,White Single Shaker,Particle board,model_ready,304.8,304.8,304.8,/cabinet-inventory/models/oppein-pb-wss-w1212.glb,https://www.oppeincabinetry.ca/shop/pb-wss-w1212-wall-cabinet-1-full-door-17851,
oppein-pb-wss-w0942,OPPEIN,PB-WSS-W0942,Wall Cabinet 1 Full Door,White Single Shaker,Particle board,model_ready,228.6,1066.8,304.8,/cabinet-inventory/models/oppein-pb-wss-w0942.glb,https://www.oppeincabinetry.ca/shop/pb-wss-w0942-wall-cabinet-1-full-door-17850,
oppein-pb-wss-w0936,OPPEIN,PB-WSS-W0936,Wall Cabinet 1 Full Door,White Single Shaker,Particle board,model_ready,228.6,914.4,304.8,/cabinet-inventory/models/oppein-pb-wss-w0936.glb,https://www.oppeincabinetry.ca/shop/pb-wss-w0936-wall-cabinet-1-full-door-17849,
oppein-pb-wss-w0930,OPPEIN,PB-WSS-W0930,Wall Cabinet 1 Full Door,White Single Shaker,Particle board,model_ready,228.6,762.0,304.8,/cabinet-inventory/models/oppein-pb-wss-w0930.glb,https://www.oppeincabinetry.ca/shop/pb-wss-w0930-wall-cabinet-1-full-door-17848,
oppein-pb-bss-w0930,OPPEIN,PB-BSS-W0930,Wall Cabinet 1 Full Door,Blue Single Shaker,Particle board,model_ready,228.6,762.0,304.8,/cabinet-inventory/models/oppein-pb-bss-w0930.glb,https://www.oppeincabinetry.ca/shop/pb-bss-w0930-wall-cabinet-1-full-door-17712,
oppein-pb-bss-w0936,OPPEIN,PB-BSS-W0936,Wall Cabinet 1 Full Door,Blue Single Shaker,Particle board,model_ready,228.6,914.4,304.8,/cabinet-inventory/models/oppein-pb-bss-w0936.glb,https://www.oppeincabinetry.ca/shop/pb-bss-w0936-wall-cabinet-1-full-door-17713,
oppein-pb-bss-w0942,OPPEIN,PB-BSS-W0942,Wall Cabinet 1 Full Door,Blue Single Shaker,Particle board,model_ready,228.6,1066.8,304.8,/cabinet-inventory/models/oppein-pb-bss-w0942.glb,https://www.oppeincabinetry.ca/shop/pb-bss-w0942-wall-cabinet-1-full-door-17714,
oppein-pb-bss-w1212,OPPEIN,PB-BSS-W1212,Wall Cabinet 1 Full Door,Blue Single Shaker,Particle board,model_ready,304.8,304.8,304.8,/cabinet-inventory/models/oppein-pb-bss-w1212.glb,https://www.oppeincabinetry.ca/shop/pb-bss-w1212-wall-cabinet-1-full-door-17715,
oppein-pb-bss-w1230,OPPEIN,PB-BSS-W1230,Wall Cabinet 1 Full Door,Blue Single Shaker,Particle board,model_ready,304.8,762.0,304.8,/cabinet-inventory/models/oppein-pb-bss-w1230.glb,https://www.oppeincabinetry.ca/shop/pb-bss-w1230-wall-cabinet-1-full-door-17716,
oppein-pb-bss-w1236,OPPEIN,PB-BSS-W1236,Wall Cabinet 1 Full Door,Blue Single Shaker,Particle board,model_ready,533.4,914.4,304.8,/cabinet-inventory/models/oppein-pb-bss-w1236.glb,https://www.oppeincabinetry.ca/shop/pb-bss-w1236-wall-cabinet-1-full-door-17717,
oppein-pb-bss-w1242,OPPEIN,PB-BSS-W1242,Wall Cabinet 1 Full Door,Blue Single Shaker,Particle board,model_ready,304.8,1066.8,304.8,/cabinet-inventory/models/oppein-pb-bss-w1242.glb,https://www.oppeincabinetry.ca/shop/pb-bss-w1242-wall-cabinet-1-full-door-17718,
oppein-pb-bss-w1512,OPPEIN,PB-BSS-W1512,Wall Cabinet 1 Full Door,Blue Single Shaker,Particle board,model_ready,381.0,304.8,304.8,/cabinet-inventory/models/oppein-pb-bss-w1512.glb,https://www.oppeincabinetry.ca/shop/pb-bss-w1512-wall-cabinet-1-full-door-17719,
oppein-pb-bss-w1530,OPPEIN,PB-BSS-W1530,Wall Cabinet 1 Full Door,Blue Single Shaker,Particle board,model_ready,381.0,762.0,304.8,/cabinet-inventory/models/oppein-pb-bss-w1530.glb,https://www.oppeincabinetry.ca/shop/pb-bss-w1530-wall-cabinet-1-full-door-17720,
oppein-pb-bss-w1536,OPPEIN,PB-BSS-W1536,Wall Cabinet 1 Full Door,Blue Single Shaker,Particle board,model_ready,381.0,914.4,304.8,/cabinet-inventory/models/oppein-pb-bss-w1536.glb,https://www.oppeincabinetry.ca/shop/pb-bss-w1536-wall-cabinet-1-full-door-17721,
oppein-pb-bss-w1542,OPPEIN,PB-BSS-W1542,Wall Cabinet 1 Full Door,Blue Single Shaker,Particle board,model_ready,381.0,1066.8,304.8,/cabinet-inventory/models/oppein-pb-bss-w1542.glb,https://www.oppeincabinetry.ca/shop/pb-bss-w1542-wall-cabinet-1-full-door-17722,
oppein-pb-bss-w1812,OPPEIN,PB-BSS-W1812,Wall Cabinet 1 Full Door,Blue Single Shaker,Particle board,model_ready,457.2,304.8,304.8,/cabinet-inventory/models/oppein-pb-bss-w1812.glb,https://www.oppeincabinetry.ca/shop/pb-bss-w1812-wall-cabinet-1-full-door-17723,
oppein-pb-bss-w1830,OPPEIN,PB-BSS-W1830,Wall Cabinet 1 Full Door,Blue Single Shaker,Particle board,model_ready,457.2,762.0,304.8,/cabinet-inventory/models/oppein-pb-bss-w1830.glb,https://www.oppeincabinetry.ca/shop/pb-bss-w1830-wall-cabinet-1-full-door-17724,
oppein-pb-bss-w1836,OPPEIN,PB-BSS-W1836,Wall Cabinet 1 Full Door,Blue Single Shaker,Particle board,model_ready,457.2,914.4,304.8,/cabinet-inventory/models/oppein-pb-bss-w1836.glb,https://www.oppeincabinetry.ca/shop/pb-bss-w1836-wall-cabinet-1-full-door-17725,
oppein-pb-bss-w1842,OPPEIN,PB-BSS-W1842,Wall Cabinet 1 Full Door,Blue Single Shaker,Particle board,model_ready,457.2,1066.8,304.8,/cabinet-inventory/models/oppein-pb-bss-w1842.glb,https://www.oppeincabinetry.ca/shop/pb-bss-w1842-wall-cabinet-1-full-door-17726,
oppein-pb-bss-w2112,OPPEIN,PB-BSS-W2112,Wall Cabinet 1 Full Door,Blue Single Shaker,Particle board,model_ready,533.4,304.8,304.8,/cabinet-inventory/models/oppein-pb-bss-w2112.glb,https://www.oppeincabinetry.ca/shop/pb-bss-w2112-wall-cabinet-1-full-door-17727,
oppein-pb-bss-w2130,OPPEIN,PB-BSS-W2130,Wall Cabinet 1 Full Door,Blue Single Shaker,Particle board,model_ready,533.4,762.0,304.8,/cabinet-inventory/models/oppein-pb-bss-w2130.glb,https://www.oppeincabinetry.ca/shop/pb-bss-w2130-wall-cabinet-1-full-door-17728,
oppein-pb-bss-w2136,OPPEIN,PB-BSS-W2136,Wall Cabinet 1 Full Door,Blue Single Shaker,Particle board,model_ready,533.4,914.4,304.8,/cabinet-inventory/models/oppein-pb-bss-w2136.glb,https://www.oppeincabinetry.ca/shop/pb-bss-w2136-wall-cabinet-1-full-door-17729,
oppein-pb-bss-w2142,OPPEIN,PB-BSS-W2142,Wall Cabinet 1 Full Door,Blue Single Shaker,Particle board,model_ready,533.4,1066.8,304.8,/cabinet-inventory/models/oppein-pb-bss-w2142.glb,https://www.oppeincabinetry.ca/shop/pb-bss-w2142-wall-cabinet-1-full-door-17730,
oppein-pb-gss-w0930,OPPEIN,PB-GSS-W0930,Wall Cabinet 1 Full Door,Gray Single Shaker,Particle board,model_ready,228.6,762.0,304.8,/cabinet-inventory/models/oppein-pb-gss-w0930.glb,https://www.oppeincabinetry.ca/shop/pb-gss-w0930-wall-cabinet-1-full-door-17984,
oppein-pb-gss-w0936,OPPEIN,PB-GSS-W0936,Wall Cabinet 1 Full Door,Gray Single Shaker,Particle board,model_ready,228.6,914.4,304.8,/cabinet-inventory/models/oppein-pb-gss-w0936.glb,https://www.oppeincabinetry.ca/shop/pb-gss-w0936-wall-cabinet-1-full-door-17985,
oppein-pb-gss-w0942,OPPEIN,PB-GSS-W0942,Wall Cabinet 1 Full Door,Gray Single Shaker,Particle board,model_ready,228.6,1066.8,304.8,/cabinet-inventory/models/oppein-pb-gss-w0942.glb,https://www.oppeincabinetry.ca/shop/pb-gss-w0942-wall-cabinet-1-full-door-17986,
oppein-pb-gss-w1212,OPPEIN,PB-GSS-W1212,Wall Cabinet 1 Full Door,Gray Single Shaker,Particle board,model_ready,304.8,304.8,304.8,/cabinet-inventory/models/oppein-pb-gss-w1212.glb,https://www.oppeincabinetry.ca/shop/pb-gss-w1212-wall-cabinet-1-full-door-17987,
oppein-pb-gss-w1230,OPPEIN,PB-GSS-W1230,Wall Cabinet 1 Full Door,Gray Single Shaker,Particle board,model_ready,304.8,762.0,304.8,/cabinet-inventory/models/oppein-pb-gss-w1230.glb,https://www.oppeincabinetry.ca/shop/pb-gss-w1230-wall-cabinet-1-full-door-17988,
oppein-pb-gss-w1236,OPPEIN,PB-GSS-W1236,Wall Cabinet 1 Full Door,Gray Single Shaker,Particle board,model_ready,533.4,914.4,304.8,/cabinet-inventory/models/oppein-pb-gss-w1236.glb,https://www.oppeincabinetry.ca/shop/pb-gss-w1236-wall-cabinet-1-full-door-17989,
oppein-pb-gss-w1242,OPPEIN,PB-GSS-W1242,Wall Cabinet 1 Full Door,Gray Single Shaker,Particle board,model_ready,304.8,1066.8,304.8,/cabinet-inventory/models/oppein-pb-gss-w1242.glb,https://www.oppeincabinetry.ca/shop/pb-gss-w1242-wall-cabinet-1-full-door-17990,
oppein-pb-gss-w1512,OPPEIN,PB-GSS-W1512,Wall Cabinet 1 Full Door,Gray Single Shaker,Particle board,model_ready,381.0,304.8,304.8,/cabinet-inventory/models/oppein-pb-gss-w1512.glb,https://www.oppeincabinetry.ca/shop/pb-gss-w1512-wall-cabinet-1-full-door-17991,
oppein-ply-gss-w1212,OPPEIN,PLY-GSS-W1212,Wall Cabinet 1 Full Door,Gray Single Shaker,Plywood,model_ready,304.8,304.8,304.8,/cabinet-inventory/models/oppein-ply-gss-w1212.glb,https://www.oppeincabinetry.ca/shop/ply-gss-w1212-wall-cabinet-1-full-door-12202,
oppein-pb-gss-w1530,OPPEIN,PB-GSS-W1530,Wall Cabinet 1 Full Door,Gray Single Shaker,Particle board,model_ready,381.0,762.0,304.8,/cabinet-inventory/models/oppein-pb-gss-w1530.glb,https://www.oppeincabinetry.ca/shop/pb-gss-w1530-wall-cabinet-1-full-door-17992,
oppein-pb-gss-w1536,OPPEIN,PB-GSS-W1536,Wall Cabinet 1 Full Door,Gray Single Shaker,Particle board,model_ready,381.0,914.4,304.8,/cabinet-inventory/models/oppein-pb-gss-w1536.glb,https://www.oppeincabinetry.ca/shop/pb-gss-w1536-wall-cabinet-1-full-door-17993,
oppein-pb-gss-w1542,OPPEIN,PB-GSS-W1542,Wall Cabinet 1 Full Door,Gray Single Shaker,Particle board,model_ready,381.0,1066.8,304.8,/cabinet-inventory/models/oppein-pb-gss-w1542.glb,https://www.oppeincabinetry.ca/shop/pb-gss-w1542-wall-cabinet-1-full-door-17994,
oppein-pb-gss-w1812,OPPEIN,PB-GSS-W1812,Wall Cabinet 1 Full Door,Gray Single Shaker,Particle board,model_ready,457.2,304.8,304.8,/cabinet-inventory/models/oppein-pb-gss-w1812.glb,https://www.oppeincabinetry.ca/shop/pb-gss-w1812-wall-cabinet-1-full-door-17995,
oppein-pb-gss-w1830,OPPEIN,PB-GSS-W1830,Wall Cabinet 1 Full Door,Gray Single Shaker,Particle board,model_ready,457.2,762.0,304.8,/cabinet-inventory/models/oppein-pb-gss-w1830.glb,https://www.oppeincabinetry.ca/shop/pb-gss-w1830-wall-cabinet-1-full-door-17996,
oppein-pb-gss-w1836,OPPEIN,PB-GSS-W1836,Wall Cabinet 1 Full Door,Gray Single Shaker,Particle board,model_ready,457.2,914.4,304.8,/cabinet-inventory/models/oppein-pb-gss-w1836.glb,https://www.oppeincabinetry.ca/shop/pb-gss-w1836-wall-cabinet-1-full-door-17997,
oppein-pb-gss-w1842,OPPEIN,PB-GSS-W1842,Wall Cabinet 1 Full Door,Gray Single Shaker,Particle board,model_ready,457.2,1066.8,304.8,/cabinet-inventory/models/oppein-pb-gss-w1842.glb,https://www.oppeincabinetry.ca/shop/pb-gss-w1842-wall-cabinet-1-full-door-17998,
oppein-pb-gss-w2112,OPPEIN,PB-GSS-W2112,Wall Cabinet 1 Full Door,Gray Single Shaker,Particle board,model_ready,533.4,304.8,304.8,/cabinet-inventory/models/oppein-pb-gss-w2112.glb,https://www.oppeincabinetry.ca/shop/pb-gss-w2112-wall-cabinet-1-full-door-17999,
oppein-ply-wss-w1230,OPPEIN,PLY-WSS-W1230,Wall Cabinet 1 Full Door,White Single Shaker,Plywood,model_ready,304.8,762.0,304.8,/cabinet-library/models/PLY-WSS-W1230.glb,https://www.oppeincabinetry.ca/shop/ply-wss-w1230-wall-cabinet-1-full-door-11375,
oppein-ply-wss-w2130,OPPEIN,PLY-WSS-W2130,Wall Cabinet 1 Full Door,White Single Shaker,Plywood,model_ready,533.4,762.0,304.8,/cabinet-library/models/PLY-WSS-W2130.glb,https://www.oppeincabinetry.ca/shop/ply-wss-w2130-wall-cabinet-1-full-door-11378,
oppein-ply-wss-w0936,OPPEIN,PLY-WSS-W0936,Wall Cabinet 1 Full Door,White Single Shaker,Plywood,model_ready,228.6,914.4,304.8,/cabinet-library/models/PLY-WSS-W0936.glb,https://www.oppeincabinetry.ca/shop/ply-wss-w0936-wall-cabinet-1-full-door-11394,
oppein-ply-wss-w2136,OPPEIN,PLY-WSS-W2136,Wall Cabinet 1 Full Door,White Single Shaker,Plywood,model_ready,533.4,914.4,304.8,/cabinet-library/models/PLY-WSS-W2136.glb,https://www.oppeincabinetry.ca/shop/ply-wss-w2136-wall-cabinet-1-full-door-11400,
oppein-ply-wss-w1242,OPPEIN,PLY-WSS-W1242,Wall Cabinet 1 Full Door,White Single Shaker,Plywood,model_ready,304.8,1066.8,304.8,/cabinet-library/models/PLY-WSS-W1242.glb,https://www.oppeincabinetry.ca/shop/ply-wss-w1242-wall-cabinet-1-full-door-11401,
oppein-pb-gss-w2130,OPPEIN,PB-GSS-W2130,Wall Cabinet 1 Full Door,Gray Single Shaker,Particle board,model_ready,533.4,762.0,304.8,/cabinet-inventory/models/oppein-pb-gss-w2130.glb,https://www.oppeincabinetry.ca/shop/pb-gss-w2130-wall-cabinet-1-full-door-18000,
oppein-pb-gss-w2136,OPPEIN,PB-GSS-W2136,Wall Cabinet 1 Full Door,Gray Single Shaker,Particle board,model_ready,533.4,914.4,304.8,/cabinet-inventory/models/oppein-pb-gss-w2136.glb,https://www.oppeincabinetry.ca/shop/pb-gss-w2136-wall-cabinet-1-full-door-18001,
oppein-pb-gss-w2142,OPPEIN,PB-GSS-W2142,Wall Cabinet 1 Full Door,Gray Single Shaker,Particle board,model_ready,533.4,1066.8,304.8,/cabinet-inventory/models/oppein-pb-gss-w2142.glb,https://www.oppeincabinetry.ca/shop/pb-gss-w2142-wall-cabinet-1-full-door-18002,
oppein-ply-wss-w1842,OPPEIN,PLY-WSS-W1842,Wall Cabinet 1 Full Door,White Single Shaker,Plywood,model_ready,457.2,1066.8,304.8,/cabinet-library/models/PLY-WSS-W1842.glb,https://www.oppeincabinetry.ca/shop/ply-wss-w1842-wall-cabinet-1-full-door-11402,
oppein-ply-ssw-w1236,OPPEIN,PLY-SSW-W1236,Wall Cabinet 1 Full Door,White Slim Shaker,Plywood,model_ready,533.4,914.4,304.8,/cabinet-inventory/models/oppein-ply-ssw-w1236.glb,https://www.oppeincabinetry.ca/shop/ply-ssw-w1236-wall-cabinet-1-full-door-12476,
oppein-ply-ssw-w1536,OPPEIN,PLY-SSW-W1536,Wall Cabinet 1 Full Door,White Slim Shaker,Plywood,model_ready,381.0,914.4,304.8,/cabinet-inventory/models/oppein-ply-ssw-w1536.glb,https://www.oppeincabinetry.ca/shop/ply-ssw-w1536-wall-cabinet-1-full-door-12477,
oppein-ply-ssw-w1836,OPPEIN,PLY-SSW-W1836,Wall Cabinet 1 Full Door,White Slim Shaker,Plywood,model_ready,457.2,914.4,304.8,/cabinet-inventory/models/oppein-ply-ssw-w1836.glb,https://www.oppeincabinetry.ca/shop/ply-ssw-w1836-wall-cabinet-1-full-door-12478,
oppein-ply-mso-w1530,OPPEIN,PLY-MSO-W1530,Wall Cabinet 1 Full Door,Smoked Oak,Plywood,model_ready,381.0,762.0,304.8,/cabinet-inventory/models/oppein-ply-mso-w1530.glb,https://www.oppeincabinetry.ca/shop/ply-mso-w1530-wall-cabinet-1-full-door-14730,
oppein-ply-gss-w2136,OPPEIN,PLY-GSS-W2136,Wall Cabinet 1 Full Door,Gray Single Shaker,Plywood,model_ready,533.4,914.4,304.8,/cabinet-inventory/models/oppein-ply-gss-w2136.glb,https://www.oppeincabinetry.ca/shop/ply-gss-w2136-wall-cabinet-1-full-door-12153,
oppein-ply-gss-w0930,OPPEIN,PLY-GSS-W0930,Wall Cabinet 1 Full Door,Gray Single Shaker,Plywood,model_ready,228.6,762.0,304.8,/cabinet-inventory/models/oppein-ply-gss-w0930.glb,https://www.oppeincabinetry.ca/shop/ply-gss-w0930-wall-cabinet-1-full-door-12151,
oppein-ply-gss-w1236,OPPEIN,PLY-GSS-W1236,Wall Cabinet 1 Full Door,Gray Single Shaker,Plywood,model_ready,533.4,914.4,304.8,/cabinet-inventory/models/oppein-ply-gss-w1236.glb,https://www.oppeincabinetry.ca/shop/ply-gss-w1236-wall-cabinet-1-full-door-12150,
oppein-ply-gss-w1242,OPPEIN,PLY-GSS-W1242,Wall Cabinet 1 Full Door,Gray Single Shaker,Plywood,model_ready,304.8,1066.8,304.8,/cabinet-inventory/models/oppein-ply-gss-w1242.glb,https://www.oppeincabinetry.ca/shop/ply-gss-w1242-wall-cabinet-1-full-door-12148,
oppein-ply-gss-w0942,OPPEIN,PLY-GSS-W0942,Wall Cabinet 1 Full Door,Gray Single Shaker,Plywood,model_ready,228.6,1066.8,304.8,/cabinet-inventory/models/oppein-ply-gss-w0942.glb,https://www.oppeincabinetry.ca/shop/ply-gss-w0942-wall-cabinet-1-full-door-12146,
oppein-ply-gss-w1530,OPPEIN,PLY-GSS-W1530,Wall Cabinet 1 Full Door,Gray Single Shaker,Plywood,model_ready,381.0,762.0,304.8,/cabinet-inventory/models/oppein-ply-gss-w1530.glb,https://www.oppeincabinetry.ca/shop/ply-gss-w1530-wall-cabinet-1-full-door-12145,
oppein-ply-gss-w2142,OPPEIN,PLY-GSS-W2142,Wall Cabinet 1 Full Door,Gray Single Shaker,Plywood,model_ready,533.4,1066.8,304.8,/cabinet-inventory/models/oppein-ply-gss-w2142.glb,https://www.oppeincabinetry.ca/shop/ply-gss-w2142-wall-cabinet-1-full-door-12143,
oppein-ply-mso-w0930,OPPEIN,PLY-MSO-W0930,Wall Cabinet 1 Full Door,Smoked Oak,Plywood,model_ready,228.6,762.0,304.8,/cabinet-inventory/models/oppein-ply-mso-w0930.glb,https://www.oppeincabinetry.ca/shop/ply-mso-w0930-wall-cabinet-1-full-door-14726,
oppein-ply-gss-w1830,OPPEIN,PLY-GSS-W1830,Wall Cabinet 1 Full Door,Gray Single Shaker,Plywood,model_ready,457.2,762.0,304.8,/cabinet-inventory/models/oppein-ply-gss-w1830.glb,https://www.oppeincabinetry.ca/shop/ply-gss-w1830-wall-cabinet-1-full-door-12142,
oppein-pb-mnw-w2130,OPPEIN,PB-MNW-W2130,Wall Cabinet 1 Full Door,Natural Wood,Particle board,model_ready,533.4,762.0,304.8,/cabinet-inventory/models/oppein-pb-mnw-w2130.glb,https://www.oppeincabinetry.ca/shop/pb-mnw-w2130-wall-cabinet-1-full-door-18683,
oppein-pb-mnw-w1842,OPPEIN,PB-MNW-W1842,Wall Cabinet 1 Full Door,Natural Wood,Particle board,model_ready,457.2,1066.8,304.8,/cabinet-inventory/models/oppein-pb-mnw-w1842.glb,https://www.oppeincabinetry.ca/shop/pb-mnw-w1842-wall-cabinet-1-full-door-18681,
oppein-pb-mnw-w2136,OPPEIN,PB-MNW-W2136,Wall Cabinet 1 Full Door,Natural Wood,Particle board,model_ready,533.4,914.4,304.8,/cabinet-inventory/models/oppein-pb-mnw-w2136.glb,https://www.oppeincabinetry.ca/shop/pb-mnw-w2136-wall-cabinet-1-full-door-18684,
oppein-pb-mnw-w2142,OPPEIN,PB-MNW-W2142,Wall Cabinet 1 Full Door,Natural Wood,Particle board,model_ready,533.4,1066.8,304.8,/cabinet-inventory/models/oppein-pb-mnw-w2142.glb,https://www.oppeincabinetry.ca/shop/pb-mnw-w2142-wall-cabinet-1-full-door-18685,
oppein-ply-mso-w1842,OPPEIN,PLY-MSO-W1842,Wall Cabinet 1 Full Door,Smoked Oak,Plywood,model_ready,457.2,1066.8,304.8,/cabinet-inventory/models/oppein-ply-mso-w1842.glb,https://www.oppeincabinetry.ca/shop/ply-mso-w1842-wall-cabinet-1-full-door-14689,
oppein-pb-mnw-w1836,OPPEIN,PB-MNW-W1836,Wall Cabinet 1 Full Door,Natural Wood,Particle board,model_ready,457.2,914.4,304.8,/cabinet-inventory/models/oppein-pb-mnw-w1836.glb,https://www.oppeincabinetry.ca/shop/pb-mnw-w1836-wall-cabinet-1-full-door-18680,
oppein-pb-mnw-w1830,OPPEIN,PB-MNW-W1830,Wall Cabinet 1 Full Door,Natural Wood,Particle board,model_ready,457.2,762.0,304.8,/cabinet-inventory/models/oppein-pb-mnw-w1830.glb,https://www.oppeincabinetry.ca/shop/pb-mnw-w1830-wall-cabinet-1-full-door-18679,
oppein-pb-mnw-w1812,OPPEIN,PB-MNW-W1812,Wall Cabinet 1 Full Door,Natural Wood,Particle board,model_ready,457.2,304.8,304.8,/cabinet-inventory/models/oppein-pb-mnw-w1812.glb,https://www.oppeincabinetry.ca/shop/pb-mnw-w1812-wall-cabinet-1-full-door-18678,
oppein-pb-mnw-w1542,OPPEIN,PB-MNW-W1542,Wall Cabinet 1 Full Door,Natural Wood,Particle board,model_ready,381.0,1066.8,304.8,/cabinet-inventory/models/oppein-pb-mnw-w1542.glb,https://www.oppeincabinetry.ca/shop/pb-mnw-w1542-wall-cabinet-1-full-door-18677,
oppein-pb-mnw-w1536,OPPEIN,PB-MNW-W1536,Wall Cabinet 1 Full Door,Natural Wood,Particle board,model_ready,381.0,914.4,304.8,/cabinet-inventory/models/oppein-pb-mnw-w1536.glb,https://www.oppeincabinetry.ca/shop/pb-mnw-w1536-wall-cabinet-1-full-door-18676,
oppein-pb-mnw-w1530,OPPEIN,PB-MNW-W1530,Wall Cabinet 1 Full Door,Natural Wood,Particle board,model_ready,381.0,762.0,304.8,/cabinet-inventory/models/oppein-pb-mnw-w1530.glb,https://www.oppeincabinetry.ca/shop/pb-mnw-w1530-wall-cabinet-1-full-door-18675,
oppein-pb-mnw-w1512,OPPEIN,PB-MNW-W1512,Wall Cabinet 1 Full Door,Natural Wood,Particle board,model_ready,381.0,304.8,304.8,/cabinet-inventory/models/oppein-pb-mnw-w1512.glb,https://www.oppeincabinetry.ca/shop/pb-mnw-w1512-wall-cabinet-1-full-door-18674,
oppein-pb-mnw-w1242,OPPEIN,PB-MNW-W1242,Wall Cabinet 1 Full Door,Natural Wood,Particle board,model_ready,304.8,1066.8,304.8,/cabinet-inventory/models/oppein-pb-mnw-w1242.glb,https://www.oppeincabinetry.ca/shop/pb-mnw-w1242-wall-cabinet-1-full-door-18673,
oppein-ply-mnw-w3342,OPPEIN,PLY-MNW-W3342,Wall Cabinet 2 Door,Natural Wood,Plywood,model_ready,838.2,1066.8,304.8,/cabinet-inventory/models/oppein-ply-mnw-w3342.glb,https://www.oppeincabinetry.ca/shop/ply-mnw-w3342-wall-cabinet-2-door-14030,
oppein-ply-mnw-w3630,OPPEIN,PLY-MNW-W3630,Wall Cabinet 2 Door,Natural Wood,Plywood,model_ready,914.4,762.0,304.8,/cabinet-inventory/models/oppein-ply-mnw-w3630.glb,https://www.oppeincabinetry.ca/shop/ply-mnw-w3630-wall-cabinet-2-door-14038,
oppein-ply-mnw-w3636,OPPEIN,PLY-MNW-W3636,Wall Cabinet 2 Door,Natural Wood,Plywood,model_ready,914.4,914.4,304.8,/cabinet-inventory/models/oppein-ply-mnw-w3636.glb,https://www.oppeincabinetry.ca/shop/ply-mnw-w3636-wall-cabinet-2-door-14039,
oppein-ply-mnw-w3642,OPPEIN,PLY-MNW-W3642,Wall Cabinet 2 Door,Natural Wood,Plywood,model_ready,914.4,1066.8,304.8,/cabinet-inventory/models/oppein-ply-mnw-w3642.glb,https://www.oppeincabinetry.ca/shop/ply-mnw-w3642-wall-cabinet-2-door-14040,
oppein-ply-mso-w3336,OPPEIN,PLY-MSO-W3336,Wall Cabinet 2 Door,Smoked Oak,Plywood,model_ready,838.2,914.4,304.8,/cabinet-inventory/models/oppein-ply-mso-w3336.glb,https://www.oppeincabinetry.ca/shop/ply-mso-w3336-wall-cabinet-2-door-14662,
oppein-ply-mso-w3330,OPPEIN,PLY-MSO-W3330,Wall Cabinet 2 Door,Smoked Oak,Plywood,model_ready,838.2,762.0,304.8,/cabinet-inventory/models/oppein-ply-mso-w3330.glb,https://www.oppeincabinetry.ca/shop/ply-mso-w3330-wall-cabinet-2-door-14671,
oppein-ply-mso-w2430,OPPEIN,PLY-MSO-W2430,Wall Cabinet 2 Door,Smoked Oak,Plywood,model_ready,609.6,762.0,304.8,/cabinet-inventory/models/oppein-ply-mso-w2430.glb,https://www.oppeincabinetry.ca/shop/ply-mso-w2430-wall-cabinet-2-door-14678,
oppein-ply-mnw-w2736,OPPEIN,PLY-MNW-W2736,Wall Cabinet 2 Door,Natural Wood,Plywood,model_ready,685.8,914.4,304.8,/cabinet-inventory/models/oppein-ply-mnw-w2736.glb,https://www.oppeincabinetry.ca/shop/ply-mnw-w2736-wall-cabinet-2-door-14019,
oppein-ply-mnw-w2442,OPPEIN,PLY-MNW-W2442,Wall Cabinet 2 Door,Natural Wood,Plywood,model_ready,609.6,1066.8,304.8,/cabinet-inventory/models/oppein-ply-mnw-w2442.glb,https://www.oppeincabinetry.ca/shop/ply-mnw-w2442-wall-cabinet-2-door-14017,
oppein-ply-mso-w2730,OPPEIN,PLY-MSO-W2730,Wall Cabinet 2 Door,Smoked Oak,Plywood,model_ready,685.8,762.0,304.8,/cabinet-inventory/models/oppein-ply-mso-w2730.glb,https://www.oppeincabinetry.ca/shop/ply-mso-w2730-wall-cabinet-2-door-14686,
oppein-ply-mso-w2742,OPPEIN,PLY-MSO-W2742,Wall Cabinet 2 Door,Smoked Oak,Plywood,model_ready,685.8,1066.8,304.8,/cabinet-inventory/models/oppein-ply-mso-w2742.glb,https://www.oppeincabinetry.ca/shop/ply-mso-w2742-wall-cabinet-2-door-14690,
oppein-ply-mso-w3042,OPPEIN,PLY-MSO-W3042,Wall Cabinet 2 Door,Smoked Oak,Plywood,model_ready,762.0,1066.8,304.8,/cabinet-inventory/models/oppein-ply-mso-w3042.glb,https://www.oppeincabinetry.ca/shop/ply-mso-w3042-wall-cabinet-2-door-14691,
oppein-ply-mnw-w2430,OPPEIN,PLY-MNW-W2430,Wall Cabinet 2 Door,Natural Wood,Plywood,model_ready,609.6,762.0,304.8,/cabinet-inventory/models/oppein-ply-mnw-w2430.glb,https://www.oppeincabinetry.ca/shop/ply-mnw-w2430-wall-cabinet-2-door-13957,
oppein-ply-mnw-w2436,OPPEIN,PLY-MNW-W2436,Wall Cabinet 2 Door,Natural Wood,Plywood,model_ready,609.6,914.4,304.8,/cabinet-inventory/models/oppein-ply-mnw-w2436.glb,https://www.oppeincabinetry.ca/shop/ply-mnw-w2436-wall-cabinet-2-door-14016,
oppein-ply-mso-w2436,OPPEIN,PLY-MSO-W2436,Wall Cabinet 2 Door,Smoked Oak,Plywood,model_ready,609.6,914.4,304.8,/cabinet-inventory/models/oppein-ply-mso-w2436.glb,https://www.oppeincabinetry.ca/shop/ply-mso-w2436-wall-cabinet-2-door-14737,
oppein-ply-mso-w2442,OPPEIN,PLY-MSO-W2442,Wall Cabinet 2 Door,Smoked Oak,Plywood,model_ready,609.6,1066.8,304.8,/cabinet-inventory/models/oppein-ply-mso-w2442.glb,https://www.oppeincabinetry.ca/shop/ply-mso-w2442-wall-cabinet-2-door-14738,
oppein-ply-mso-w2736,OPPEIN,PLY-MSO-W2736,Wall Cabinet 2 Door,Smoked Oak,Plywood,model_ready,685.8,914.4,304.8,/cabinet-inventory/models/oppein-ply-mso-w2736.glb,https://www.oppeincabinetry.ca/shop/ply-mso-w2736-wall-cabinet-2-door-14740,
oppein-ply-mso-w3342,OPPEIN,PLY-MSO-W3342,Wall Cabinet 2 Door,Smoked Oak,Plywood,model_ready,838.2,1066.8,304.8,/cabinet-inventory/models/oppein-ply-mso-w3342.glb,https://www.oppeincabinetry.ca/shop/ply-mso-w3342-wall-cabinet-2-door-14751,
oppein-ply-mso-w3630,OPPEIN,PLY-MSO-W3630,Wall Cabinet 2 Door,Smoked Oak,Plywood,model_ready,914.4,762.0,304.8,/cabinet-inventory/models/oppein-ply-mso-w3630.glb,https://www.oppeincabinetry.ca/shop/ply-mso-w3630-wall-cabinet-2-door-14759,
oppein-ply-mso-w3636,OPPEIN,PLY-MSO-W3636,Wall Cabinet 2 Door,Smoked Oak,Plywood,model_ready,914.4,914.4,304.8,/cabinet-inventory/models/oppein-ply-mso-w3636.glb,https://www.oppeincabinetry.ca/shop/ply-mso-w3636-wall-cabinet-2-door-14760,
oppein-ply-mso-w3642,OPPEIN,PLY-MSO-W3642,Wall Cabinet 2 Door,Smoked Oak,Plywood,model_ready,914.4,1066.8,304.8,/cabinet-inventory/models/oppein-ply-mso-w3642.glb,https://www.oppeincabinetry.ca/shop/ply-mso-w3642-wall-cabinet-2-door-14761,
oppein-ply-pgw-w3336,OPPEIN,PLY-PGW-W3336,Wall Cabinet 2 Door,White High Gloss,Plywood,model_ready,838.2,914.4,304.8,/cabinet-inventory/models/oppein-ply-pgw-w3336.glb,https://www.oppeincabinetry.ca/shop/ply-pgw-w3336-wall-cabinet-2-door-15397,
oppein-ply-pgw-w3330,OPPEIN,PLY-PGW-W3330,Wall Cabinet 2 Door,White High Gloss,Plywood,model_ready,838.2,762.0,304.8,/cabinet-inventory/models/oppein-ply-pgw-w3330.glb,https://www.oppeincabinetry.ca/shop/ply-pgw-w3330-wall-cabinet-2-door-15406,
oppein-ply-pgw-w2430,OPPEIN,PLY-PGW-W2430,Wall Cabinet 2 Door,White High Gloss,Plywood,model_ready,609.6,762.0,304.8,/cabinet-inventory/models/oppein-ply-pgw-w2430.glb,https://www.oppeincabinetry.ca/shop/ply-pgw-w2430-wall-cabinet-2-door-15414,
oppein-ply-mnw-w3042,OPPEIN,PLY-MNW-W3042,Wall Cabinet 2 Door,Natural Wood,Plywood,model_ready,762.0,1066.8,304.8,/cabinet-inventory/models/oppein-ply-mnw-w3042.glb,https://www.oppeincabinetry.ca/shop/ply-mnw-w3042-wall-cabinet-2-door-13970,
oppein-ply-mnw-w2742,OPPEIN,PLY-MNW-W2742,Wall Cabinet 2 Door,Natural Wood,Plywood,model_ready,685.8,1066.8,304.8,/cabinet-inventory/models/oppein-ply-mnw-w2742.glb,https://www.oppeincabinetry.ca/shop/ply-mnw-w2742-wall-cabinet-2-door-13969,
oppein-ply-pgw-w2730,OPPEIN,PLY-PGW-W2730,Wall Cabinet 2 Door,White High Gloss,Plywood,model_ready,685.8,762.0,304.8,/cabinet-inventory/models/oppein-ply-pgw-w2730.glb,https://www.oppeincabinetry.ca/shop/ply-pgw-w2730-wall-cabinet-2-door-15422,
oppein-ply-pgw-w2742,OPPEIN,PLY-PGW-W2742,Wall Cabinet 2 Door,White High Gloss,Plywood,model_ready,685.8,1066.8,304.8,/cabinet-inventory/models/oppein-ply-pgw-w2742.glb,https://www.oppeincabinetry.ca/shop/ply-pgw-w2742-wall-cabinet-2-door-15426,
oppein-ply-pgw-w3042,OPPEIN,PLY-PGW-W3042,Wall Cabinet 2 Door,White High Gloss,Plywood,model_ready,762.0,1066.8,304.8,/cabinet-inventory/models/oppein-ply-pgw-w3042.glb,https://www.oppeincabinetry.ca/shop/ply-pgw-w3042-wall-cabinet-2-door-15427,
oppein-ply-mnw-w2730,OPPEIN,PLY-MNW-W2730,Wall Cabinet 2 Door,Natural Wood,Plywood,model_ready,685.8,762.0,304.8,/cabinet-inventory/models/oppein-ply-mnw-w2730.glb,https://www.oppeincabinetry.ca/shop/ply-mnw-w2730-wall-cabinet-2-door-13965,
oppein-ply-mnw-w3330,OPPEIN,PLY-MNW-W3330,Wall Cabinet 2 Door,Natural Wood,Plywood,model_ready,838.2,762.0,304.8,/cabinet-inventory/models/oppein-ply-mnw-w3330.glb,https://www.oppeincabinetry.ca/shop/ply-mnw-w3330-wall-cabinet-2-door-13949,
oppein-ply-pgw-w2436,OPPEIN,PLY-PGW-W2436,Wall Cabinet 2 Door,White High Gloss,Plywood,model_ready,609.6,914.4,304.8,/cabinet-inventory/models/oppein-ply-pgw-w2436.glb,https://www.oppeincabinetry.ca/shop/ply-pgw-w2436-wall-cabinet-2-door-15473,
oppein-ply-pgw-w2442,OPPEIN,PLY-PGW-W2442,Wall Cabinet 2 Door,White High Gloss,Plywood,model_ready,609.6,1066.8,304.8,/cabinet-inventory/models/oppein-ply-pgw-w2442.glb,https://www.oppeincabinetry.ca/shop/ply-pgw-w2442-wall-cabinet-2-door-15474,
oppein-ply-pgw-w2736,OPPEIN,PLY-PGW-W2736,Wall Cabinet 2 Door,White High Gloss,Plywood,model_ready,685.8,914.4,304.8,/cabinet-inventory/models/oppein-ply-pgw-w2736.glb,https://www.oppeincabinetry.ca/shop/ply-pgw-w2736-wall-cabinet-2-door-15476,
oppein-ply-pgw-w3342,OPPEIN,PLY-PGW-W3342,Wall Cabinet 2 Door,White High Gloss,Plywood,model_ready,838.2,1066.8,304.8,/cabinet-inventory/models/oppein-ply-pgw-w3342.glb,https://www.oppeincabinetry.ca/shop/ply-pgw-w3342-wall-cabinet-2-door-15487,
oppein-ply-pgw-w3630,OPPEIN,PLY-PGW-W3630,Wall Cabinet 2 Door,White High Gloss,Plywood,model_ready,914.4,762.0,304.8,/cabinet-inventory/models/oppein-ply-pgw-w3630.glb,https://www.oppeincabinetry.ca/shop/ply-pgw-w3630-wall-cabinet-2-door-15495,
oppein-ply-pgw-w3636,OPPEIN,PLY-PGW-W3636,Wall Cabinet 2 Door,White High Gloss,Plywood,model_ready,914.4,914.4,304.8,/cabinet-inventory/models/oppein-ply-pgw-w3636.glb,https://www.oppeincabinetry.ca/shop/ply-pgw-w3636-wall-cabinet-2-door-15496,
oppein-ply-pgw-w3642,OPPEIN,PLY-PGW-W3642,Wall Cabinet 2 Door,White High Gloss,Plywood,model_ready,914.4,1066.8,304.8,/cabinet-inventory/models/oppein-ply-pgw-w3642.glb,https://www.oppeincabinetry.ca/shop/ply-pgw-w3642-wall-cabinet-2-door-15497,
oppein-ply-pgw-w3030,OPPEIN,PLY-PGW-W3030,Wall Cabinet 2 Door,White High Gloss,Plywood,model_ready,762.0,762.0,304.8,/cabinet-inventory/models/oppein-ply-pgw-w3030.glb,https://www.oppeincabinetry.ca/shop/ply-pgw-w3030-wall-cabinet-2-door-15512,
oppein-ply-pgw-w3036,OPPEIN,PLY-PGW-W3036,Wall Cabinet 2 Door,White High Gloss,Plywood,model_ready,762.0,914.4,304.8,/cabinet-inventory/models/oppein-ply-pgw-w3036.glb,https://www.oppeincabinetry.ca/shop/ply-pgw-w3036-wall-cabinet-2-door-15513,
oppein-ply-ssw-w3642,OPPEIN,PLY-SSW-W3642,Wall Cabinet 2 Door,White Slim Shaker,Plywood,model_ready,914.4,1066.8,304.8,/cabinet-inventory/models/oppein-ply-ssw-w3642.glb,https://www.oppeincabinetry.ca/shop/ply-ssw-w3642-wall-cabinet-2-door-12580,
oppein-ply-ssw-w3636,OPPEIN,PLY-SSW-W3636,Wall Cabinet 2 Door,White Slim Shaker,Plywood,model_ready,914.4,914.4,304.8,/cabinet-inventory/models/oppein-ply-ssw-w3636.glb,https://www.oppeincabinetry.ca/shop/ply-ssw-w3636-wall-cabinet-2-door-12579,
oppein-ply-ssw-w3630,OPPEIN,PLY-SSW-W3630,Wall Cabinet 2 Door,White Slim Shaker,Plywood,model_ready,914.4,762.0,304.8,/cabinet-inventory/models/oppein-ply-ssw-w3630.glb,https://www.oppeincabinetry.ca/shop/ply-ssw-w3630-wall-cabinet-2-door-12578,
oppein-ply-ssw-w3342,OPPEIN,PLY-SSW-W3342,Wall Cabinet 2 Door,White Slim Shaker,Plywood,model_ready,838.2,1066.8,304.8,/cabinet-inventory/models/oppein-ply-ssw-w3342.glb,https://www.oppeincabinetry.ca/shop/ply-ssw-w3342-wall-cabinet-2-door-12570,
oppein-ply-ssw-w3036,OPPEIN,PLY-SSW-W3036,Wall Cabinet 2 Door,White Slim Shaker,Plywood,model_ready,838.2,914.4,304.8,/cabinet-inventory/models/oppein-ply-ssw-w3036.glb,https://www.oppeincabinetry.ca/shop/ply-ssw-w3036-wall-cabinet-2-door-12563,
oppein-ply-ssw-w3030,OPPEIN,PLY-SSW-W3030,Wall Cabinet 2 Door,White Slim Shaker,Plywood,model_ready,762.0,762.0,304.8,/cabinet-inventory/models/oppein-ply-ssw-w3030.glb,https://www.oppeincabinetry.ca/shop/ply-ssw-w3030-wall-cabinet-2-door-12562,
oppein-ply-ssw-w2736,OPPEIN,PLY-SSW-W2736,Wall Cabinet 2 Door,White Slim Shaker,Plywood,model_ready,685.8,914.4,304.8,/cabinet-inventory/models/oppein-ply-ssw-w2736.glb,https://www.oppeincabinetry.ca/shop/ply-ssw-w2736-wall-cabinet-2-door-12557,
oppein-ply-bss-w2430,OPPEIN,PLY-BSS-W2430,Wall Cabinet 2 Door,Blue Single Shaker,Plywood,model_ready,609.6,762.0,304.8,/cabinet-inventory/models/oppein-ply-bss-w2430.glb,https://www.oppeincabinetry.ca/shop/ply-bss-w2430-wall-cabinet-2-door-15781,
oppein-ply-bss-w2436,OPPEIN,PLY-BSS-W2436,Wall Cabinet 2 Door,Blue Single Shaker,Plywood,model_ready,609.6,914.4,304.8,/cabinet-inventory/models/oppein-ply-bss-w2436.glb,https://www.oppeincabinetry.ca/shop/ply-bss-w2436-wall-cabinet-2-door-15782,
oppein-ply-bss-w2442,OPPEIN,PLY-BSS-W2442,Wall Cabinet 2 Door,Blue Single Shaker,Plywood,model_ready,609.6,1066.8,304.8,/cabinet-inventory/models/oppein-ply-bss-w2442.glb,https://www.oppeincabinetry.ca/shop/ply-bss-w2442-wall-cabinet-2-door-15783,
oppein-ply-bss-w2730,OPPEIN,PLY-BSS-W2730,Wall Cabinet 2 Door,Blue Single Shaker,Plywood,model_ready,685.8,762.0,304.8,/cabinet-inventory/models/oppein-ply-bss-w2730.glb,https://www.oppeincabinetry.ca/shop/ply-bss-w2730-wall-cabinet-2-door-15786,
oppein-ply-bss-w2736,OPPEIN,PLY-BSS-W2736,Wall Cabinet 2 Door,Blue Single Shaker,Plywood,model_ready,685.8,914.4,304.8,/cabinet-inventory/models/oppein-ply-bss-w2736.glb,https://www.oppeincabinetry.ca/shop/ply-bss-w2736-wall-cabinet-2-door-15787,
oppein-ply-bss-w2742,OPPEIN,PLY-BSS-W2742,Wall Cabinet 2 Door,Blue Single Shaker,Plywood,model_ready,685.8,1066.8,304.8,/cabinet-inventory/models/oppein-ply-bss-w2742.glb,https://www.oppeincabinetry.ca/shop/ply-bss-w2742-wall-cabinet-2-door-15788,
oppein-ply-bss-w3030,OPPEIN,PLY-BSS-W3030,Wall Cabinet 2 Door,Blue Single Shaker,Plywood,model_ready,762.0,762.0,304.8,/cabinet-inventory/models/oppein-ply-bss-w3030.glb,https://www.oppeincabinetry.ca/shop/ply-bss-w3030-wall-cabinet-2-door-15796,
oppein-ply-bss-w3036,OPPEIN,PLY-BSS-W3036,Wall Cabinet 2 Door,Blue Single Shaker,Plywood,model_ready,838.2,914.4,304.8,/cabinet-inventory/models/oppein-ply-bss-w3036.glb,https://www.oppeincabinetry.ca/shop/ply-bss-w3036-wall-cabinet-2-door-15797,
oppein-ply-bss-w3042,OPPEIN,PLY-BSS-W3042,Wall Cabinet 2 Door,Blue Single Shaker,Plywood,model_ready,762.0,1066.8,304.8,/cabinet-inventory/models/oppein-ply-bss-w3042.glb,https://www.oppeincabinetry.ca/shop/ply-bss-w3042-wall-cabinet-2-door-15798,
oppein-ply-bss-w3330,OPPEIN,PLY-BSS-W3330,Wall Cabinet 2 Door,Blue Single Shaker,Plywood,model_ready,838.2,762.0,304.8,/cabinet-inventory/models/oppein-ply-bss-w3330.glb,https://www.oppeincabinetry.ca/shop/ply-bss-w3330-wall-cabinet-2-door-15807,
oppein-ply-bss-w3336,OPPEIN,PLY-BSS-W3336,Wall Cabinet 2 Door,Blue Single Shaker,Plywood,model_ready,838.2,914.4,304.8,/cabinet-inventory/models/oppein-ply-bss-w3336.glb,https://www.oppeincabinetry.ca/shop/ply-bss-w3336-wall-cabinet-2-door-15809,
oppein-ply-bss-w3342,OPPEIN,PLY-BSS-W3342,Wall Cabinet 2 Door,Blue Single Shaker,Plywood,model_ready,838.2,1066.8,304.8,/cabinet-inventory/models/oppein-ply-bss-w3342.glb,https://www.oppeincabinetry.ca/shop/ply-bss-w3342-wall-cabinet-2-door-15810,
oppein-ply-bss-w3630,OPPEIN,PLY-BSS-W3630,Wall Cabinet 2 Door,Blue Single Shaker,Plywood,model_ready,914.4,762.0,304.8,/cabinet-inventory/models/oppein-ply-bss-w3630.glb,https://www.oppeincabinetry.ca/shop/ply-bss-w3630-wall-cabinet-2-door-15820,
oppein-ply-bss-w3636,OPPEIN,PLY-BSS-W3636,Wall Cabinet 2 Door,Blue Single Shaker,Plywood,model_ready,914.4,914.4,304.8,/cabinet-inventory/models/oppein-ply-bss-w3636.glb,https://www.oppeincabinetry.ca/shop/ply-bss-w3636-wall-cabinet-2-door-15821,
oppein-ply-bss-w3642,OPPEIN,PLY-BSS-W3642,Wall Cabinet 2 Door,Blue Single Shaker,Plywood,model_ready,914.4,1066.8,304.8,/cabinet-inventory/models/oppein-ply-bss-w3642.glb,https://www.oppeincabinetry.ca/shop/ply-bss-w3642-wall-cabinet-2-door-15822,
oppein-ply-ssw-w2442,OPPEIN,PLY-SSW-W2442,Wall Cabinet 2 Door,White Slim Shaker,Plywood,model_ready,609.6,1066.8,304.8,/cabinet-inventory/models/oppein-ply-ssw-w2442.glb,https://www.oppeincabinetry.ca/shop/ply-ssw-w2442-wall-cabinet-2-door-12555,
oppein-ply-mnw-w3336,OPPEIN,PLY-MNW-W3336,Wall Cabinet 2 Door,Natural Wood,Plywood,model_ready,838.2,914.4,304.8,/cabinet-inventory/models/oppein-ply-mnw-w3336.glb,https://www.oppeincabinetry.ca/shop/ply-mnw-w3336-wall-cabinet-2-door-13940,
oppein-ply-ssw-w2436,OPPEIN,PLY-SSW-W2436,Wall Cabinet 2 Door,White Slim Shaker,Plywood,model_ready,609.6,914.4,304.8,/cabinet-inventory/models/oppein-ply-ssw-w2436.glb,https://www.oppeincabinetry.ca/shop/ply-ssw-w2436-wall-cabinet-2-door-12554,
oppein-ply-wss-w3342,OPPEIN,PLY-WSS-W3342,Wall Cabinet 2 Door,White Single Shaker,Plywood,model_ready,838.2,1066.8,304.8,/cabinet-library/models/PLY-WSS-W3342.glb,https://www.oppeincabinetry.ca/shop/ply-wss-w3342-wall-cabinet-2-door-10009,
oppein-ply-pgw-w2421,OPPEIN,PLY-PGW-W2421,Wall Cabinet 2 Door,White High Gloss,Plywood,model_ready,609.6,533.4,304.8,/cabinet-inventory/models/oppein-ply-pgw-w2421.glb,https://www.oppeincabinetry.ca/shop/ply-pgw-w2421-wall-cabinet-2-door-16735,
oppein-ply-pgw-w2424,OPPEIN,PLY-PGW-W2424,Wall Cabinet 2 Door,White High Gloss,Plywood,model_ready,609.6,609.6,304.8,/cabinet-inventory/models/oppein-ply-pgw-w2424.glb,https://www.oppeincabinetry.ca/shop/ply-pgw-w2424-wall-cabinet-2-door-16736,
oppein-ply-ssw-w3042,OPPEIN,PLY-SSW-W3042,Wall Cabinet 2 Door,White Slim Shaker,Plywood,model_ready,762.0,1066.8,304.8,/cabinet-inventory/models/oppein-ply-ssw-w3042.glb,https://www.oppeincabinetry.ca/shop/ply-ssw-w3042-wall-cabinet-2-door-12508,
oppein-ply-ssw-w2742,OPPEIN,PLY-SSW-W2742,Wall Cabinet 2 Door,White Slim Shaker,Plywood,model_ready,685.8,1066.8,304.8,/cabinet-inventory/models/oppein-ply-ssw-w2742.glb,https://www.oppeincabinetry.ca/shop/ply-ssw-w2742-wall-cabinet-2-door-12507,
oppein-ply-ssw-w2730,OPPEIN,PLY-SSW-W2730,Wall Cabinet 2 Door,White Slim Shaker,Plywood,model_ready,685.8,762.0,304.8,/cabinet-inventory/models/oppein-ply-ssw-w2730.glb,https://www.oppeincabinetry.ca/shop/ply-ssw-w2730-wall-cabinet-2-door-12503,
oppein-ply-ssw-w2430,OPPEIN,PLY-SSW-W2430,Wall Cabinet 2 Door,White Slim Shaker,Plywood,model_ready,609.6,762.0,304.8,/cabinet-inventory/models/oppein-ply-ssw-w2430.glb,https://www.oppeincabinetry.ca/shop/ply-ssw-w2430-wall-cabinet-2-door-12496,
oppein-ply-ssw-w3330,OPPEIN,PLY-SSW-W3330,Wall Cabinet 2 Door,White Slim Shaker,Plywood,model_ready,838.2,762.0,304.8,/cabinet-inventory/models/oppein-ply-ssw-w3330.glb,https://www.oppeincabinetry.ca/shop/ply-ssw-w3330-wall-cabinet-2-door-12488,
oppein-pb-bss-w2430,OPPEIN,PB-BSS-W2430,Wall Cabinet 2 Door,Blue Single Shaker,Particle board,model_ready,609.6,762.0,304.8,/cabinet-inventory/models/oppein-pb-bss-w2430.glb,https://www.oppeincabinetry.ca/shop/pb-bss-w2430-wall-cabinet-2-door-17736,
oppein-pb-bss-w2436,OPPEIN,PB-BSS-W2436,Wall Cabinet 2 Door,Blue Single Shaker,Particle board,model_ready,609.6,914.4,304.8,/cabinet-inventory/models/oppein-pb-bss-w2436.glb,https://www.oppeincabinetry.ca/shop/pb-bss-w2436-wall-cabinet-2-door-17737,
oppein-pb-bss-w2442,OPPEIN,PB-BSS-W2442,Wall Cabinet 2 Door,Blue Single Shaker,Particle board,model_ready,609.6,1066.8,304.8,/cabinet-inventory/models/oppein-pb-bss-w2442.glb,https://www.oppeincabinetry.ca/shop/pb-bss-w2442-wall-cabinet-2-door-17738,
oppein-pb-bss-w2730,OPPEIN,PB-BSS-W2730,Wall Cabinet 2 Door,Blue Single Shaker,Particle board,model_ready,685.8,762.0,304.8,/cabinet-inventory/models/oppein-pb-bss-w2730.glb,https://www.oppeincabinetry.ca/shop/pb-bss-w2730-wall-cabinet-2-door-17740,
oppein-pb-bss-w2736,OPPEIN,PB-BSS-W2736,Wall Cabinet 2 Door,Blue Single Shaker,Particle board,model_ready,685.8,914.4,304.8,/cabinet-inventory/models/oppein-pb-bss-w2736.glb,https://www.oppeincabinetry.ca/shop/pb-bss-w2736-wall-cabinet-2-door-17741,
oppein-pb-bss-w2742,OPPEIN,PB-BSS-W2742,Wall Cabinet 2 Door,Blue Single Shaker,Particle board,model_ready,685.8,1066.8,304.8,/cabinet-inventory/models/oppein-pb-bss-w2742.glb,https://www.oppeincabinetry.ca/shop/pb-bss-w2742-wall-cabinet-2-door-17742,
oppein-pb-bss-w3030,OPPEIN,PB-BSS-W3030,Wall Cabinet 2 Door,Blue Single Shaker,Particle board,model_ready,762.0,762.0,304.8,/cabinet-inventory/models/oppein-pb-bss-w3030.glb,https://www.oppeincabinetry.ca/shop/pb-bss-w3030-wall-cabinet-2-door-17753,
oppein-pb-bss-w3036,OPPEIN,PB-BSS-W3036,Wall Cabinet 2 Door,Blue Single Shaker,Particle board,model_ready,838.2,914.4,304.8,/cabinet-inventory/models/oppein-pb-bss-w3036.glb,https://www.oppeincabinetry.ca/shop/pb-bss-w3036-wall-cabinet-2-door-17754,
oppein-pb-bss-w3042,OPPEIN,PB-BSS-W3042,Wall Cabinet 2 Door,Blue Single Shaker,Particle board,model_ready,762.0,1066.8,304.8,/cabinet-inventory/models/oppein-pb-bss-w3042.glb,https://www.oppeincabinetry.ca/shop/pb-bss-w3042-wall-cabinet-2-door-17755,
oppein-pb-bss-w3330,OPPEIN,PB-BSS-W3330,Wall Cabinet 2 Door,Blue Single Shaker,Particle board,model_ready,838.2,762.0,304.8,/cabinet-inventory/models/oppein-pb-bss-w3330.glb,https://www.oppeincabinetry.ca/shop/pb-bss-w3330-wall-cabinet-2-door-17766,
oppein-pb-bss-w3336,OPPEIN,PB-BSS-W3336,Wall Cabinet 2 Door,Blue Single Shaker,Particle board,model_ready,838.2,914.4,304.8,/cabinet-inventory/models/oppein-pb-bss-w3336.glb,https://www.oppeincabinetry.ca/shop/pb-bss-w3336-wall-cabinet-2-door-17767,
oppein-pb-bss-w3342,OPPEIN,PB-BSS-W3342,Wall Cabinet 2 Door,Blue Single Shaker,Particle board,model_ready,838.2,1066.8,304.8,/cabinet-inventory/models/oppein-pb-bss-w3342.glb,https://www.oppeincabinetry.ca/shop/pb-bss-w3342-wall-cabinet-2-door-17768,
oppein-pb-bss-w3630,OPPEIN,PB-BSS-W3630,Wall Cabinet 2 Door,Blue Single Shaker,Particle board,model_ready,914.4,762.0,304.8,/cabinet-inventory/models/oppein-pb-bss-w3630.glb,https://www.oppeincabinetry.ca/shop/pb-bss-w3630-wall-cabinet-2-door-17779,
oppein-pb-bss-w3636,OPPEIN,PB-BSS-W3636,Wall Cabinet 2 Door,Blue Single Shaker,Particle board,model_ready,914.4,914.4,304.8,/cabinet-inventory/models/oppein-pb-bss-w3636.glb,https://www.oppeincabinetry.ca/shop/pb-bss-w3636-wall-cabinet-2-door-17780,
oppein-pb-bss-w3642,OPPEIN,PB-BSS-W3642,Wall Cabinet 2 Door,Blue Single Shaker,Particle board,model_ready,914.4,1066.8,304.8,/cabinet-inventory/models/oppein-pb-bss-w3642.glb,https://www.oppeincabinetry.ca/shop/pb-bss-w3642-wall-cabinet-2-door-17781,
oppein-ply-ssw-w3336,OPPEIN,PLY-SSW-W3336,Wall Cabinet 2 Door,White Slim Shaker,Plywood,model_ready,838.2,914.4,304.8,/cabinet-inventory/models/oppein-ply-ssw-w3336.glb,https://www.oppeincabinetry.ca/shop/ply-ssw-w3336-wall-cabinet-2-door-12479,
oppein-pb-wss-w2430,OPPEIN,PB-WSS-W2430,Wall Cabinet 2 Door,White Single Shaker,Particle board,model_ready,609.6,762.0,304.8,/cabinet-inventory/models/oppein-pb-wss-w2430.glb,https://www.oppeincabinetry.ca/shop/pb-wss-w2430-wall-cabinet-2-door-17872,
oppein-pb-wss-w2436,OPPEIN,PB-WSS-W2436,Wall Cabinet 2 Door,White Single Shaker,Particle board,model_ready,609.6,914.4,304.8,/cabinet-inventory/models/oppein-pb-wss-w2436.glb,https://www.oppeincabinetry.ca/shop/pb-wss-w2436-wall-cabinet-2-door-17873,
oppein-pb-wss-w2442,OPPEIN,PB-WSS-W2442,Wall Cabinet 2 Door,White Single Shaker,Particle board,model_ready,609.6,1066.8,304.8,/cabinet-inventory/models/oppein-pb-wss-w2442.glb,https://www.oppeincabinetry.ca/shop/pb-wss-w2442-wall-cabinet-2-door-17874,
oppein-pb-wss-w2730,OPPEIN,PB-WSS-W2730,Wall Cabinet 2 Door,White Single Shaker,Particle board,model_ready,685.8,762.0,304.8,/cabinet-inventory/models/oppein-pb-wss-w2730.glb,https://www.oppeincabinetry.ca/shop/pb-wss-w2730-wall-cabinet-2-door-17876,
oppein-pb-wss-w2736,OPPEIN,PB-WSS-W2736,Wall Cabinet 2 Door,White Single Shaker,Particle board,model_ready,685.8,914.4,304.8,/cabinet-inventory/models/oppein-pb-wss-w2736.glb,https://www.oppeincabinetry.ca/shop/pb-wss-w2736-wall-cabinet-2-door-17877,
oppein-pb-wss-w2742,OPPEIN,PB-WSS-W2742,Wall Cabinet 2 Door,White Single Shaker,Particle board,model_ready,685.8,1066.8,304.8,/cabinet-inventory/models/oppein-pb-wss-w2742.glb,https://www.oppeincabinetry.ca/shop/pb-wss-w2742-wall-cabinet-2-door-17878,
oppein-pb-wss-w3030,OPPEIN,PB-WSS-W3030,Wall Cabinet 2 Door,White Single Shaker,Particle board,model_ready,762.0,762.0,304.8,/cabinet-inventory/models/oppein-pb-wss-w3030.glb,https://www.oppeincabinetry.ca/shop/pb-wss-w3030-wall-cabinet-2-door-17889,
oppein-pb-wss-w3036,OPPEIN,PB-WSS-W3036,Wall Cabinet 2 Door,White Single Shaker,Particle board,model_ready,838.2,914.4,304.8,/cabinet-inventory/models/oppein-pb-wss-w3036.glb,https://www.oppeincabinetry.ca/shop/pb-wss-w3036-wall-cabinet-2-door-17890,
oppein-pb-wss-w3042,OPPEIN,PB-WSS-W3042,Wall Cabinet 2 Door,White Single Shaker,Particle board,model_ready,762.0,1066.8,304.8,/cabinet-inventory/models/oppein-pb-wss-w3042.glb,https://www.oppeincabinetry.ca/shop/pb-wss-w3042-wall-cabinet-2-door-17891,
oppein-pb-wss-w3330,OPPEIN,PB-WSS-W3330,Wall Cabinet 2 Door,White Single Shaker,Particle board,model_ready,838.2,762.0,304.8,/cabinet-inventory/models/oppein-pb-wss-w3330.glb,https://www.oppeincabinetry.ca/shop/pb-wss-w3330-wall-cabinet-2-door-17902,
oppein-pb-wss-w3336,OPPEIN,PB-WSS-W3336,Wall Cabinet 2 Door,White Single Shaker,Particle board,model_ready,838.2,914.4,304.8,/cabinet-inventory/models/oppein-pb-wss-w3336.glb,https://www.oppeincabinetry.ca/shop/pb-wss-w3336-wall-cabinet-2-door-17903,
oppein-pb-wss-w3342,OPPEIN,PB-WSS-W3342,Wall Cabinet 2 Door,White Single Shaker,Particle board,model_ready,838.2,1066.8,304.8,/cabinet-inventory/models/oppein-pb-wss-w3342.glb,https://www.oppeincabinetry.ca/shop/pb-wss-w3342-wall-cabinet-2-door-17904,
oppein-pb-wss-w3630,OPPEIN,PB-WSS-W3630,Wall Cabinet 2 Door,White Single Shaker,Particle board,model_ready,914.4,762.0,304.8,/cabinet-inventory/models/oppein-pb-wss-w3630.glb,https://www.oppeincabinetry.ca/shop/pb-wss-w3630-wall-cabinet-2-door-17915,
oppein-pb-wss-w3636,OPPEIN,PB-WSS-W3636,Wall Cabinet 2 Door,White Single Shaker,Particle board,model_ready,914.4,914.4,304.8,/cabinet-inventory/models/oppein-pb-wss-w3636.glb,https://www.oppeincabinetry.ca/shop/pb-wss-w3636-wall-cabinet-2-door-17916,
oppein-pb-wss-w3642,OPPEIN,PB-WSS-W3642,Wall Cabinet 2 Door,White Single Shaker,Particle board,model_ready,914.4,1066.8,304.8,/cabinet-inventory/models/oppein-pb-wss-w3642.glb,https://www.oppeincabinetry.ca/shop/pb-wss-w3642-wall-cabinet-2-door-17917,
oppein-ply-gss-w3636,OPPEIN,PLY-GSS-W3636,Wall Cabinet 2 Door,Gray Single Shaker,Plywood,model_ready,914.4,914.4,304.8,/cabinet-inventory/models/oppein-ply-gss-w3636.glb,https://www.oppeincabinetry.ca/shop/ply-gss-w3636-wall-cabinet-2-door-12174,
oppein-ply-gss-w3342,OPPEIN,PLY-GSS-W3342,Wall Cabinet 2 Door,Gray Single Shaker,Plywood,model_ready,838.2,1066.8,304.8,/cabinet-inventory/models/oppein-ply-gss-w3342.glb,https://www.oppeincabinetry.ca/shop/ply-gss-w3342-wall-cabinet-2-door-12173,
oppein-ply-gss-w3630,OPPEIN,PLY-GSS-W3630,Wall Cabinet 2 Door,Gray Single Shaker,Plywood,model_ready,914.4,762.0,304.8,/cabinet-inventory/models/oppein-ply-gss-w3630.glb,https://www.oppeincabinetry.ca/shop/ply-gss-w3630-wall-cabinet-2-door-12172,
oppein-ply-gss-w3330,OPPEIN,PLY-GSS-W3330,Wall Cabinet 2 Door,Gray Single Shaker,Plywood,model_ready,838.2,762.0,304.8,/cabinet-inventory/models/oppein-ply-gss-w3330.glb,https://www.oppeincabinetry.ca/shop/ply-gss-w3330-wall-cabinet-2-door-12171,
oppein-ply-gss-w3036,OPPEIN,PLY-GSS-W3036,Wall Cabinet 2 Door,Gray Single Shaker,Plywood,model_ready,838.2,914.4,304.8,/cabinet-inventory/models/oppein-ply-gss-w3036.glb,https://www.oppeincabinetry.ca/shop/ply-gss-w3036-wall-cabinet-2-door-12165,
oppein-ply-gss-w3030,OPPEIN,PLY-GSS-W3030,Wall Cabinet 2 Door,Gray Single Shaker,Plywood,model_ready,762.0,762.0,304.8,/cabinet-inventory/models/oppein-ply-gss-w3030.glb,https://www.oppeincabinetry.ca/shop/ply-gss-w3030-wall-cabinet-2-door-12164,
oppein-ply-gss-w3642,OPPEIN,PLY-GSS-W3642,Wall Cabinet 2 Door,Gray Single Shaker,Plywood,model_ready,914.4,1066.8,304.8,/cabinet-inventory/models/oppein-ply-gss-w3642.glb,https://www.oppeincabinetry.ca/shop/ply-gss-w3642-wall-cabinet-2-door-12157,
oppein-pb-gss-w2730,OPPEIN,PB-GSS-W2730,Wall Cabinet 2 Door,Gray Single Shaker,Particle board,model_ready,685.8,762.0,304.8,/cabinet-inventory/models/oppein-pb-gss-w2730.glb,https://www.oppeincabinetry.ca/shop/pb-gss-w2730-wall-cabinet-2-door-18012,
oppein-pb-gss-w2736,OPPEIN,PB-GSS-W2736,Wall Cabinet 2 Door,Gray Single Shaker,Particle board,model_ready,685.8,914.4,304.8,/cabinet-inventory/models/oppein-pb-gss-w2736.glb,https://www.oppeincabinetry.ca/shop/pb-gss-w2736-wall-cabinet-2-door-18013,
oppein-pb-gss-w2742,OPPEIN,PB-GSS-W2742,Wall Cabinet 2 Door,Gray Single Shaker,Particle board,model_ready,685.8,1066.8,304.8,/cabinet-inventory/models/oppein-pb-gss-w2742.glb,https://www.oppeincabinetry.ca/shop/pb-gss-w2742-wall-cabinet-2-door-18014,
oppein-pb-gss-w3030,OPPEIN,PB-GSS-W3030,Wall Cabinet 2 Door,Gray Single Shaker,Particle board,model_ready,762.0,762.0,304.8,/cabinet-inventory/models/oppein-pb-gss-w3030.glb,https://www.oppeincabinetry.ca/shop/pb-gss-w3030-wall-cabinet-2-door-18025,
oppein-pb-gss-w3036,OPPEIN,PB-GSS-W3036,Wall Cabinet 2 Door,Gray Single Shaker,Particle board,model_ready,838.2,914.4,304.8,/cabinet-inventory/models/oppein-pb-gss-w3036.glb,https://www.oppeincabinetry.ca/shop/pb-gss-w3036-wall-cabinet-2-door-18026,
oppein-pb-gss-w3042,OPPEIN,PB-GSS-W3042,Wall Cabinet 2 Door,Gray Single Shaker,Particle board,model_ready,762.0,1066.8,304.8,/cabinet-inventory/models/oppein-pb-gss-w3042.glb,https://www.oppeincabinetry.ca/shop/pb-gss-w3042-wall-cabinet-2-door-18027,
oppein-pb-gss-w3330,OPPEIN,PB-GSS-W3330,Wall Cabinet 2 Door,Gray Single Shaker,Particle board,model_ready,838.2,762.0,304.8,/cabinet-inventory/models/oppein-pb-gss-w3330.glb,https://www.oppeincabinetry.ca/shop/pb-gss-w3330-wall-cabinet-2-door-18038,
oppein-pb-gss-w3336,OPPEIN,PB-GSS-W3336,Wall Cabinet 2 Door,Gray Single Shaker,Particle board,model_ready,838.2,914.4,304.8,/cabinet-inventory/models/oppein-pb-gss-w3336.glb,https://www.oppeincabinetry.ca/shop/pb-gss-w3336-wall-cabinet-2-door-18039,
oppein-pb-gss-w3342,OPPEIN,PB-GSS-W3342,Wall Cabinet 2 Door,Gray Single Shaker,Particle board,model_ready,838.2,1066.8,304.8,/cabinet-inventory/models/oppein-pb-gss-w3342.glb,https://www.oppeincabinetry.ca/shop/pb-gss-w3342-wall-cabinet-2-door-18040,
oppein-pb-gss-w3630,OPPEIN,PB-GSS-W3630,Wall Cabinet 2 Door,Gray Single Shaker,Particle board,model_ready,914.4,762.0,304.8,/cabinet-inventory/models/oppein-pb-gss-w3630.glb,https://www.oppeincabinetry.ca/shop/pb-gss-w3630-wall-cabinet-2-door-18051,
oppein-pb-gss-w3636,OPPEIN,PB-GSS-W3636,Wall Cabinet 2 Door,Gray Single Shaker,Particle board,model_ready,914.4,914.4,304.8,/cabinet-inventory/models/oppein-pb-gss-w3636.glb,https://www.oppeincabinetry.ca/shop/pb-gss-w3636-wall-cabinet-2-door-18052,
oppein-pb-gss-w3642,OPPEIN,PB-GSS-W3642,Wall Cabinet 2 Door,Gray Single Shaker,Particle board,model_ready,914.4,1066.8,304.8,/cabinet-inventory/models/oppein-pb-gss-w3642.glb,https://www.oppeincabinetry.ca/shop/pb-gss-w3642-wall-cabinet-2-door-18053,
oppein-ply-gss-w3042,OPPEIN,PLY-GSS-W3042,Wall Cabinet 2 Door,Gray Single Shaker,Plywood,model_ready,762.0,1066.8,304.8,/cabinet-inventory/models/oppein-ply-gss-w3042.glb,https://www.oppeincabinetry.ca/shop/ply-gss-w3042-wall-cabinet-2-door-12154,
oppein-ply-mnw-w3030,OPPEIN,PLY-MNW-W3030,Wall Cabinet 2 Door,Natural Wood,Plywood,model_ready,762.0,762.0,304.8,/cabinet-inventory/models/oppein-ply-mnw-w3030.glb,https://www.oppeincabinetry.ca/shop/ply-mnw-w3030-wall-cabinet-2-door-11414,
oppein-ply-wss-w3042,OPPEIN,PLY-WSS-W3042,Wall Cabinet 2 Door,White Single Shaker,Plywood,model_ready,762.0,1066.8,304.8,/cabinet-library/models/PLY-WSS-W3042.glb,https://www.oppeincabinetry.ca/shop/ply-wss-w3042-wall-cabinet-2-door-11404,
oppein-ply-wss-w2742,OPPEIN,PLY-WSS-W2742,Wall Cabinet 2 Door,White Single Shaker,Plywood,model_ready,685.8,1066.8,304.8,/cabinet-library/models/PLY-WSS-W2742.glb,https://www.oppeincabinetry.ca/shop/ply-wss-w2742-wall-cabinet-2-door-11403,
oppein-ply-wss-w2730,OPPEIN,PLY-WSS-W2730,Wall Cabinet 2 Door,White Single Shaker,Plywood,model_ready,685.8,762.0,304.8,/cabinet-library/models/PLY-WSS-W2730.glb,https://www.oppeincabinetry.ca/shop/ply-wss-w2730-wall-cabinet-2-door-11399,
oppein-ply-wss-w2430,OPPEIN,PLY-WSS-W2430,Wall Cabinet 2 Door,White Single Shaker,Plywood,model_ready,609.6,762.0,304.8,/cabinet-library/models/PLY-WSS-W2430.glb,https://www.oppeincabinetry.ca/shop/ply-wss-w2430-wall-cabinet-2-door-11392,
oppein-ply-wss-w3330,OPPEIN,PLY-WSS-W3330,Wall Cabinet 2 Door,White Single Shaker,Plywood,model_ready,838.2,762.0,304.8,/cabinet-library/models/PLY-WSS-W3330.glb,https://www.oppeincabinetry.ca/shop/ply-wss-w3330-wall-cabinet-2-door-11381,
oppein-pb-pgw-w2430,OPPEIN,PB-PGW-W2430,Wall Cabinet 2 Door,White High Gloss,Particle board,model_ready,609.6,762.0,304.8,/cabinet-inventory/models/oppein-pb-pgw-w2430.glb,https://www.oppeincabinetry.ca/shop/pb-pgw-w2430-wall-cabinet-2-door-18144,
oppein-pb-pgw-w2436,OPPEIN,PB-PGW-W2436,Wall Cabinet 2 Door,White High Gloss,Particle board,model_ready,609.6,914.4,304.8,/cabinet-inventory/models/oppein-pb-pgw-w2436.glb,https://www.oppeincabinetry.ca/shop/pb-pgw-w2436-wall-cabinet-2-door-18145,
oppein-pb-pgw-w2442,OPPEIN,PB-PGW-W2442,Wall Cabinet 2 Door,White High Gloss,Particle board,model_ready,609.6,1066.8,304.8,/cabinet-inventory/models/oppein-pb-pgw-w2442.glb,https://www.oppeincabinetry.ca/shop/pb-pgw-w2442-wall-cabinet-2-door-18146,
oppein-pb-pgw-w2730,OPPEIN,PB-PGW-W2730,Wall Cabinet 2 Door,White High Gloss,Particle board,model_ready,685.8,762.0,304.8,/cabinet-inventory/models/oppein-pb-pgw-w2730.glb,https://www.oppeincabinetry.ca/shop/pb-pgw-w2730-wall-cabinet-2-door-18148,
oppein-pb-pgw-w2736,OPPEIN,PB-PGW-W2736,Wall Cabinet 2 Door,White High Gloss,Particle board,model_ready,685.8,914.4,304.8,/cabinet-inventory/models/oppein-pb-pgw-w2736.glb,https://www.oppeincabinetry.ca/shop/pb-pgw-w2736-wall-cabinet-2-door-18149,
oppein-pb-pgw-w2742,OPPEIN,PB-PGW-W2742,Wall Cabinet 2 Door,White High Gloss,Particle board,model_ready,685.8,1066.8,304.8,/cabinet-inventory/models/oppein-pb-pgw-w2742.glb,https://www.oppeincabinetry.ca/shop/pb-pgw-w2742-wall-cabinet-2-door-18150,
oppein-pb-pgw-w3030,OPPEIN,PB-PGW-W3030,Wall Cabinet 2 Door,White High Gloss,Particle board,model_ready,762.0,762.0,304.8,/cabinet-inventory/models/oppein-pb-pgw-w3030.glb,https://www.oppeincabinetry.ca/shop/pb-pgw-w3030-wall-cabinet-2-door-18161,
oppein-pb-pgw-w3036,OPPEIN,PB-PGW-W3036,Wall Cabinet 2 Door,White High Gloss,Particle board,model_ready,838.2,914.4,304.8,/cabinet-inventory/models/oppein-pb-pgw-w3036.glb,https://www.oppeincabinetry.ca/shop/pb-pgw-w3036-wall-cabinet-2-door-18162,
oppein-pb-pgw-w3042,OPPEIN,PB-PGW-W3042,Wall Cabinet 2 Door,White High Gloss,Particle board,model_ready,762.0,1066.8,304.8,/cabinet-inventory/models/oppein-pb-pgw-w3042.glb,https://www.oppeincabinetry.ca/shop/pb-pgw-w3042-wall-cabinet-2-door-18163,
oppein-pb-pgw-w3330,OPPEIN,PB-PGW-W3330,Wall Cabinet 2 Door,White High Gloss,Particle board,model_ready,838.2,762.0,304.8,/cabinet-inventory/models/oppein-pb-pgw-w3330.glb,https://www.oppeincabinetry.ca/shop/pb-pgw-w3330-wall-cabinet-2-door-18174,
oppein-pb-pgw-w3336,OPPEIN,PB-PGW-W3336,Wall Cabinet 2 Door,White High Gloss,Particle board,model_ready,838.2,914.4,304.8,/cabinet-inventory/models/oppein-pb-pgw-w3336.glb,https://www.oppeincabinetry.ca/shop/pb-pgw-w3336-wall-cabinet-2-door-18175,
oppein-pb-pgw-w3342,OPPEIN,PB-PGW-W3342,Wall Cabinet 2 Door,White High Gloss,Particle board,model_ready,838.2,1066.8,304.8,/cabinet-inventory/models/oppein-pb-pgw-w3342.glb,https://www.oppeincabinetry.ca/shop/pb-pgw-w3342-wall-cabinet-2-door-18176,
oppein-pb-pgw-w3630,OPPEIN,PB-PGW-W3630,Wall Cabinet 2 Door,White High Gloss,Particle board,model_ready,914.4,762.0,304.8,/cabinet-inventory/models/oppein-pb-pgw-w3630.glb,https://www.oppeincabinetry.ca/shop/pb-pgw-w3630-wall-cabinet-2-door-18187,
oppein-pb-pgw-w3636,OPPEIN,PB-PGW-W3636,Wall Cabinet 2 Door,White High Gloss,Particle board,model_ready,914.4,914.4,304.8,/cabinet-inventory/models/oppein-pb-pgw-w3636.glb,https://www.oppeincabinetry.ca/shop/pb-pgw-w3636-wall-cabinet-2-door-18188,
oppein-pb-pgw-w3642,OPPEIN,PB-PGW-W3642,Wall Cabinet 2 Door,White High Gloss,Particle board,model_ready,914.4,1066.8,304.8,/cabinet-inventory/models/oppein-pb-pgw-w3642.glb,https://www.oppeincabinetry.ca/shop/pb-pgw-w3642-wall-cabinet-2-door-18189,
oppein-ply-wss-w3336,OPPEIN,PLY-WSS-W3336,Wall Cabinet 2 Door,White Single Shaker,Plywood,model_ready,838.2,914.4,304.8,/cabinet-library/models/PLY-WSS-W3336.glb,https://www.oppeincabinetry.ca/shop/ply-wss-w3336-wall-cabinet-2-door-11370,
oppein-pb-mnw-w2430,OPPEIN,PB-MNW-W2430,Wall Cabinet 2 Door,Natural Wood,Particle board,model_ready,609.6,762.0,304.8,/cabinet-inventory/models/oppein-pb-mnw-w2430.glb,https://www.oppeincabinetry.ca/shop/pb-mnw-w2430-wall-cabinet-2-door-18691,
oppein-pb-mnw-w2436,OPPEIN,PB-MNW-W2436,Wall Cabinet 2 Door,Natural Wood,Particle board,model_ready,609.6,914.4,304.8,/cabinet-inventory/models/oppein-pb-mnw-w2436.glb,https://www.oppeincabinetry.ca/shop/pb-mnw-w2436-wall-cabinet-2-door-18692,
oppein-pb-mnw-w2442,OPPEIN,PB-MNW-W2442,Wall Cabinet 2 Door,Natural Wood,Particle board,model_ready,609.6,1066.8,304.8,/cabinet-inventory/models/oppein-pb-mnw-w2442.glb,https://www.oppeincabinetry.ca/shop/pb-mnw-w2442-wall-cabinet-2-door-18693,
oppein-pb-mnw-w2730,OPPEIN,PB-MNW-W2730,Wall Cabinet 2 Door,Natural Wood,Particle board,model_ready,685.8,762.0,304.8,/cabinet-inventory/models/oppein-pb-mnw-w2730.glb,https://www.oppeincabinetry.ca/shop/pb-mnw-w2730-wall-cabinet-2-door-18695,
oppein-pb-mnw-w2736,OPPEIN,PB-MNW-W2736,Wall Cabinet 2 Door,Natural Wood,Particle board,model_ready,685.8,914.4,304.8,/cabinet-inventory/models/oppein-pb-mnw-w2736.glb,https://www.oppeincabinetry.ca/shop/pb-mnw-w2736-wall-cabinet-2-door-18696,
oppein-pb-mnw-w2742,OPPEIN,PB-MNW-W2742,Wall Cabinet 2 Door,Natural Wood,Particle board,model_ready,685.8,1066.8,304.8,/cabinet-inventory/models/oppein-pb-mnw-w2742.glb,https://www.oppeincabinetry.ca/shop/pb-mnw-w2742-wall-cabinet-2-door-18697,
oppein-pb-mnw-w3030,OPPEIN,PB-MNW-W3030,Wall Cabinet 2 Door,Natural Wood,Particle board,model_ready,762.0,762.0,304.8,/cabinet-inventory/models/oppein-pb-mnw-w3030.glb,https://www.oppeincabinetry.ca/shop/pb-mnw-w3030-wall-cabinet-2-door-18708,
oppein-pb-mnw-w3036,OPPEIN,PB-MNW-W3036,Wall Cabinet 2 Door,Natural Wood,Particle board,model_ready,838.2,914.4,304.8,/cabinet-inventory/models/oppein-pb-mnw-w3036.glb,https://www.oppeincabinetry.ca/shop/pb-mnw-w3036-wall-cabinet-2-door-18709,
oppein-pb-mnw-w3042,OPPEIN,PB-MNW-W3042,Wall Cabinet 2 Door,Natural Wood,Particle board,model_ready,762.0,1066.8,304.8,/cabinet-inventory/models/oppein-pb-mnw-w3042.glb,https://www.oppeincabinetry.ca/shop/pb-mnw-w3042-wall-cabinet-2-door-18710,
oppein-pb-mnw-w3330,OPPEIN,PB-MNW-W3330,Wall Cabinet 2 Door,Natural Wood,Particle board,model_ready,838.2,762.0,304.8,/cabinet-inventory/models/oppein-pb-mnw-w3330.glb,https://www.oppeincabinetry.ca/shop/pb-mnw-w3330-wall-cabinet-2-door-18721,
oppein-pb-mnw-w3336,OPPEIN,PB-MNW-W3336,Wall Cabinet 2 Door,Natural Wood,Particle board,model_ready,838.2,914.4,304.8,/cabinet-inventory/models/oppein-pb-mnw-w3336.glb,https://www.oppeincabinetry.ca/shop/pb-mnw-w3336-wall-cabinet-2-door-18722,
oppein-pb-mnw-w3342,OPPEIN,PB-MNW-W3342,Wall Cabinet 2 Door,Natural Wood,Particle board,model_ready,838.2,1066.8,304.8,/cabinet-inventory/models/oppein-pb-mnw-w3342.glb,https://www.oppeincabinetry.ca/shop/pb-mnw-w3342-wall-cabinet-2-door-18723,
oppein-pb-mnw-w3630,OPPEIN,PB-MNW-W3630,Wall Cabinet 2 Door,Natural Wood,Particle board,model_ready,914.4,762.0,304.8,/cabinet-inventory/models/oppein-pb-mnw-w3630.glb,https://www.oppeincabinetry.ca/shop/pb-mnw-w3630-wall-cabinet-2-door-18734,
oppein-pb-mnw-w3636,OPPEIN,PB-MNW-W3636,Wall Cabinet 2 Door,Natural Wood,Particle board,model_ready,914.4,914.4,304.8,/cabinet-inventory/models/oppein-pb-mnw-w3636.glb,https://www.oppeincabinetry.ca/shop/pb-mnw-w3636-wall-cabinet-2-door-18735,
oppein-pb-mnw-w3642,OPPEIN,PB-MNW-W3642,Wall Cabinet 2 Door,Natural Wood,Particle board,model_ready,914.4,1066.8,304.8,/cabinet-inventory/models/oppein-pb-mnw-w3642.glb,https://www.oppeincabinetry.ca/shop/pb-mnw-w3642-wall-cabinet-2-door-18736,
oppein-pb-mso-w2430,OPPEIN,PB-MSO-W2430,Wall Cabinet 2 Door,Smoked Oak,Particle board,model_ready,609.6,762.0,304.8,/cabinet-inventory/models/oppein-pb-mso-w2430.glb,https://www.oppeincabinetry.ca/shop/pb-mso-w2430-wall-cabinet-2-door-18827,
oppein-ply-wss-w3642,OPPEIN,PLY-WSS-W3642,Wall Cabinet 2 Door,White Single Shaker,Plywood,model_ready,914.4,1066.8,304.8,/cabinet-library/models/PLY-WSS-W3642.glb,https://www.oppeincabinetry.ca/shop/ply-wss-w3642-wall-cabinet-2-door-9997,
oppein-pb-ssw-w2430,OPPEIN,PB-SSW-W2430,Wall Cabinet 2 Door,White Slim Shaker,Particle board,model_ready,609.6,762.0,304.8,/cabinet-inventory/models/oppein-pb-ssw-w2430.glb,https://www.oppeincabinetry.ca/shop/pb-ssw-w2430-wall-cabinet-2-door-18963,
oppein-pb-ssw-w2436,OPPEIN,PB-SSW-W2436,Wall Cabinet 2 Door,White Slim Shaker,Particle board,model_ready,609.6,914.4,304.8,/cabinet-inventory/models/oppein-pb-ssw-w2436.glb,https://www.oppeincabinetry.ca/shop/pb-ssw-w2436-wall-cabinet-2-door-18964,
oppein-pb-ssw-w2442,OPPEIN,PB-SSW-W2442,Wall Cabinet 2 Door,White Slim Shaker,Particle board,model_ready,609.6,1066.8,304.8,/cabinet-inventory/models/oppein-pb-ssw-w2442.glb,https://www.oppeincabinetry.ca/shop/pb-ssw-w2442-wall-cabinet-2-door-18965,
oppein-pb-ssw-w2730,OPPEIN,PB-SSW-W2730,Wall Cabinet 2 Door,White Slim Shaker,Particle board,model_ready,685.8,762.0,304.8,/cabinet-inventory/models/oppein-pb-ssw-w2730.glb,https://www.oppeincabinetry.ca/shop/pb-ssw-w2730-wall-cabinet-2-door-18967,
oppein-pb-ssw-w2736,OPPEIN,PB-SSW-W2736,Wall Cabinet 2 Door,White Slim Shaker,Particle board,model_ready,685.8,914.4,304.8,/cabinet-inventory/models/oppein-pb-ssw-w2736.glb,https://www.oppeincabinetry.ca/shop/pb-ssw-w2736-wall-cabinet-2-door-18968,
oppein-pb-ssw-w2742,OPPEIN,PB-SSW-W2742,Wall Cabinet 2 Door,White Slim Shaker,Particle board,model_ready,685.8,1066.8,304.8,/cabinet-inventory/models/oppein-pb-ssw-w2742.glb,https://www.oppeincabinetry.ca/shop/pb-ssw-w2742-wall-cabinet-2-door-18969,
oppein-pb-ssw-w3030,OPPEIN,PB-SSW-W3030,Wall Cabinet 2 Door,White Slim Shaker,Particle board,model_ready,762.0,762.0,304.8,/cabinet-inventory/models/oppein-pb-ssw-w3030.glb,https://www.oppeincabinetry.ca/shop/pb-ssw-w3030-wall-cabinet-2-door-18980,
oppein-pb-ssw-w3036,OPPEIN,PB-SSW-W3036,Wall Cabinet 2 Door,White Slim Shaker,Particle board,model_ready,838.2,914.4,304.8,/cabinet-inventory/models/oppein-pb-ssw-w3036.glb,https://www.oppeincabinetry.ca/shop/pb-ssw-w3036-wall-cabinet-2-door-18981,
oppein-pb-ssw-w3042,OPPEIN,PB-SSW-W3042,Wall Cabinet 2 Door,White Slim Shaker,Particle board,model_ready,762.0,1066.8,304.8,/cabinet-inventory/models/oppein-pb-ssw-w3042.glb,https://www.oppeincabinetry.ca/shop/pb-ssw-w3042-wall-cabinet-2-door-18982,
oppein-pb-ssw-w3330,OPPEIN,PB-SSW-W3330,Wall Cabinet 2 Door,White Slim Shaker,Particle board,model_ready,838.2,762.0,304.8,/cabinet-inventory/models/oppein-pb-ssw-w3330.glb,https://www.oppeincabinetry.ca/shop/pb-ssw-w3330-wall-cabinet-2-door-18993,
oppein-pb-ssw-w3336,OPPEIN,PB-SSW-W3336,Wall Cabinet 2 Door,White Slim Shaker,Particle board,model_ready,838.2,914.4,304.8,/cabinet-inventory/models/oppein-pb-ssw-w3336.glb,https://www.oppeincabinetry.ca/shop/pb-ssw-w3336-wall-cabinet-2-door-18994,
oppein-pb-ssw-w3342,OPPEIN,PB-SSW-W3342,Wall Cabinet 2 Door,White Slim Shaker,Particle board,model_ready,838.2,1066.8,304.8,/cabinet-inventory/models/oppein-pb-ssw-w3342.glb,https://www.oppeincabinetry.ca/shop/pb-ssw-w3342-wall-cabinet-2-door-18995,
oppein-pb-ssw-w3630,OPPEIN,PB-SSW-W3630,Wall Cabinet 2 Door,White Slim Shaker,Particle board,model_ready,914.4,762.0,304.8,/cabinet-inventory/models/oppein-pb-ssw-w3630.glb,https://www.oppeincabinetry.ca/shop/pb-ssw-w3630-wall-cabinet-2-door-19006,
oppein-pb-ssw-w3636,OPPEIN,PB-SSW-W3636,Wall Cabinet 2 Door,White Slim Shaker,Particle board,model_ready,914.4,914.4,304.8,/cabinet-inventory/models/oppein-pb-ssw-w3636.glb,https://www.oppeincabinetry.ca/shop/pb-ssw-w3636-wall-cabinet-2-door-19007,
oppein-pb-ssw-w3642,OPPEIN,PB-SSW-W3642,Wall Cabinet 2 Door,White Slim Shaker,Particle board,model_ready,914.4,1066.8,304.8,/cabinet-inventory/models/oppein-pb-ssw-w3642.glb,https://www.oppeincabinetry.ca/shop/pb-ssw-w3642-wall-cabinet-2-door-19008,
oppein-ply-wss-w3636,OPPEIN,PLY-WSS-W3636,Wall Cabinet 2 Door,White Single Shaker,Plywood,model_ready,914.4,914.4,304.8,/cabinet-library/models/PLY-WSS-W3636.glb,https://www.oppeincabinetry.ca/shop/ply-wss-w3636-wall-cabinet-2-door-10011,
oppein-ply-wss-w3630,OPPEIN,PLY-WSS-W3630,Wall Cabinet 2 Door,White Single Shaker,Plywood,model_ready,914.4,762.0,304.8,/cabinet-library/models/PLY-WSS-W3630.glb,https://www.oppeincabinetry.ca/shop/ply-wss-w3630-wall-cabinet-2-door-10010,
oppein-ply-wss-w3036,OPPEIN,PLY-WSS-W3036,Wall Cabinet 2 Door,White Single Shaker,Plywood,model_ready,838.2,914.4,304.8,/cabinet-library/models/PLY-WSS-W3036.glb,https://www.oppeincabinetry.ca/shop/ply-wss-w3036-wall-cabinet-2-door-10008,
oppein-ply-wss-w3030,OPPEIN,PLY-WSS-W3030,Wall Cabinet 2 Door,White Single Shaker,Plywood,model_ready,762.0,762.0,304.8,/cabinet-library/models/PLY-WSS-W3030.glb,https://www.oppeincabinetry.ca/shop/ply-wss-w3030-wall-cabinet-2-door-10007,
oppein-ply-wss-w2736,OPPEIN,PLY-WSS-W2736,Wall Cabinet 2 Door,White Single Shaker,Plywood,model_ready,685.8,914.4,304.8,/cabinet-library/models/PLY-WSS-W2736.glb,https://www.oppeincabinetry.ca/shop/ply-wss-w2736-wall-cabinet-2-door-10006,
oppein-ply-wss-w2442,OPPEIN,PLY-WSS-W2442,Wall Cabinet 2 Door,White Single Shaker,Plywood,model_ready,609.6,1066.8,304.8,/cabinet-library/models/PLY-WSS-W2442.glb,https://www.oppeincabinetry.ca/shop/ply-wss-w2442-wall-cabinet-2-door-10005,
oppein-ply-wss-w2436,OPPEIN,PLY-WSS-W2436,Wall Cabinet 2 Door,White Single Shaker,Plywood,model_ready,609.6,914.4,304.8,/cabinet-library/models/PLY-WSS-W2436.glb,https://www.oppeincabinetry.ca/shop/ply-wss-w2436-wall-cabinet-2-door-10004,
oppein-ply-gss-w2442,OPPEIN,PLY-GSS-W2442,Wall Cabinet 2 Full Door,Gray Single Shaker,Plywood,model_ready,609.6,1066.8,304.8,/cabinet-inventory/models/oppein-ply-gss-w2442.glb,https://www.oppeincabinetry.ca/shop/ply-gss-w2442-wall-cabinet-2-full-door-12162,
oppein-ply-gss-w2736,OPPEIN,PLY-GSS-W2736,Wall Cabinet 2 Full Door,Gray Single Shaker,Plywood,model_ready,685.8,914.4,304.8,/cabinet-inventory/models/oppein-ply-gss-w2736.glb,https://www.oppeincabinetry.ca/shop/ply-gss-w2736-wall-cabinet-2-full-door-12163,
oppein-ply-gss-w2430,OPPEIN,PLY-GSS-W2430,Wall Cabinet 2 Full Door,Gray Single Shaker,Plywood,model_ready,609.6,762.0,304.8,/cabinet-inventory/models/oppein-ply-gss-w2430.glb,https://www.oppeincabinetry.ca/shop/ply-gss-w2430-wall-cabinet-2-full-door-12159,
oppein-ply-gss-w2742,OPPEIN,PLY-GSS-W2742,Wall Cabinet 2 Full Door,Gray Single Shaker,Plywood,model_ready,685.8,1066.8,304.8,/cabinet-inventory/models/oppein-ply-gss-w2742.glb,https://www.oppeincabinetry.ca/shop/ply-gss-w2742-wall-cabinet-2-full-door-12160,
oppein-ply-gss-w2730,OPPEIN,PLY-GSS-W2730,Wall Cabinet 2 Full Door,Gray Single Shaker,Plywood,model_ready,685.8,762.0,304.8,/cabinet-inventory/models/oppein-ply-gss-w2730.glb,https://www.oppeincabinetry.ca/shop/ply-gss-w2730-wall-cabinet-2-full-door-12168,
oppein-ply-gss-w2436,OPPEIN,PLY-GSS-W2436,Wall Cabinet 2 Full Door,Gray Single Shaker,Plywood,model_ready,609.6,914.4,304.8,/cabinet-inventory/models/oppein-ply-gss-w2436.glb,https://www.oppeincabinetry.ca/shop/ply-gss-w2436-wall-cabinet-2-full-door-12161,
oppein-pb-wss-wdc2442,OPPEIN,PB-WSS-WDC2442,Wall Diagonal Cabinet,White Single Shaker,Particle board,specification_review,609.6,1066.8,304.8,,https://www.oppeincabinetry.ca/shop/pb-wss-wdc2442-wall-diagonal-cabinet-17924,Detailed profile/footprint or accessory specification needed for modeling
oppein-pb-wss-wdc2436,OPPEIN,PB-WSS-WDC2436,Wall Diagonal Cabinet,White Single Shaker,Particle board,specification_review,609.6,914.4,304.8,,https://www.oppeincabinetry.ca/shop/pb-wss-wdc2436-wall-diagonal-cabinet-17923,Detailed profile/footprint or accessory specification needed for modeling
oppein-pb-wss-wdc2430,OPPEIN,PB-WSS-WDC2430,Wall Diagonal Cabinet,White Single Shaker,Particle board,specification_review,609.6,762.0,304.8,,https://www.oppeincabinetry.ca/shop/pb-wss-wdc2430-wall-diagonal-cabinet-17922,Detailed profile/footprint or accessory specification needed for modeling
oppein-ply-ssw-wdc2430,OPPEIN,PLY-SSW-WDC2430,Wall Diagonal Cabinet,White Slim Shaker,Plywood,specification_review,609.6,762.0,304.8,,https://www.oppeincabinetry.ca/shop/ply-ssw-wdc2430-wall-diagonal-cabinet-12586,Detailed profile/footprint or accessory specification needed for modeling
oppein-pb-wss-wdc2412,OPPEIN,PB-WSS-WDC2412,Wall Diagonal Cabinet,White Single Shaker,Particle board,specification_review,609.6,304.8,304.8,,https://www.oppeincabinetry.ca/shop/pb-wss-wdc2412-wall-diagonal-cabinet-17921,Detailed profile/footprint or accessory specification needed for modeling
oppein-pb-bss-wdc2430,OPPEIN,PB-BSS-WDC2430,Wall Diagonal Cabinet,Blue Single Shaker,Particle board,specification_review,609.6,762.0,304.8,,https://www.oppeincabinetry.ca/shop/pb-bss-wdc2430-wall-diagonal-cabinet-17786,Detailed profile/footprint or accessory specification needed for modeling
oppein-ply-bss-wdc2442,OPPEIN,PLY-BSS-WDC2442,Wall Diagonal Cabinet,Blue Single Shaker,Plywood,specification_review,609.6,1066.8,304.8,,https://www.oppeincabinetry.ca/shop/ply-bss-wdc2442-wall-diagonal-cabinet-15831,Detailed profile/footprint or accessory specification needed for modeling
oppein-ply-bss-wdc2436,OPPEIN,PLY-BSS-WDC2436,Wall Diagonal Cabinet,Blue Single Shaker,Plywood,specification_review,609.6,914.4,304.8,,https://www.oppeincabinetry.ca/shop/ply-bss-wdc2436-wall-diagonal-cabinet-15830,Detailed profile/footprint or accessory specification needed for modeling
oppein-pb-ssw-wdc2436,OPPEIN,PB-SSW-WDC2436,Wall Diagonal Cabinet,White Slim Shaker,Particle board,specification_review,609.6,914.4,304.8,,https://www.oppeincabinetry.ca/shop/pb-ssw-wdc2436-wall-diagonal-cabinet-19014,Detailed profile/footprint or accessory specification needed for modeling
oppein-pb-ssw-wdc2430,OPPEIN,PB-SSW-WDC2430,Wall Diagonal Cabinet,White Slim Shaker,Particle board,specification_review,609.6,762.0,304.8,,https://www.oppeincabinetry.ca/shop/pb-ssw-wdc2430-wall-diagonal-cabinet-19013,Detailed profile/footprint or accessory specification needed for modeling
oppein-ply-mso-wdc2430,OPPEIN,PLY-MSO-WDC2430,Wall Diagonal Cabinet,Smoked Oak,Plywood,specification_review,609.6,762.0,304.8,,https://www.oppeincabinetry.ca/shop/ply-mso-wdc2430-wall-diagonal-cabinet-14767,Detailed profile/footprint or accessory specification needed for modeling
oppein-ply-gss-wdc2442,OPPEIN,PLY-GSS-WDC2442,Wall Diagonal Cabinet,Gray Single Shaker,Plywood,specification_review,609.6,1066.8,304.8,,https://www.oppeincabinetry.ca/shop/ply-gss-wdc2442-wall-diagonal-cabinet-12177,Detailed profile/footprint or accessory specification needed for modeling
oppein-ply-pgw-wdc2442,OPPEIN,PLY-PGW-WDC2442,Wall Diagonal Cabinet,White High Gloss,Plywood,specification_review,609.6,1066.8,304.8,,https://www.oppeincabinetry.ca/shop/ply-pgw-wdc2442-wall-diagonal-cabinet-15505,Detailed profile/footprint or accessory specification needed for modeling
oppein-ply-pgw-wdc2436,OPPEIN,PLY-PGW-WDC2436,Wall Diagonal Cabinet,White High Gloss,Plywood,specification_review,609.6,914.4,304.8,,https://www.oppeincabinetry.ca/shop/ply-pgw-wdc2436-wall-diagonal-cabinet-15504,Detailed profile/footprint or accessory specification needed for modeling
oppein-ply-pgw-wdc2430,OPPEIN,PLY-PGW-WDC2430,Wall Diagonal Cabinet,White High Gloss,Plywood,specification_review,609.6,762.0,304.8,,https://www.oppeincabinetry.ca/shop/ply-pgw-wdc2430-wall-diagonal-cabinet-15503,Detailed profile/footprint or accessory specification needed for modeling
oppein-pb-bss-wdc2442,OPPEIN,PB-BSS-WDC2442,Wall Diagonal Cabinet,Blue Single Shaker,Particle board,specification_review,609.6,1066.8,304.8,,https://www.oppeincabinetry.ca/shop/pb-bss-wdc2442-wall-diagonal-cabinet-17788,Detailed profile/footprint or accessory specification needed for modeling
oppein-pb-pgw-wdc2442,OPPEIN,PB-PGW-WDC2442,Wall Diagonal Cabinet,White High Gloss,Particle board,specification_review,609.6,1066.8,304.8,,https://www.oppeincabinetry.ca/shop/pb-pgw-wdc2442-wall-diagonal-cabinet-18196,Detailed profile/footprint or accessory specification needed for modeling
oppein-ply-bss-wdc2412,OPPEIN,PLY-BSS-WDC2412,Wall Diagonal Cabinet,Blue Single Shaker,Plywood,specification_review,609.6,304.8,304.8,,https://www.oppeincabinetry.ca/shop/ply-bss-wdc2412-wall-diagonal-cabinet-16714,Detailed profile/footprint or accessory specification needed for modeling
oppein-ply-bss-wdc2430,OPPEIN,PLY-BSS-WDC2430,Wall Diagonal Cabinet,Blue Single Shaker,Plywood,specification_review,609.6,762.0,304.8,,https://www.oppeincabinetry.ca/shop/ply-bss-wdc2430-wall-diagonal-cabinet-15829,Detailed profile/footprint or accessory specification needed for modeling
oppein-pb-bss-wdc2412,OPPEIN,PB-BSS-WDC2412,Wall Diagonal Cabinet,Blue Single Shaker,Particle board,specification_review,609.6,304.8,304.8,,https://www.oppeincabinetry.ca/shop/pb-bss-wdc2412-wall-diagonal-cabinet-17785,Detailed profile/footprint or accessory specification needed for modeling
oppein-ply-wss-wdc2436,OPPEIN,PLY-WSS-WDC2436,Wall Diagonal Cabinet,White Single Shaker,Plywood,specification_review,609.6,914.4,304.8,,https://www.oppeincabinetry.ca/shop/ply-wss-wdc2436-wall-diagonal-cabinet-10015,Detailed profile/footprint or accessory specification needed for modeling
oppein-ply-gss-wdc2430,OPPEIN,PLY-GSS-WDC2430,Wall Diagonal Cabinet,Gray Single Shaker,Plywood,specification_review,609.6,762.0,304.8,,https://www.oppeincabinetry.ca/shop/ply-gss-wdc2430-wall-diagonal-cabinet-12178,Detailed profile/footprint or accessory specification needed for modeling
oppein-pb-mnw-wdc2430,OPPEIN,PB-MNW-WDC2430,Wall Diagonal Cabinet,Natural Wood,Particle board,specification_review,609.6,762.0,304.8,,https://www.oppeincabinetry.ca/shop/pb-mnw-wdc2430-wall-diagonal-cabinet-18741,Detailed profile/footprint or accessory specification needed for modeling
oppein-ply-ssw-wdc2442,OPPEIN,PLY-SSW-WDC2442,Wall Diagonal Cabinet,White Slim Shaker,Plywood,specification_review,609.6,1066.8,304.8,,https://www.oppeincabinetry.ca/shop/ply-ssw-wdc2442-wall-diagonal-cabinet-12588,Detailed profile/footprint or accessory specification needed for modeling
oppein-ply-ssw-wdc2436,OPPEIN,PLY-SSW-WDC2436,Wall Diagonal Cabinet,White Slim Shaker,Plywood,specification_review,609.6,914.4,304.8,,https://www.oppeincabinetry.ca/shop/ply-ssw-wdc2436-wall-diagonal-cabinet-12587,Detailed profile/footprint or accessory specification needed for modeling
oppein-ply-mnw-wdc2442,OPPEIN,PLY-MNW-WDC2442,Wall Diagonal Cabinet,Natural Wood,Plywood,specification_review,609.6,1066.8,304.8,,https://www.oppeincabinetry.ca/shop/ply-mnw-wdc2442-wall-diagonal-cabinet-14048,Detailed profile/footprint or accessory specification needed for modeling
oppein-pb-bss-wdc2436,OPPEIN,PB-BSS-WDC2436,Wall Diagonal Cabinet,Blue Single Shaker,Particle board,specification_review,609.6,914.4,304.8,,https://www.oppeincabinetry.ca/shop/pb-bss-wdc2436-wall-diagonal-cabinet-17787,Detailed profile/footprint or accessory specification needed for modeling
oppein-pb-mnw-wdc2436,OPPEIN,PB-MNW-WDC2436,Wall Diagonal Cabinet,Natural Wood,Particle board,specification_review,609.6,914.4,304.8,,https://www.oppeincabinetry.ca/shop/pb-mnw-wdc2436-wall-diagonal-cabinet-18742,Detailed profile/footprint or accessory specification needed for modeling
oppein-ply-mnw-wdc2436,OPPEIN,PLY-MNW-WDC2436,Wall Diagonal Cabinet,Natural Wood,Plywood,specification_review,609.6,914.4,304.8,,https://www.oppeincabinetry.ca/shop/ply-mnw-wdc2436-wall-diagonal-cabinet-14047,Detailed profile/footprint or accessory specification needed for modeling
oppein-ply-wss-wdc2442,OPPEIN,PLY-WSS-WDC2442,Wall Diagonal Cabinet,White Single Shaker,Plywood,specification_review,609.6,1066.8,304.8,,https://www.oppeincabinetry.ca/shop/ply-wss-wdc2442-wall-diagonal-cabinet-10013,Detailed profile/footprint or accessory specification needed for modeling
oppein-ply-wss-wdc2430,OPPEIN,PLY-WSS-WDC2430,Wall Diagonal Cabinet,White Single Shaker,Plywood,specification_review,609.6,762.0,304.8,,https://www.oppeincabinetry.ca/shop/ply-wss-wdc2430-wall-diagonal-cabinet-10014,Detailed profile/footprint or accessory specification needed for modeling
oppein-pb-mnw-wdc2442,OPPEIN,PB-MNW-WDC2442,Wall Diagonal Cabinet,Natural Wood,Particle board,specification_review,609.6,1066.8,304.8,,https://www.oppeincabinetry.ca/shop/pb-mnw-wdc2442-wall-diagonal-cabinet-18743,Detailed profile/footprint or accessory specification needed for modeling
oppein-pb-pgw-wdc2436,OPPEIN,PB-PGW-WDC2436,Wall Diagonal Cabinet,White High Gloss,Particle board,specification_review,609.6,914.4,304.8,,https://www.oppeincabinetry.ca/shop/pb-pgw-wdc2436-wall-diagonal-cabinet-18195,Detailed profile/footprint or accessory specification needed for modeling
oppein-ply-gss-wdc2436,OPPEIN,PLY-GSS-WDC2436,Wall Diagonal Cabinet,Gray Single Shaker,Plywood,specification_review,609.6,914.4,304.8,,https://www.oppeincabinetry.ca/shop/ply-gss-wdc2436-wall-diagonal-cabinet-12179,Detailed profile/footprint or accessory specification needed for modeling
oppein-pb-ssw-wdc2412,OPPEIN,PB-SSW-WDC2412,Wall Diagonal Cabinet,White Slim Shaker,Particle board,specification_review,609.6,304.8,304.8,,https://www.oppeincabinetry.ca/shop/pb-ssw-wdc2412-wall-diagonal-cabinet-19012,Detailed profile/footprint or accessory specification needed for modeling
oppein-pb-mnw-wdc2412,OPPEIN,PB-MNW-WDC2412,Wall Diagonal Cabinet,Natural Wood,Particle board,specification_review,609.6,304.8,304.8,,https://www.oppeincabinetry.ca/shop/pb-mnw-wdc2412-wall-diagonal-cabinet-18740,Detailed profile/footprint or accessory specification needed for modeling
oppein-pb-pgw-wdc2412,OPPEIN,PB-PGW-WDC2412,Wall Diagonal Cabinet,White High Gloss,Particle board,specification_review,609.6,304.8,304.8,,https://www.oppeincabinetry.ca/shop/pb-pgw-wdc2412-wall-diagonal-cabinet-18193,Detailed profile/footprint or accessory specification needed for modeling
oppein-pb-gss-wdc2442,OPPEIN,PB-GSS-WDC2442,Wall Diagonal Cabinet,Gray Single Shaker,Particle board,specification_review,609.6,1066.8,304.8,,https://www.oppeincabinetry.ca/shop/pb-gss-wdc2442-wall-diagonal-cabinet-18060,Detailed profile/footprint or accessory specification needed for modeling
oppein-pb-gss-wdc2436,OPPEIN,PB-GSS-WDC2436,Wall Diagonal Cabinet,Gray Single Shaker,Particle board,specification_review,609.6,914.4,304.8,,https://www.oppeincabinetry.ca/shop/pb-gss-wdc2436-wall-diagonal-cabinet-18059,Detailed profile/footprint or accessory specification needed for modeling
oppein-pb-gss-wdc2430,OPPEIN,PB-GSS-WDC2430,Wall Diagonal Cabinet,Gray Single Shaker,Particle board,specification_review,609.6,762.0,304.8,,https://www.oppeincabinetry.ca/shop/pb-gss-wdc2430-wall-diagonal-cabinet-18058,Detailed profile/footprint or accessory specification needed for modeling
oppein-ply-mnw-wdc2430,OPPEIN,PLY-MNW-WDC2430,Wall Diagonal Cabinet,Natural Wood,Plywood,specification_review,609.6,762.0,304.8,,https://www.oppeincabinetry.ca/shop/ply-mnw-wdc2430-wall-diagonal-cabinet-14046,Detailed profile/footprint or accessory specification needed for modeling
oppein-pb-gss-wdc2412,OPPEIN,PB-GSS-WDC2412,Wall Diagonal Cabinet,Gray Single Shaker,Particle board,specification_review,609.6,304.8,304.8,,https://www.oppeincabinetry.ca/shop/pb-gss-wdc2412-wall-diagonal-cabinet-18057,Detailed profile/footprint or accessory specification needed for modeling
oppein-pb-ssw-wdc2442,OPPEIN,PB-SSW-WDC2442,Wall Diagonal Cabinet,White Slim Shaker,Particle board,specification_review,609.6,1066.8,304.8,,https://www.oppeincabinetry.ca/shop/pb-ssw-wdc2442-wall-diagonal-cabinet-19015,Detailed profile/footprint or accessory specification needed for modeling
oppein-pb-pgw-wdc2430,OPPEIN,PB-PGW-WDC2430,Wall Diagonal Cabinet,White High Gloss,Particle board,specification_review,609.6,762.0,304.8,,https://www.oppeincabinetry.ca/shop/pb-pgw-wdc2430-wall-diagonal-cabinet-18194,Detailed profile/footprint or accessory specification needed for modeling
oppein-ply-pgw-wdc2412,OPPEIN,PLY-PGW-WDC2412,Wall Diagonal Cabinet,White High Gloss,Plywood,specification_review,609.6,304.8,304.8,,https://www.oppeincabinetry.ca/shop/ply-pgw-wdc2412-wall-diagonal-cabinet-16744,Detailed profile/footprint or accessory specification needed for modeling
oppein-ply-mso-wdc2442,OPPEIN,PLY-MSO-WDC2442,Wall Diagonal Cabinet,Smoked Oak,Plywood,specification_review,609.6,1066.8,304.8,,https://www.oppeincabinetry.ca/shop/ply-mso-wdc2442-wall-diagonal-cabinet-14769,Detailed profile/footprint or accessory specification needed for modeling
oppein-ply-mso-wdc2436,OPPEIN,PLY-MSO-WDC2436,Wall Diagonal Cabinet,Smoked Oak,Plywood,specification_review,609.6,914.4,304.8,,https://www.oppeincabinetry.ca/shop/ply-mso-wdc2436-wall-diagonal-cabinet-14768,Detailed profile/footprint or accessory specification needed for modeling
oppein-pb-pgw-wer2442,OPPEIN,PB-PGW-WER2442,Wall Easy Reach Cabinet,White High Gloss,Particle board,specification_review,609.6,1066.8,304.8,,https://www.oppeincabinetry.ca/shop/pb-pgw-wer2442-wall-easy-reach-cabinet-18200,Detailed profile/footprint or accessory specification needed for modeling
oppein-pb-pgw-wer2430,OPPEIN,PB-PGW-WER2430,Wall Easy Reach Cabinet,White High Gloss,Particle board,specification_review,609.6,762.0,304.8,,https://www.oppeincabinetry.ca/shop/pb-pgw-wer2430-wall-easy-reach-cabinet-18198,Detailed profile/footprint or accessory specification needed for modeling
oppein-pb-ssw-wer2442,OPPEIN,PB-SSW-WER2442,Wall Easy Reach Cabinet,White Slim Shaker,Particle board,specification_review,609.6,1066.8,304.8,,https://www.oppeincabinetry.ca/shop/pb-ssw-wer2442-wall-easy-reach-cabinet-19019,Detailed profile/footprint or accessory specification needed for modeling
oppein-pb-bss-wer2436,OPPEIN,PB-BSS-WER2436,Wall Easy Reach Cabinet,Blue Single Shaker,Particle board,specification_review,609.6,914.4,304.8,,https://www.oppeincabinetry.ca/shop/pb-bss-wer2436-wall-easy-reach-cabinet-17791,Detailed profile/footprint or accessory specification needed for modeling
oppein-pb-gss-wer2442,OPPEIN,PB-GSS-WER2442,Wall Easy Reach Cabinet,Gray Single Shaker,Particle board,specification_review,609.6,1066.8,304.8,,https://www.oppeincabinetry.ca/shop/pb-gss-wer2442-wall-easy-reach-cabinet-18064,Detailed profile/footprint or accessory specification needed for modeling
oppein-ply-pgw-wer2442,OPPEIN,PLY-PGW-WER2442,Wall Easy Reach Cabinet,White High Gloss,Plywood,specification_review,609.6,1066.8,304.8,,https://www.oppeincabinetry.ca/shop/ply-pgw-wer2442-wall-easy-reach-cabinet-15428,Detailed profile/footprint or accessory specification needed for modeling
oppein-pb-gss-wer2436,OPPEIN,PB-GSS-WER2436,Wall Easy Reach Cabinet,Gray Single Shaker,Particle board,specification_review,609.6,914.4,304.8,,https://www.oppeincabinetry.ca/shop/pb-gss-wer2436-wall-easy-reach-cabinet-18063,Detailed profile/footprint or accessory specification needed for modeling
oppein-ply-mnw-wer2442,OPPEIN,PLY-MNW-WER2442,Wall Easy Reach Cabinet,Natural Wood,Plywood,specification_review,609.6,1066.8,304.8,,https://www.oppeincabinetry.ca/shop/ply-mnw-wer2442-wall-easy-reach-cabinet-13971,Detailed profile/footprint or accessory specification needed for modeling
oppein-ply-pgw-wer2436,OPPEIN,PLY-PGW-WER2436,Wall Easy Reach Cabinet,White High Gloss,Plywood,specification_review,609.6,914.4,304.8,,https://www.oppeincabinetry.ca/shop/ply-pgw-wer2436-wall-easy-reach-cabinet-15400,Detailed profile/footprint or accessory specification needed for modeling
oppein-ply-gss-wer2430,OPPEIN,PLY-GSS-WER2430,Wall Easy Reach Cabinet,Gray Single Shaker,Plywood,specification_review,609.6,762.0,304.8,,https://www.oppeincabinetry.ca/shop/ply-gss-wer2430-wall-easy-reach-cabinet-12180,Detailed profile/footprint or accessory specification needed for modeling
oppein-ply-gss-wer2412,OPPEIN,PLY-GSS-WER2412,Wall Easy Reach Cabinet,Gray Single Shaker,Plywood,specification_review,609.6,304.8,304.8,,https://www.oppeincabinetry.ca/shop/ply-gss-wer2412-wall-easy-reach-cabinet-12181,Detailed profile/footprint or accessory specification needed for modeling
oppein-ply-gss-wer2442,OPPEIN,PLY-GSS-WER2442,Wall Easy Reach Cabinet,Gray Single Shaker,Plywood,specification_review,609.6,1066.8,304.8,,https://www.oppeincabinetry.ca/shop/ply-gss-wer2442-wall-easy-reach-cabinet-12184,Detailed profile/footprint or accessory specification needed for modeling
oppein-ply-mso-wer2430,OPPEIN,PLY-MSO-WER2430,Wall Easy Reach Cabinet,Smoked Oak,Plywood,specification_review,609.6,762.0,304.8,,https://www.oppeincabinetry.ca/shop/ply-mso-wer2430-wall-easy-reach-cabinet-14771,Detailed profile/footprint or accessory specification needed for modeling
oppein-ply-mso-wer2412,OPPEIN,PLY-MSO-WER2412,Wall Easy Reach Cabinet,Smoked Oak,Plywood,specification_review,609.6,304.8,304.8,,https://www.oppeincabinetry.ca/shop/ply-mso-wer2412-wall-easy-reach-cabinet-14770,Detailed profile/footprint or accessory specification needed for modeling
oppein-ply-ssw-wer2442,OPPEIN,PLY-SSW-WER2442,Wall Easy Reach Cabinet,White Slim Shaker,Plywood,specification_review,609.6,1066.8,304.8,,https://www.oppeincabinetry.ca/shop/ply-ssw-wer2442-wall-easy-reach-cabinet-12509,Detailed profile/footprint or accessory specification needed for modeling
oppein-pb-bss-wer2442,OPPEIN,PB-BSS-WER2442,Wall Easy Reach Cabinet,Blue Single Shaker,Particle board,specification_review,609.6,1066.8,304.8,,https://www.oppeincabinetry.ca/shop/pb-bss-wer2442-wall-easy-reach-cabinet-17792,Detailed profile/footprint or accessory specification needed for modeling
oppein-pb-pgw-wer2412,OPPEIN,PB-PGW-WER2412,Wall Easy Reach Cabinet,White High Gloss,Particle board,specification_review,609.6,304.8,304.8,,https://www.oppeincabinetry.ca/shop/pb-pgw-wer2412-wall-easy-reach-cabinet-18197,Detailed profile/footprint or accessory specification needed for modeling
oppein-pb-ssw-wer2412,OPPEIN,PB-SSW-WER2412,Wall Easy Reach Cabinet,White Slim Shaker,Particle board,specification_review,609.6,304.8,304.8,,https://www.oppeincabinetry.ca/shop/pb-ssw-wer2412-wall-easy-reach-cabinet-19016,Detailed profile/footprint or accessory specification needed for modeling
oppein-ply-ssw-wer2436,OPPEIN,PLY-SSW-WER2436,Wall Easy Reach Cabinet,White Slim Shaker,Plywood,specification_review,609.6,914.4,304.8,,https://www.oppeincabinetry.ca/shop/ply-ssw-wer2436-wall-easy-reach-cabinet-12482,Detailed profile/footprint or accessory specification needed for modeling
oppein-pb-gss-wer2430,OPPEIN,PB-GSS-WER2430,Wall Easy Reach Cabinet,Gray Single Shaker,Particle board,specification_review,609.6,762.0,304.8,,https://www.oppeincabinetry.ca/shop/pb-gss-wer2430-wall-easy-reach-cabinet-18062,Detailed profile/footprint or accessory specification needed for modeling
oppein-pb-gss-wer2412,OPPEIN,PB-GSS-WER2412,Wall Easy Reach Cabinet,Gray Single Shaker,Particle board,specification_review,609.6,304.8,304.8,,https://www.oppeincabinetry.ca/shop/pb-gss-wer2412-wall-easy-reach-cabinet-18061,Detailed profile/footprint or accessory specification needed for modeling
oppein-pb-mnw-wer2412,OPPEIN,PB-MNW-WER2412,Wall Easy Reach Cabinet,Natural Wood,Particle board,specification_review,609.6,304.8,304.8,,https://www.oppeincabinetry.ca/shop/pb-mnw-wer2412-wall-easy-reach-cabinet-18744,Detailed profile/footprint or accessory specification needed for modeling
oppein-pb-mnw-wer2430,OPPEIN,PB-MNW-WER2430,Wall Easy Reach Cabinet,Natural Wood,Particle board,specification_review,609.6,762.0,304.8,,https://www.oppeincabinetry.ca/shop/pb-mnw-wer2430-wall-easy-reach-cabinet-18745,Detailed profile/footprint or accessory specification needed for modeling
oppein-pb-mnw-wer2436,OPPEIN,PB-MNW-WER2436,Wall Easy Reach Cabinet,Natural Wood,Particle board,specification_review,609.6,914.4,304.8,,https://www.oppeincabinetry.ca/shop/pb-mnw-wer2436-wall-easy-reach-cabinet-18746,Detailed profile/footprint or accessory specification needed for modeling
oppein-pb-mnw-wer2442,OPPEIN,PB-MNW-WER2442,Wall Easy Reach Cabinet,Natural Wood,Particle board,specification_review,609.6,1066.8,304.8,,https://www.oppeincabinetry.ca/shop/pb-mnw-wer2442-wall-easy-reach-cabinet-18747,Detailed profile/footprint or accessory specification needed for modeling
oppein-pb-wss-wer2442,OPPEIN,PB-WSS-WER2442,Wall Easy Reach Cabinet,White Single Shaker,Particle board,specification_review,609.6,1066.8,304.8,,https://www.oppeincabinetry.ca/shop/pb-wss-wer2442-wall-easy-reach-cabinet-17928,Detailed profile/footprint or accessory specification needed for modeling
oppein-pb-wss-wer2436,OPPEIN,PB-WSS-WER2436,Wall Easy Reach Cabinet,White Single Shaker,Particle board,specification_review,609.6,914.4,304.8,,https://www.oppeincabinetry.ca/shop/pb-wss-wer2436-wall-easy-reach-cabinet-17927,Detailed profile/footprint or accessory specification needed for modeling
oppein-pb-wss-wer2430,OPPEIN,PB-WSS-WER2430,Wall Easy Reach Cabinet,White Single Shaker,Particle board,specification_review,609.6,762.0,304.8,,https://www.oppeincabinetry.ca/shop/pb-wss-wer2430-wall-easy-reach-cabinet-17926,Detailed profile/footprint or accessory specification needed for modeling
oppein-pb-wss-wer2412,OPPEIN,PB-WSS-WER2412,Wall Easy Reach Cabinet,White Single Shaker,Particle board,specification_review,609.6,304.8,304.8,,https://www.oppeincabinetry.ca/shop/pb-wss-wer2412-wall-easy-reach-cabinet-17925,Detailed profile/footprint or accessory specification needed for modeling
oppein-ply-pgw-wer2430,OPPEIN,PLY-PGW-WER2430,Wall Easy Reach Cabinet,White High Gloss,Plywood,specification_review,609.6,762.0,304.8,,https://www.oppeincabinetry.ca/shop/ply-pgw-wer2430-wall-easy-reach-cabinet-15507,Detailed profile/footprint or accessory specification needed for modeling
oppein-ply-pgw-wer2412,OPPEIN,PLY-PGW-WER2412,Wall Easy Reach Cabinet,White High Gloss,Plywood,specification_review,609.6,304.8,304.8,,https://www.oppeincabinetry.ca/shop/ply-pgw-wer2412-wall-easy-reach-cabinet-15506,Detailed profile/footprint or accessory specification needed for modeling
oppein-pb-ssw-wer2436,OPPEIN,PB-SSW-WER2436,Wall Easy Reach Cabinet,White Slim Shaker,Particle board,specification_review,609.6,914.4,304.8,,https://www.oppeincabinetry.ca/shop/pb-ssw-wer2436-wall-easy-reach-cabinet-19018,Detailed profile/footprint or accessory specification needed for modeling
oppein-ply-bss-wer2412,OPPEIN,PLY-BSS-WER2412,Wall Easy Reach Cabinet,Blue Single Shaker,Plywood,specification_review,609.6,304.8,304.8,,https://www.oppeincabinetry.ca/shop/ply-bss-wer2412-wall-easy-reach-cabinet-15832,Detailed profile/footprint or accessory specification needed for modeling
oppein-ply-bss-wer2430,OPPEIN,PLY-BSS-WER2430,Wall Easy Reach Cabinet,Blue Single Shaker,Plywood,specification_review,609.6,762.0,304.8,,https://www.oppeincabinetry.ca/shop/ply-bss-wer2430-wall-easy-reach-cabinet-15833,Detailed profile/footprint or accessory specification needed for modeling
oppein-ply-bss-wer2436,OPPEIN,PLY-BSS-WER2436,Wall Easy Reach Cabinet,Blue Single Shaker,Plywood,specification_review,609.6,914.4,304.8,,https://www.oppeincabinetry.ca/shop/ply-bss-wer2436-wall-easy-reach-cabinet-15834,Detailed profile/footprint or accessory specification needed for modeling
oppein-ply-bss-wer2442,OPPEIN,PLY-BSS-WER2442,Wall Easy Reach Cabinet,Blue Single Shaker,Plywood,specification_review,609.6,1066.8,304.8,,https://www.oppeincabinetry.ca/shop/ply-bss-wer2442-wall-easy-reach-cabinet-15835,Detailed profile/footprint or accessory specification needed for modeling
oppein-ply-mso-wer2442,OPPEIN,PLY-MSO-WER2442,Wall Easy Reach Cabinet,Smoked Oak,Plywood,specification_review,609.6,1066.8,304.8,,https://www.oppeincabinetry.ca/shop/ply-mso-wer2442-wall-easy-reach-cabinet-14692,Detailed profile/footprint or accessory specification needed for modeling
oppein-pb-bss-wer2412,OPPEIN,PB-BSS-WER2412,Wall Easy Reach Cabinet,Blue Single Shaker,Particle board,specification_review,609.6,304.8,304.8,,https://www.oppeincabinetry.ca/shop/pb-bss-wer2412-wall-easy-reach-cabinet-17789,Detailed profile/footprint or accessory specification needed for modeling
oppein-pb-bss-wer2430,OPPEIN,PB-BSS-WER2430,Wall Easy Reach Cabinet,Blue Single Shaker,Particle board,specification_review,609.6,762.0,304.8,,https://www.oppeincabinetry.ca/shop/pb-bss-wer2430-wall-easy-reach-cabinet-17790,Detailed profile/footprint or accessory specification needed for modeling
oppein-ply-ssw-wer2412,OPPEIN,PLY-SSW-WER2412,Wall Easy Reach Cabinet,White Slim Shaker,Plywood,specification_review,609.6,304.8,304.8,,https://www.oppeincabinetry.ca/shop/ply-ssw-wer2412-wall-easy-reach-cabinet-12589,Detailed profile/footprint or accessory specification needed for modeling
oppein-ply-ssw-wer2430,OPPEIN,PLY-SSW-WER2430,Wall Easy Reach Cabinet,White Slim Shaker,Plywood,specification_review,609.6,762.0,304.8,,https://www.oppeincabinetry.ca/shop/ply-ssw-wer2430-wall-easy-reach-cabinet-12590,Detailed profile/footprint or accessory specification needed for modeling
oppein-ply-mnw-wer2412,OPPEIN,PLY-MNW-WER2412,Wall Easy Reach Cabinet,Natural Wood,Plywood,specification_review,609.6,304.8,304.8,,https://www.oppeincabinetry.ca/shop/ply-mnw-wer2412-wall-easy-reach-cabinet-14049,Detailed profile/footprint or accessory specification needed for modeling
oppein-ply-mnw-wer2430,OPPEIN,PLY-MNW-WER2430,Wall Easy Reach Cabinet,Natural Wood,Plywood,specification_review,609.6,762.0,304.8,,https://www.oppeincabinetry.ca/shop/ply-mnw-wer2430-wall-easy-reach-cabinet-14050,Detailed profile/footprint or accessory specification needed for modeling
oppein-ply-gss-wer2436,OPPEIN,PLY-GSS-WER2436,Wall Easy Reach Cabinet,Gray Single Shaker,Plywood,specification_review,609.6,914.4,304.8,,https://www.oppeincabinetry.ca/shop/ply-gss-wer2436-wall-easy-reach-cabinet-12185,Detailed profile/footprint or accessory specification needed for modeling
oppein-ply-mnw-wer2436,OPPEIN,PLY-MNW-WER2436,Wall Easy Reach Cabinet,Natural Wood,Plywood,specification_review,609.6,914.4,304.8,,https://www.oppeincabinetry.ca/shop/ply-mnw-wer2436-wall-easy-reach-cabinet-13943,Detailed profile/footprint or accessory specification needed for modeling
oppein-ply-mso-wer2436,OPPEIN,PLY-MSO-WER2436,Wall Easy Reach Cabinet,Smoked Oak,Plywood,specification_review,609.6,914.4,304.8,,https://www.oppeincabinetry.ca/shop/ply-mso-wer2436-wall-easy-reach-cabinet-14665,Detailed profile/footprint or accessory specification needed for modeling
oppein-pb-ssw-wer2430,OPPEIN,PB-SSW-WER2430,Wall Easy Reach Cabinet,White Slim Shaker,Particle board,specification_review,609.6,762.0,304.8,,https://www.oppeincabinetry.ca/shop/pb-ssw-wer2430-wall-easy-reach-cabinet-19017,Detailed profile/footprint or accessory specification needed for modeling
oppein-pb-pgw-wer2436,OPPEIN,PB-PGW-WER2436,Wall Easy Reach Cabinet,White High Gloss,Particle board,specification_review,609.6,914.4,304.8,,https://www.oppeincabinetry.ca/shop/pb-pgw-wer2436-wall-easy-reach-cabinet-18199,Detailed profile/footprint or accessory specification needed for modeling
oppein-ply-wss-wer2436,OPPEIN,PLY-WSS-WER2436,Wall Easy Reach Corner Cabinet,White Single Shaker,Plywood,specification_review,609.6,914.4,304.8,,https://www.oppeincabinetry.ca/shop/ply-wss-wer2436-wall-easy-reach-corner-cabinet-11373,Detailed profile/footprint or accessory specification needed for modeling
oppein-ply-wss-wer2412,OPPEIN,PLY-WSS-WER2412,Wall Easy Reach Corner Cabinet,White Single Shaker,Plywood,specification_review,609.6,304.8,304.8,,https://www.oppeincabinetry.ca/shop/ply-wss-wer2412-wall-easy-reach-corner-cabinet-10017,Detailed profile/footprint or accessory specification needed for modeling
oppein-ply-wss-wer2442,OPPEIN,PLY-WSS-WER2442,Wall Easy Reach Corner Cabinet,White Single Shaker,Plywood,specification_review,609.6,1066.8,304.8,,https://www.oppeincabinetry.ca/shop/ply-wss-wer2442-wall-easy-reach-corner-cabinet-11405,Detailed profile/footprint or accessory specification needed for modeling
oppein-ply-wss-wer2430,OPPEIN,PLY-WSS-WER2430,Wall Easy Reach Corner Cabinet,White Single Shaker,Plywood,specification_review,609.6,762.0,304.8,,https://www.oppeincabinetry.ca/shop/ply-wss-wer2430-wall-easy-reach-corner-cabinet-10016,Detailed profile/footprint or accessory specification needed for modeling
oppein-bss-wep1230,OPPEIN,BSS-WEP1230,Wall End Panel - Blue,Blue Single Shaker,,specification_review,,,,,https://www.oppeincabinetry.ca/shop/bss-wep1230-wall-end-panel-blue-15557,Missing or conflicting explicitly labelled W/H/D; Detailed profile/footprint or accessory specification needed for modeling
oppein-bss-wep1242,OPPEIN,BSS-WEP1242,Wall End Panel - Blue,Blue Single Shaker,,specification_review,,,,,https://www.oppeincabinetry.ca/shop/bss-wep1242-wall-end-panel-blue-15553,Missing or conflicting explicitly labelled W/H/D; Detailed profile/footprint or accessory specification needed for modeling
oppein-bss-wep1236,OPPEIN,BSS-WEP1236,Wall End Panel - Blue,Blue Single Shaker,,specification_review,,,,,https://www.oppeincabinetry.ca/shop/bss-wep1236-wall-end-panel-blue-15555,Missing or conflicting explicitly labelled W/H/D; Detailed profile/footprint or accessory specification needed for modeling
oppein-pgw-wep1230,OPPEIN,PGW-WEP1230,Wall End Panel - High White Gloss,White High Gloss,,specification_review,,,,,https://www.oppeincabinetry.ca/shop/pgw-wep1230-wall-end-panel-high-white-gloss-10770,Missing or conflicting explicitly labelled W/H/D; Detailed profile/footprint or accessory specification needed for modeling
oppein-pgw-wep1242,OPPEIN,PGW-WEP1242,Wall End Panel - High White Gloss,White High Gloss,,specification_review,,,,,https://www.oppeincabinetry.ca/shop/pgw-wep1242-wall-end-panel-high-white-gloss-10772,Missing or conflicting explicitly labelled W/H/D; Detailed profile/footprint or accessory specification needed for modeling
oppein-pgw-wep1236,OPPEIN,PGW-WEP1236,Wall End Panel - High White Gloss,White High Gloss,,specification_review,,,,,https://www.oppeincabinetry.ca/shop/pgw-wep1236-wall-end-panel-high-white-gloss-10771,Missing or conflicting explicitly labelled W/H/D; Detailed profile/footprint or accessory specification needed for modeling
oppein-mnw-wep1242,OPPEIN,MNW-WEP1242,Wall End Panel - Natural Wood,Natural Wood,,specification_review,,,,,https://www.oppeincabinetry.ca/shop/mnw-wep1242-wall-end-panel-natural-wood-10417,Missing or conflicting explicitly labelled W/H/D; Detailed profile/footprint or accessory specification needed for modeling
oppein-mnw-wep1236,OPPEIN,MNW-WEP1236,Wall End Panel - Natural Wood,Natural Wood,,specification_review,,,,,https://www.oppeincabinetry.ca/shop/mnw-wep1236-wall-end-panel-natural-wood-10416,Missing or conflicting explicitly labelled W/H/D; Detailed profile/footprint or accessory specification needed for modeling
oppein-mnw-wep1230,OPPEIN,MNW-WEP1230,Wall End Panel - Natural Wood,Natural Wood,,specification_review,,,,,https://www.oppeincabinetry.ca/shop/mnw-wep1230-wall-end-panel-natural-wood-10415,Missing or conflicting explicitly labelled W/H/D; Detailed profile/footprint or accessory specification needed for modeling
oppein-mso-wep1230,OPPEIN,MSO-WEP1230,Wall End Panel - Smoked Oak,Smoked Oak,,specification_review,,,,,https://www.oppeincabinetry.ca/shop/mso-wep1230-wall-end-panel-smoked-oak-10585,Missing or conflicting explicitly labelled W/H/D; Detailed profile/footprint or accessory specification needed for modeling
oppein-mso-wep1242,OPPEIN,MSO-WEP1242,Wall End Panel - Smoked Oak,Smoked Oak,,specification_review,,,,,https://www.oppeincabinetry.ca/shop/mso-wep1242-wall-end-panel-smoked-oak-10587,Missing or conflicting explicitly labelled W/H/D; Detailed profile/footprint or accessory specification needed for modeling
oppein-mso-wep1236,OPPEIN,MSO-WEP1236,Wall End Panel - Smoked Oak,Smoked Oak,,specification_review,,,,,https://www.oppeincabinetry.ca/shop/mso-wep1236-wall-end-panel-smoked-oak-10586,Missing or conflicting explicitly labelled W/H/D; Detailed profile/footprint or accessory specification needed for modeling
oppein-wss-wep1230,OPPEIN,WSS-WEP1230,Wall End Panel - White,White Single Shaker,,specification_review,,,,,https://www.oppeincabinetry.ca/shop/wss-wep1230-wall-end-panel-white-11287,Missing or conflicting explicitly labelled W/H/D; Detailed profile/footprint or accessory specification needed for modeling
oppein-wss-wep1242,OPPEIN,WSS-WEP1242,Wall End Panel - White,White Single Shaker,,specification_review,,,,,https://www.oppeincabinetry.ca/shop/wss-wep1242-wall-end-panel-white-11289,Missing or conflicting explicitly labelled W/H/D; Detailed profile/footprint or accessory specification needed for modeling
oppein-wss-wep1236,OPPEIN,WSS-WEP1236,Wall End Panel - White,White Single Shaker,,specification_review,,,,,https://www.oppeincabinetry.ca/shop/wss-wep1236-wall-end-panel-white-11288,Missing or conflicting explicitly labelled W/H/D; Detailed profile/footprint or accessory specification needed for modeling
oppein-ply-mnw-w361524,OPPEIN,PLY-MNW-W361524,Wall Fridge Cabinet,Natural Wood,Plywood,model_ready,914.4,381.0,606.425,/cabinet-inventory/models/oppein-ply-mnw-w361524.glb,https://www.oppeincabinetry.ca/shop/ply-mnw-w361524-wall-fridge-cabinet-14034,
oppein-ply-mnw-w331224,OPPEIN,PLY-MNW-W331224,Wall Fridge Cabinet,Natural Wood,Plywood,model_ready,838.2,304.8,606.425,/cabinet-inventory/models/oppein-ply-mnw-w331224.glb,https://www.oppeincabinetry.ca/shop/ply-mnw-w331224-wall-fridge-cabinet-14025,
oppein-ply-bss-w301224,OPPEIN,PLY-BSS-W301224,Wall Fridge Cabinet,Blue Single Shaker,Plywood,model_ready,762.0,304.8,606.425,/cabinet-inventory/models/oppein-ply-bss-w301224.glb,https://www.oppeincabinetry.ca/shop/ply-bss-w301224-wall-fridge-cabinet-15790,
oppein-ply-wss-w362424,OPPEIN,PLY-WSS-W362424,Wall Fridge Cabinet,White Single Shaker,Plywood,model_ready,914.4,609.6,606.425,/cabinet-library/models/PLY-WSS-W362424.glb,https://www.oppeincabinetry.ca/shop/ply-wss-w362424-wall-fridge-cabinet-10027,
oppein-ply-wss-w361824,OPPEIN,PLY-WSS-W361824,Wall Fridge Cabinet,White Single Shaker,Plywood,model_ready,914.4,457.2,606.425,/cabinet-library/models/PLY-WSS-W361824.glb,https://www.oppeincabinetry.ca/shop/ply-wss-w361824-wall-fridge-cabinet-10026,
oppein-ply-wss-w361524,OPPEIN,PLY-WSS-W361524,Wall Fridge Cabinet,White Single Shaker,Plywood,model_ready,914.4,381.0,606.425,/cabinet-library/models/PLY-WSS-W361524.glb,https://www.oppeincabinetry.ca/shop/ply-wss-w361524-wall-fridge-cabinet-10025,
oppein-ply-ssw-w301224,OPPEIN,PLY-SSW-W301224,Wall Fridge Cabinet,White Slim Shaker,Plywood,model_ready,762.0,304.8,606.425,/cabinet-inventory/models/oppein-ply-ssw-w301224.glb,https://www.oppeincabinetry.ca/shop/ply-ssw-w301224-wall-fridge-cabinet-12558,
oppein-ply-ssw-w301524,OPPEIN,PLY-SSW-W301524,Wall Fridge Cabinet,White Slim Shaker,Plywood,model_ready,762.0,381.0,606.425,/cabinet-inventory/models/oppein-ply-ssw-w301524.glb,https://www.oppeincabinetry.ca/shop/ply-ssw-w301524-wall-fridge-cabinet-12559,
oppein-ply-ssw-w331224,OPPEIN,PLY-SSW-W331224,Wall Fridge Cabinet,White Slim Shaker,Plywood,model_ready,838.2,304.8,606.425,/cabinet-inventory/models/oppein-ply-ssw-w331224.glb,https://www.oppeincabinetry.ca/shop/ply-ssw-w331224-wall-fridge-cabinet-12565,
oppein-ply-ssw-w331524,OPPEIN,PLY-SSW-W331524,Wall Fridge Cabinet,White Slim Shaker,Plywood,model_ready,838.2,381.0,606.425,/cabinet-inventory/models/oppein-ply-ssw-w331524.glb,https://www.oppeincabinetry.ca/shop/ply-ssw-w331524-wall-fridge-cabinet-12567,
oppein-ply-ssw-w361224,OPPEIN,PLY-SSW-W361224,Wall Fridge Cabinet,White Slim Shaker,Plywood,model_ready,914.4,304.8,606.425,/cabinet-inventory/models/oppein-ply-ssw-w361224.glb,https://www.oppeincabinetry.ca/shop/ply-ssw-w361224-wall-fridge-cabinet-12572,
oppein-ply-ssw-w361524,OPPEIN,PLY-SSW-W361524,Wall Fridge Cabinet,White Slim Shaker,Plywood,model_ready,914.4,381.0,606.425,/cabinet-inventory/models/oppein-ply-ssw-w361524.glb,https://www.oppeincabinetry.ca/shop/ply-ssw-w361524-wall-fridge-cabinet-12574,
oppein-ply-ssw-w361824,OPPEIN,PLY-SSW-W361824,Wall Fridge Cabinet,White Slim Shaker,Plywood,model_ready,914.4,457.2,606.425,/cabinet-inventory/models/oppein-ply-ssw-w361824.glb,https://www.oppeincabinetry.ca/shop/ply-ssw-w361824-wall-fridge-cabinet-12575,
oppein-ply-wss-w331224,OPPEIN,PLY-WSS-W331224,Wall Fridge Cabinet,White Single Shaker,Plywood,model_ready,838.2,304.8,606.425,/cabinet-library/models/PLY-WSS-W331224.glb,https://www.oppeincabinetry.ca/shop/ply-wss-w331224-wall-fridge-cabinet-10024,
oppein-ply-ssw-w362424,OPPEIN,PLY-SSW-W362424,Wall Fridge Cabinet,White Slim Shaker,Plywood,model_ready,914.4,609.6,606.425,/cabinet-inventory/models/oppein-ply-ssw-w362424.glb,https://www.oppeincabinetry.ca/shop/ply-ssw-w362424-wall-fridge-cabinet-12577,
oppein-ply-pgw-w362424,OPPEIN,PLY-PGW-W362424,Wall Fridge Cabinet,White High Gloss,Plywood,model_ready,914.4,609.6,606.425,/cabinet-inventory/models/oppein-ply-pgw-w362424.glb,https://www.oppeincabinetry.ca/shop/ply-pgw-w362424-wall-fridge-cabinet-15494,
oppein-ply-pgw-w361824,OPPEIN,PLY-PGW-W361824,Wall Fridge Cabinet,White High Gloss,Plywood,model_ready,914.4,457.2,606.425,/cabinet-inventory/models/oppein-ply-pgw-w361824.glb,https://www.oppeincabinetry.ca/shop/ply-pgw-w361824-wall-fridge-cabinet-15492,
oppein-ply-pgw-w361524,OPPEIN,PLY-PGW-W361524,Wall Fridge Cabinet,White High Gloss,Plywood,model_ready,914.4,381.0,606.425,/cabinet-inventory/models/oppein-ply-pgw-w361524.glb,https://www.oppeincabinetry.ca/shop/ply-pgw-w361524-wall-fridge-cabinet-15491,
oppein-ply-pgw-w361224,OPPEIN,PLY-PGW-W361224,Wall Fridge Cabinet,White High Gloss,Plywood,model_ready,914.4,304.8,606.425,/cabinet-inventory/models/oppein-ply-pgw-w361224.glb,https://www.oppeincabinetry.ca/shop/ply-pgw-w361224-wall-fridge-cabinet-15489,
oppein-ply-pgw-w331524,OPPEIN,PLY-PGW-W331524,Wall Fridge Cabinet,White High Gloss,Plywood,model_ready,838.2,381.0,606.425,/cabinet-inventory/models/oppein-ply-pgw-w331524.glb,https://www.oppeincabinetry.ca/shop/ply-pgw-w331524-wall-fridge-cabinet-15484,
oppein-ply-pgw-w331224,OPPEIN,PLY-PGW-W331224,Wall Fridge Cabinet,White High Gloss,Plywood,model_ready,838.2,304.8,606.425,/cabinet-inventory/models/oppein-ply-pgw-w331224.glb,https://www.oppeincabinetry.ca/shop/ply-pgw-w331224-wall-fridge-cabinet-15482,
oppein-ply-pgw-w301524,OPPEIN,PLY-PGW-W301524,Wall Fridge Cabinet,White High Gloss,Plywood,model_ready,762.0,381.0,606.425,/cabinet-inventory/models/oppein-ply-pgw-w301524.glb,https://www.oppeincabinetry.ca/shop/ply-pgw-w301524-wall-fridge-cabinet-15478,
oppein-ply-pgw-w301224,OPPEIN,PLY-PGW-W301224,Wall Fridge Cabinet,White High Gloss,Plywood,model_ready,762.0,304.8,606.425,/cabinet-inventory/models/oppein-ply-pgw-w301224.glb,https://www.oppeincabinetry.ca/shop/ply-pgw-w301224-wall-fridge-cabinet-15477,
oppein-ply-mnw-w301224,OPPEIN,PLY-MNW-W301224,Wall Fridge Cabinet,Natural Wood,Plywood,model_ready,762.0,304.8,606.425,/cabinet-inventory/models/oppein-ply-mnw-w301224.glb,https://www.oppeincabinetry.ca/shop/ply-mnw-w301224-wall-fridge-cabinet-14020,
oppein-ply-mnw-w301524,OPPEIN,PLY-MNW-W301524,Wall Fridge Cabinet,Natural Wood,Plywood,model_ready,762.0,381.0,606.425,/cabinet-inventory/models/oppein-ply-mnw-w301524.glb,https://www.oppeincabinetry.ca/shop/ply-mnw-w301524-wall-fridge-cabinet-14021,
oppein-ply-wss-w361224,OPPEIN,PLY-WSS-W361224,Wall Fridge Cabinet,White Single Shaker,Plywood,model_ready,914.4,304.8,606.425,/cabinet-library/models/PLY-WSS-W361224.glb,https://www.oppeincabinetry.ca/shop/ply-wss-w361224-wall-fridge-cabinet-10023,
oppein-ply-bss-w332124,OPPEIN,PLY-BSS-W332124,Wall Fridge Cabinet,Blue Single Shaker,Plywood,model_ready,838.2,533.4,606.425,/cabinet-inventory/models/oppein-ply-bss-w332124.glb,https://www.oppeincabinetry.ca/shop/ply-bss-w332124-wall-fridge-cabinet-16710,
oppein-ply-bss-w302424,OPPEIN,PLY-BSS-W302424,Wall Fridge Cabinet,Blue Single Shaker,Plywood,model_ready,762.0,609.6,606.425,/cabinet-inventory/models/oppein-ply-bss-w302424.glb,https://www.oppeincabinetry.ca/shop/ply-bss-w302424-wall-fridge-cabinet-16709,
oppein-ply-bss-w302124,OPPEIN,PLY-BSS-W302124,Wall Fridge Cabinet,Blue Single Shaker,Plywood,model_ready,762.0,533.4,606.425,/cabinet-inventory/models/oppein-ply-bss-w302124.glb,https://www.oppeincabinetry.ca/shop/ply-bss-w302124-wall-fridge-cabinet-16708,
oppein-ply-gss-w331824,OPPEIN,PLY-GSS-W331824,Wall Fridge Cabinet,Gray Single Shaker,Plywood,model_ready,838.2,457.2,606.425,/cabinet-inventory/models/oppein-ply-gss-w331824.glb,https://www.oppeincabinetry.ca/shop/ply-gss-w331824-wall-fridge-cabinet-12175,
oppein-ply-mnw-w362424,OPPEIN,PLY-MNW-W362424,Wall Fridge Cabinet,Natural Wood,Plywood,model_ready,914.4,609.6,606.425,/cabinet-inventory/models/oppein-ply-mnw-w362424.glb,https://www.oppeincabinetry.ca/shop/ply-mnw-w362424-wall-fridge-cabinet-14037,
oppein-ply-pgw-w331824,OPPEIN,PLY-PGW-W331824,Wall Fridge Cabinet,White High Gloss,Plywood,model_ready,838.2,457.2,606.425,/cabinet-inventory/models/oppein-ply-pgw-w331824.glb,https://www.oppeincabinetry.ca/shop/ply-pgw-w331824-wall-fridge-cabinet-15399,
oppein-ply-mso-w362424,OPPEIN,PLY-MSO-W362424,Wall Fridge Cabinet,Smoked Oak,Plywood,model_ready,914.4,609.6,606.425,/cabinet-inventory/models/oppein-ply-mso-w362424.glb,https://www.oppeincabinetry.ca/shop/ply-mso-w362424-wall-fridge-cabinet-14758,
oppein-ply-mso-w361824,OPPEIN,PLY-MSO-W361824,Wall Fridge Cabinet,Smoked Oak,Plywood,model_ready,914.4,457.2,606.425,/cabinet-inventory/models/oppein-ply-mso-w361824.glb,https://www.oppeincabinetry.ca/shop/ply-mso-w361824-wall-fridge-cabinet-14756,
oppein-ply-mso-w361524,OPPEIN,PLY-MSO-W361524,Wall Fridge Cabinet,Smoked Oak,Plywood,model_ready,914.4,381.0,606.425,/cabinet-inventory/models/oppein-ply-mso-w361524.glb,https://www.oppeincabinetry.ca/shop/ply-mso-w361524-wall-fridge-cabinet-14755,
oppein-ply-mso-w361224,OPPEIN,PLY-MSO-W361224,Wall Fridge Cabinet,Smoked Oak,Plywood,model_ready,914.4,304.8,606.425,/cabinet-inventory/models/oppein-ply-mso-w361224.glb,https://www.oppeincabinetry.ca/shop/ply-mso-w361224-wall-fridge-cabinet-14753,
oppein-ply-mso-w331524,OPPEIN,PLY-MSO-W331524,Wall Fridge Cabinet,Smoked Oak,Plywood,model_ready,838.2,381.0,606.425,/cabinet-inventory/models/oppein-ply-mso-w331524.glb,https://www.oppeincabinetry.ca/shop/ply-mso-w331524-wall-fridge-cabinet-14748,
oppein-ply-mso-w331224,OPPEIN,PLY-MSO-W331224,Wall Fridge Cabinet,Smoked Oak,Plywood,model_ready,838.2,304.8,606.425,/cabinet-inventory/models/oppein-ply-mso-w331224.glb,https://www.oppeincabinetry.ca/shop/ply-mso-w331224-wall-fridge-cabinet-14746,
oppein-ply-wss-w331824,OPPEIN,PLY-WSS-W331824,Wall Fridge Cabinet,White Single Shaker,Plywood,model_ready,838.2,457.2,606.425,/cabinet-library/models/PLY-WSS-W331824.glb,https://www.oppeincabinetry.ca/shop/ply-wss-w331824-wall-fridge-cabinet-11372,
oppein-ply-wss-w301224,OPPEIN,PLY-WSS-W301224,Wall Fridge Cabinet,White Single Shaker,Plywood,model_ready,762.0,304.8,606.425,/cabinet-library/models/PLY-WSS-W301224.glb,https://www.oppeincabinetry.ca/shop/ply-wss-w301224-wall-fridge-cabinet-10022,
oppein-ply-mso-w301524,OPPEIN,PLY-MSO-W301524,Wall Fridge Cabinet,Smoked Oak,Plywood,model_ready,762.0,381.0,606.425,/cabinet-inventory/models/oppein-ply-mso-w301524.glb,https://www.oppeincabinetry.ca/shop/ply-mso-w301524-wall-fridge-cabinet-14742,
oppein-ply-mso-w301224,OPPEIN,PLY-MSO-W301224,Wall Fridge Cabinet,Smoked Oak,Plywood,model_ready,762.0,304.8,606.425,/cabinet-inventory/models/oppein-ply-mso-w301224.glb,https://www.oppeincabinetry.ca/shop/ply-mso-w301224-wall-fridge-cabinet-14741,
oppein-ply-bss-w301824,OPPEIN,PLY-BSS-W301824,Wall Fridge Cabinet,Blue Single Shaker,Plywood,model_ready,762.0,457.2,606.425,/cabinet-inventory/models/oppein-ply-bss-w301824.glb,https://www.oppeincabinetry.ca/shop/ply-bss-w301824-wall-fridge-cabinet-16707,
oppein-ply-mnw-w331524,OPPEIN,PLY-MNW-W331524,Wall Fridge Cabinet,Natural Wood,Plywood,model_ready,838.2,381.0,606.425,/cabinet-inventory/models/oppein-ply-mnw-w331524.glb,https://www.oppeincabinetry.ca/shop/ply-mnw-w331524-wall-fridge-cabinet-14027,
oppein-ply-gss-w3336,OPPEIN,PLY-GSS-W3336,Wall Fridge Cabinet,Gray Single Shaker,Plywood,model_ready,838.2,914.4,304.8,/cabinet-inventory/models/oppein-ply-gss-w3336.glb,https://www.oppeincabinetry.ca/shop/ply-gss-w3336-wall-fridge-cabinet-12155,
oppein-ply-gss-w361824,OPPEIN,PLY-GSS-W361824,Wall Fridge Cabinet,Gray Single Shaker,Plywood,model_ready,914.4,457.2,606.425,/cabinet-inventory/models/oppein-ply-gss-w361824.glb,https://www.oppeincabinetry.ca/shop/ply-gss-w361824-wall-fridge-cabinet-12186,
oppein-ply-gss-w362424,OPPEIN,PLY-GSS-W362424,Wall Fridge Cabinet,Gray Single Shaker,Plywood,model_ready,914.4,609.6,606.425,/cabinet-inventory/models/oppein-ply-gss-w362424.glb,https://www.oppeincabinetry.ca/shop/ply-gss-w362424-wall-fridge-cabinet-12187,
oppein-ply-bss-w362424,OPPEIN,PLY-BSS-W362424,Wall Fridge Cabinet,Blue Single Shaker,Plywood,model_ready,914.4,609.6,606.425,/cabinet-inventory/models/oppein-ply-bss-w362424.glb,https://www.oppeincabinetry.ca/shop/ply-bss-w362424-wall-fridge-cabinet-15819,
oppein-ply-mnw-w361824,OPPEIN,PLY-MNW-W361824,Wall Fridge Cabinet,Natural Wood,Plywood,model_ready,914.4,457.2,606.425,/cabinet-inventory/models/oppein-ply-mnw-w361824.glb,https://www.oppeincabinetry.ca/shop/ply-mnw-w361824-wall-fridge-cabinet-14035,
oppein-ply-bss-w361824,OPPEIN,PLY-BSS-W361824,Wall Fridge Cabinet,Blue Single Shaker,Plywood,model_ready,914.4,457.2,606.425,/cabinet-inventory/models/oppein-ply-bss-w361824.glb,https://www.oppeincabinetry.ca/shop/ply-bss-w361824-wall-fridge-cabinet-15817,
oppein-ply-gss-w301524,OPPEIN,PLY-GSS-W301524,Wall Fridge Cabinet,Gray Single Shaker,Plywood,model_ready,762.0,381.0,606.425,/cabinet-inventory/models/oppein-ply-gss-w301524.glb,https://www.oppeincabinetry.ca/shop/ply-gss-w301524-wall-fridge-cabinet-12192,
oppein-ply-gss-w331524,OPPEIN,PLY-GSS-W331524,Wall Fridge Cabinet,Gray Single Shaker,Plywood,model_ready,838.2,381.0,606.425,/cabinet-inventory/models/oppein-ply-gss-w331524.glb,https://www.oppeincabinetry.ca/shop/ply-gss-w331524-wall-fridge-cabinet-12191,
oppein-ply-gss-w301224,OPPEIN,PLY-GSS-W301224,Wall Fridge Cabinet,Gray Single Shaker,Plywood,model_ready,762.0,304.8,606.425,/cabinet-inventory/models/oppein-ply-gss-w301224.glb,https://www.oppeincabinetry.ca/shop/ply-gss-w301224-wall-fridge-cabinet-12190,
oppein-ply-gss-w361224,OPPEIN,PLY-GSS-W361224,Wall Fridge Cabinet,Gray Single Shaker,Plywood,model_ready,914.4,304.8,606.425,/cabinet-inventory/models/oppein-ply-gss-w361224.glb,https://www.oppeincabinetry.ca/shop/ply-gss-w361224-wall-fridge-cabinet-12189,
oppein-ply-bss-w361524,OPPEIN,PLY-BSS-W361524,Wall Fridge Cabinet,Blue Single Shaker,Plywood,model_ready,914.4,381.0,606.425,/cabinet-inventory/models/oppein-ply-bss-w361524.glb,https://www.oppeincabinetry.ca/shop/ply-bss-w361524-wall-fridge-cabinet-15814,
oppein-ply-gss-w361524,OPPEIN,PLY-GSS-W361524,Wall Fridge Cabinet,Gray Single Shaker,Plywood,model_ready,914.4,381.0,606.425,/cabinet-inventory/models/oppein-ply-gss-w361524.glb,https://www.oppeincabinetry.ca/shop/ply-gss-w361524-wall-fridge-cabinet-12193,
oppein-ply-bss-w361224,OPPEIN,PLY-BSS-W361224,Wall Fridge Cabinet,Blue Single Shaker,Plywood,model_ready,914.4,304.8,606.425,/cabinet-inventory/models/oppein-ply-bss-w361224.glb,https://www.oppeincabinetry.ca/shop/ply-bss-w361224-wall-fridge-cabinet-15812,
oppein-ply-bss-w331524,OPPEIN,PLY-BSS-W331524,Wall Fridge Cabinet,Blue Single Shaker,Plywood,model_ready,838.2,381.0,606.425,/cabinet-inventory/models/oppein-ply-bss-w331524.glb,https://www.oppeincabinetry.ca/shop/ply-bss-w331524-wall-fridge-cabinet-15802,
oppein-ply-bss-w331224,OPPEIN,PLY-BSS-W331224,Wall Fridge Cabinet,Blue Single Shaker,Plywood,model_ready,838.2,304.8,606.425,/cabinet-inventory/models/oppein-ply-bss-w331224.glb,https://www.oppeincabinetry.ca/shop/ply-bss-w331224-wall-fridge-cabinet-15800,
oppein-ply-bss-w301524,OPPEIN,PLY-BSS-W301524,Wall Fridge Cabinet,Blue Single Shaker,Plywood,model_ready,762.0,381.0,606.425,/cabinet-inventory/models/oppein-ply-bss-w301524.glb,https://www.oppeincabinetry.ca/shop/ply-bss-w301524-wall-fridge-cabinet-15792,
oppein-ply-wss-w331524,OPPEIN,PLY-WSS-W331524,Wall Fridge Cabinet,White Single Shaker,Plywood,model_ready,838.2,381.0,606.425,/cabinet-library/models/PLY-WSS-W331524.glb,https://www.oppeincabinetry.ca/shop/ply-wss-w331524-wall-fridge-cabinet-10021,
oppein-ply-wss-w301524,OPPEIN,PLY-WSS-W301524,Wall Fridge Cabinet,White Single Shaker,Plywood,model_ready,762.0,381.0,606.425,/cabinet-library/models/PLY-WSS-W301524.glb,https://www.oppeincabinetry.ca/shop/ply-wss-w301524-wall-fridge-cabinet-10020,
oppein-ply-pgw-w362124,OPPEIN,PLY-PGW-W362124,Wall Fridge Cabinet,White High Gloss,Plywood,model_ready,914.4,533.4,606.425,/cabinet-inventory/models/oppein-ply-pgw-w362124.glb,https://www.oppeincabinetry.ca/shop/ply-pgw-w362124-wall-fridge-cabinet-16743,
oppein-ply-pgw-w332124,OPPEIN,PLY-PGW-W332124,Wall Fridge Cabinet,White High Gloss,Plywood,model_ready,838.2,533.4,606.425,/cabinet-inventory/models/oppein-ply-pgw-w332124.glb,https://www.oppeincabinetry.ca/shop/ply-pgw-w332124-wall-fridge-cabinet-16740,
oppein-ply-pgw-w302424,OPPEIN,PLY-PGW-W302424,Wall Fridge Cabinet,White High Gloss,Plywood,model_ready,762.0,609.6,606.425,/cabinet-inventory/models/oppein-ply-pgw-w302424.glb,https://www.oppeincabinetry.ca/shop/ply-pgw-w302424-wall-fridge-cabinet-16739,
oppein-ply-mnw-w361224,OPPEIN,PLY-MNW-W361224,Wall Fridge Cabinet,Natural Wood,Plywood,model_ready,914.4,304.8,606.425,/cabinet-inventory/models/oppein-ply-mnw-w361224.glb,https://www.oppeincabinetry.ca/shop/ply-mnw-w361224-wall-fridge-cabinet-14032,
oppein-ply-pgw-w302124,OPPEIN,PLY-PGW-W302124,Wall Fridge Cabinet,White High Gloss,Plywood,model_ready,762.0,533.4,606.425,/cabinet-inventory/models/oppein-ply-pgw-w302124.glb,https://www.oppeincabinetry.ca/shop/ply-pgw-w302124-wall-fridge-cabinet-16738,
oppein-ply-pgw-w301824,OPPEIN,PLY-PGW-W301824,Wall Fridge Cabinet,White High Gloss,Plywood,model_ready,762.0,457.2,606.425,/cabinet-inventory/models/oppein-ply-pgw-w301824.glb,https://www.oppeincabinetry.ca/shop/ply-pgw-w301824-wall-fridge-cabinet-16737,
oppein-ply-bss-w362124,OPPEIN,PLY-BSS-W362124,Wall Fridge Cabinet,Blue Single Shaker,Plywood,model_ready,914.4,533.4,606.425,/cabinet-inventory/models/oppein-ply-bss-w362124.glb,https://www.oppeincabinetry.ca/shop/ply-bss-w362124-wall-fridge-cabinet-16713,
oppein-pb-mnw-w301224,OPPEIN,PB-MNW-W301224,Wall Fridge Cabinet,Natural Wood,Particle board,model_ready,762.0,304.8,606.425,/cabinet-inventory/models/oppein-pb-mnw-w301224.glb,https://www.oppeincabinetry.ca/shop/pb-mnw-w301224-wall-fridge-cabinet-18698,
oppein-pb-ssw-w302424,OPPEIN,PB-SSW-W302424,Wall Fridge Cabinet,White Slim Shaker,Particle board,model_ready,762.0,609.6,606.425,/cabinet-inventory/models/oppein-pb-ssw-w302424.glb,https://www.oppeincabinetry.ca/shop/pb-ssw-w302424-wall-fridge-cabinet-18978,
oppein-pb-wss-w301224,OPPEIN,PB-WSS-W301224,Wall Fridge Cabinet,White Single Shaker,Particle board,model_ready,762.0,304.8,606.425,/cabinet-inventory/models/oppein-pb-wss-w301224.glb,https://www.oppeincabinetry.ca/shop/pb-wss-w301224-wall-fridge-cabinet-17879,
oppein-pb-bss-w301524,OPPEIN,PB-BSS-W301524,Wall Fridge Cabinet,Blue Single Shaker,Particle board,model_ready,762.0,381.0,606.425,/cabinet-inventory/models/oppein-pb-bss-w301524.glb,https://www.oppeincabinetry.ca/shop/pb-bss-w301524-wall-fridge-cabinet-17745,
oppein-ply-bss-w331824,OPPEIN,PLY-BSS-W331824,Wall Fridge Cabinet,Blue Single Shaker,Plywood,model_ready,838.2,457.2,606.425,/cabinet-inventory/models/oppein-ply-bss-w331824.glb,https://www.oppeincabinetry.ca/shop/ply-bss-w331824-wall-fridge-cabinet-15804,
oppein-pb-gss-w331524,OPPEIN,PB-GSS-W331524,Wall Fridge Cabinet,Gray Single Shaker,Particle board,model_ready,838.2,381.0,606.425,/cabinet-inventory/models/oppein-pb-gss-w331524.glb,https://www.oppeincabinetry.ca/shop/pb-gss-w331524-wall-fridge-cabinet-18030,
oppein-pb-bss-w301224,OPPEIN,PB-BSS-W301224,Wall Fridge Cabinet,Blue Single Shaker,Particle board,model_ready,762.0,304.8,606.425,/cabinet-inventory/models/oppein-pb-bss-w301224.glb,https://www.oppeincabinetry.ca/shop/pb-bss-w301224-wall-fridge-cabinet-17743,
oppein-pb-bss-w362124,OPPEIN,PB-BSS-W362124,Wall Fridge Cabinet,Blue Single Shaker,Particle board,model_ready,914.4,533.4,606.425,/cabinet-inventory/models/oppein-pb-bss-w362124.glb,https://www.oppeincabinetry.ca/shop/pb-bss-w362124-wall-fridge-cabinet-17775,
oppein-pb-mnw-w362424,OPPEIN,PB-MNW-W362424,Wall Fridge Cabinet,Natural Wood,Particle board,model_ready,914.4,609.6,606.425,/cabinet-inventory/models/oppein-pb-mnw-w362424.glb,https://www.oppeincabinetry.ca/shop/pb-mnw-w362424-wall-fridge-cabinet-18732,
oppein-pb-gss-w332424,OPPEIN,PB-GSS-W332424,Wall Fridge Cabinet,Gray Single Shaker,Particle board,model_ready,838.2,609.6,606.425,/cabinet-inventory/models/oppein-pb-gss-w332424.glb,https://www.oppeincabinetry.ca/shop/pb-gss-w332424-wall-fridge-cabinet-18036,
oppein-pb-pgw-w302424,OPPEIN,PB-PGW-W302424,Wall Fridge Cabinet,White High Gloss,Particle board,model_ready,762.0,609.6,606.425,/cabinet-inventory/models/oppein-pb-pgw-w302424.glb,https://www.oppeincabinetry.ca/shop/pb-pgw-w302424-wall-fridge-cabinet-18159,
oppein-pb-gss-w302124,OPPEIN,PB-GSS-W302124,Wall Fridge Cabinet,Gray Single Shaker,Particle board,model_ready,762.0,533.4,606.425,/cabinet-inventory/models/oppein-pb-gss-w302124.glb,https://www.oppeincabinetry.ca/shop/pb-gss-w302124-wall-fridge-cabinet-18021,
oppein-ply-ssw-w331824,OPPEIN,PLY-SSW-W331824,Wall Fridge Cabinet,White Slim Shaker,Plywood,model_ready,838.2,457.2,606.425,/cabinet-inventory/models/oppein-ply-ssw-w331824.glb,https://www.oppeincabinetry.ca/shop/ply-ssw-w331824-wall-fridge-cabinet-12481,
oppein-pb-bss-w361524,OPPEIN,PB-BSS-W361524,Wall Fridge Cabinet,Blue Single Shaker,Particle board,model_ready,914.4,381.0,606.425,/cabinet-inventory/models/oppein-pb-bss-w361524.glb,https://www.oppeincabinetry.ca/shop/pb-bss-w361524-wall-fridge-cabinet-17771,
oppein-pb-mnw-w361224,OPPEIN,PB-MNW-W361224,Wall Fridge Cabinet,Natural Wood,Particle board,model_ready,914.4,304.8,606.425,/cabinet-inventory/models/oppein-pb-mnw-w361224.glb,https://www.oppeincabinetry.ca/shop/pb-mnw-w361224-wall-fridge-cabinet-18724,
oppein-pb-gss-w301224,OPPEIN,PB-GSS-W301224,Wall Fridge Cabinet,Gray Single Shaker,Particle board,model_ready,762.0,304.8,606.425,/cabinet-inventory/models/oppein-pb-gss-w301224.glb,https://www.oppeincabinetry.ca/shop/pb-gss-w301224-wall-fridge-cabinet-18015,
oppein-pb-pgw-w302124,OPPEIN,PB-PGW-W302124,Wall Fridge Cabinet,White High Gloss,Particle board,model_ready,762.0,533.4,606.425,/cabinet-inventory/models/oppein-pb-pgw-w302124.glb,https://www.oppeincabinetry.ca/shop/pb-pgw-w302124-wall-fridge-cabinet-18157,
oppein-pb-gss-w362424,OPPEIN,PB-GSS-W362424,Wall Fridge Cabinet,Gray Single Shaker,Particle board,model_ready,914.4,609.6,606.425,/cabinet-inventory/models/oppein-pb-gss-w362424.glb,https://www.oppeincabinetry.ca/shop/pb-gss-w362424-wall-fridge-cabinet-18049,
oppein-pb-pgw-w301824,OPPEIN,PB-PGW-W301824,Wall Fridge Cabinet,White High Gloss,Particle board,model_ready,762.0,457.2,606.425,/cabinet-inventory/models/oppein-pb-pgw-w301824.glb,https://www.oppeincabinetry.ca/shop/pb-pgw-w301824-wall-fridge-cabinet-18155,
oppein-pb-mnw-w301524,OPPEIN,PB-MNW-W301524,Wall Fridge Cabinet,Natural Wood,Particle board,model_ready,762.0,381.0,606.425,/cabinet-inventory/models/oppein-pb-mnw-w301524.glb,https://www.oppeincabinetry.ca/shop/pb-mnw-w301524-wall-fridge-cabinet-18700,
oppein-pb-mnw-w361524,OPPEIN,PB-MNW-W361524,Wall Fridge Cabinet,Natural Wood,Particle board,model_ready,914.4,381.0,606.425,/cabinet-inventory/models/oppein-pb-mnw-w361524.glb,https://www.oppeincabinetry.ca/shop/pb-mnw-w361524-wall-fridge-cabinet-18726,
oppein-pb-mnw-w301824,OPPEIN,PB-MNW-W301824,Wall Fridge Cabinet,Natural Wood,Particle board,model_ready,762.0,457.2,606.425,/cabinet-inventory/models/oppein-pb-mnw-w301824.glb,https://www.oppeincabinetry.ca/shop/pb-mnw-w301824-wall-fridge-cabinet-18702,
oppein-pb-bss-w331224,OPPEIN,PB-BSS-W331224,Wall Fridge Cabinet,Blue Single Shaker,Particle board,model_ready,838.2,304.8,606.425,/cabinet-inventory/models/oppein-pb-bss-w331224.glb,https://www.oppeincabinetry.ca/shop/pb-bss-w331224-wall-fridge-cabinet-17756,
oppein-pb-bss-w361824,OPPEIN,PB-BSS-W361824,Wall Fridge Cabinet,Blue Single Shaker,Particle board,model_ready,914.4,457.2,606.425,/cabinet-inventory/models/oppein-pb-bss-w361824.glb,https://www.oppeincabinetry.ca/shop/pb-bss-w361824-wall-fridge-cabinet-17773,
oppein-pb-mnw-w302124,OPPEIN,PB-MNW-W302124,Wall Fridge Cabinet,Natural Wood,Particle board,model_ready,762.0,533.4,606.425,/cabinet-inventory/models/oppein-pb-mnw-w302124.glb,https://www.oppeincabinetry.ca/shop/pb-mnw-w302124-wall-fridge-cabinet-18704,
oppein-ply-pgw-w332424,OPPEIN,PLY-PGW-W332424,Wall Fridge Cabinet,White High Gloss,Plywood,model_ready,838.2,609.6,606.425,/cabinet-inventory/models/oppein-ply-pgw-w332424.glb,https://www.oppeincabinetry.ca/shop/ply-pgw-w332424-wall-fridge-cabinet-16741,
oppein-pb-mnw-w302424,OPPEIN,PB-MNW-W302424,Wall Fridge Cabinet,Natural Wood,Particle board,model_ready,762.0,609.6,606.425,/cabinet-inventory/models/oppein-pb-mnw-w302424.glb,https://www.oppeincabinetry.ca/shop/pb-mnw-w302424-wall-fridge-cabinet-18706,
oppein-pb-gss-w361824,OPPEIN,PB-GSS-W361824,Wall Fridge Cabinet,Gray Single Shaker,Particle board,model_ready,914.4,457.2,606.425,/cabinet-inventory/models/oppein-pb-gss-w361824.glb,https://www.oppeincabinetry.ca/shop/pb-gss-w361824-wall-fridge-cabinet-18045,
oppein-pb-bss-w302424,OPPEIN,PB-BSS-W302424,Wall Fridge Cabinet,Blue Single Shaker,Particle board,model_ready,762.0,609.6,606.425,/cabinet-inventory/models/oppein-pb-bss-w302424.glb,https://www.oppeincabinetry.ca/shop/pb-bss-w302424-wall-fridge-cabinet-17751,
oppein-ply-mso-w331824,OPPEIN,PLY-MSO-W331824,Wall Fridge Cabinet,Smoked Oak,Plywood,model_ready,838.2,457.2,606.425,/cabinet-inventory/models/oppein-ply-mso-w331824.glb,https://www.oppeincabinetry.ca/shop/ply-mso-w331824-wall-fridge-cabinet-14664,
oppein-ply-mnw-w331824,OPPEIN,PLY-MNW-W331824,Wall Fridge Cabinet,Natural Wood,Plywood,model_ready,838.2,457.2,606.425,/cabinet-inventory/models/oppein-ply-mnw-w331824.glb,https://www.oppeincabinetry.ca/shop/ply-mnw-w331824-wall-fridge-cabinet-13942,
oppein-pb-pgw-w362424,OPPEIN,PB-PGW-W362424,Wall Fridge Cabinet,White High Gloss,Particle board,model_ready,914.4,609.6,606.425,/cabinet-inventory/models/oppein-pb-pgw-w362424.glb,https://www.oppeincabinetry.ca/shop/pb-pgw-w362424-wall-fridge-cabinet-18185,
oppein-pb-gss-w362124,OPPEIN,PB-GSS-W362124,Wall Fridge Cabinet,Gray Single Shaker,Particle board,model_ready,914.4,533.4,606.425,/cabinet-inventory/models/oppein-pb-gss-w362124.glb,https://www.oppeincabinetry.ca/shop/pb-gss-w362124-wall-fridge-cabinet-18047,
oppein-ply-bss-w332424,OPPEIN,PLY-BSS-W332424,Wall Fridge Cabinet,Blue Single Shaker,Plywood,model_ready,838.2,609.6,606.425,/cabinet-inventory/models/oppein-ply-bss-w332424.glb,https://www.oppeincabinetry.ca/shop/ply-bss-w332424-wall-fridge-cabinet-16711,
oppein-pb-ssw-w301224,OPPEIN,PB-SSW-W301224,Wall Fridge Cabinet,White Slim Shaker,Particle board,model_ready,762.0,304.8,606.425,/cabinet-inventory/models/oppein-pb-ssw-w301224.glb,https://www.oppeincabinetry.ca/shop/pb-ssw-w301224-wall-fridge-cabinet-18970,
oppein-pb-wss-w301524,OPPEIN,PB-WSS-W301524,Wall Fridge Cabinet,White Single Shaker,Particle board,model_ready,762.0,381.0,606.425,/cabinet-inventory/models/oppein-pb-wss-w301524.glb,https://www.oppeincabinetry.ca/shop/pb-wss-w301524-wall-fridge-cabinet-17881,
oppein-pb-ssw-w301524,OPPEIN,PB-SSW-W301524,Wall Fridge Cabinet,White Slim Shaker,Particle board,model_ready,762.0,381.0,606.425,/cabinet-inventory/models/oppein-pb-ssw-w301524.glb,https://www.oppeincabinetry.ca/shop/pb-ssw-w301524-wall-fridge-cabinet-18972,
oppein-pb-gss-w361524,OPPEIN,PB-GSS-W361524,Wall Fridge Cabinet,Gray Single Shaker,Particle board,model_ready,914.4,381.0,606.425,/cabinet-inventory/models/oppein-pb-gss-w361524.glb,https://www.oppeincabinetry.ca/shop/pb-gss-w361524-wall-fridge-cabinet-18043,
oppein-pb-ssw-w301824,OPPEIN,PB-SSW-W301824,Wall Fridge Cabinet,White Slim Shaker,Particle board,model_ready,762.0,457.2,606.425,/cabinet-inventory/models/oppein-pb-ssw-w301824.glb,https://www.oppeincabinetry.ca/shop/pb-ssw-w301824-wall-fridge-cabinet-18974,
oppein-pb-pgw-w301524,OPPEIN,PB-PGW-W301524,Wall Fridge Cabinet,White High Gloss,Particle board,model_ready,762.0,381.0,606.425,/cabinet-inventory/models/oppein-pb-pgw-w301524.glb,https://www.oppeincabinetry.ca/shop/pb-pgw-w301524-wall-fridge-cabinet-18153,
oppein-pb-ssw-w302124,OPPEIN,PB-SSW-W302124,Wall Fridge Cabinet,White Slim Shaker,Particle board,model_ready,762.0,533.4,606.425,/cabinet-inventory/models/oppein-pb-ssw-w302124.glb,https://www.oppeincabinetry.ca/shop/pb-ssw-w302124-wall-fridge-cabinet-18976,
oppein-pb-pgw-w362124,OPPEIN,PB-PGW-W362124,Wall Fridge Cabinet,White High Gloss,Particle board,model_ready,914.4,533.4,606.425,/cabinet-inventory/models/oppein-pb-pgw-w362124.glb,https://www.oppeincabinetry.ca/shop/pb-pgw-w362124-wall-fridge-cabinet-18183,
oppein-pb-pgw-w361824,OPPEIN,PB-PGW-W361824,Wall Fridge Cabinet,White High Gloss,Particle board,model_ready,914.4,457.2,606.425,/cabinet-inventory/models/oppein-pb-pgw-w361824.glb,https://www.oppeincabinetry.ca/shop/pb-pgw-w361824-wall-fridge-cabinet-18181,
oppein-pb-gss-w301524,OPPEIN,PB-GSS-W301524,Wall Fridge Cabinet,Gray Single Shaker,Particle board,model_ready,762.0,381.0,606.425,/cabinet-inventory/models/oppein-pb-gss-w301524.glb,https://www.oppeincabinetry.ca/shop/pb-gss-w301524-wall-fridge-cabinet-18017,
oppein-pb-ssw-w331224,OPPEIN,PB-SSW-W331224,Wall Fridge Cabinet,White Slim Shaker,Particle board,model_ready,838.2,304.8,606.425,/cabinet-inventory/models/oppein-pb-ssw-w331224.glb,https://www.oppeincabinetry.ca/shop/pb-ssw-w331224-wall-fridge-cabinet-18983,
oppein-pb-ssw-w331524,OPPEIN,PB-SSW-W331524,Wall Fridge Cabinet,White Slim Shaker,Particle board,model_ready,838.2,381.0,606.425,/cabinet-inventory/models/oppein-pb-ssw-w331524.glb,https://www.oppeincabinetry.ca/shop/pb-ssw-w331524-wall-fridge-cabinet-18985,
oppein-pb-ssw-w331824,OPPEIN,PB-SSW-W331824,Wall Fridge Cabinet,White Slim Shaker,Particle board,model_ready,838.2,457.2,606.425,/cabinet-inventory/models/oppein-pb-ssw-w331824.glb,https://www.oppeincabinetry.ca/shop/pb-ssw-w331824-wall-fridge-cabinet-18987,
oppein-pb-ssw-w332124,OPPEIN,PB-SSW-W332124,Wall Fridge Cabinet,White Slim Shaker,Particle board,model_ready,838.2,533.4,606.425,/cabinet-inventory/models/oppein-pb-ssw-w332124.glb,https://www.oppeincabinetry.ca/shop/pb-ssw-w332124-wall-fridge-cabinet-18989,
oppein-pb-ssw-w332424,OPPEIN,PB-SSW-W332424,Wall Fridge Cabinet,White Slim Shaker,Particle board,model_ready,838.2,609.6,606.425,/cabinet-inventory/models/oppein-pb-ssw-w332424.glb,https://www.oppeincabinetry.ca/shop/pb-ssw-w332424-wall-fridge-cabinet-18991,
oppein-pb-pgw-w361524,OPPEIN,PB-PGW-W361524,Wall Fridge Cabinet,White High Gloss,Particle board,model_ready,914.4,381.0,606.425,/cabinet-inventory/models/oppein-pb-pgw-w361524.glb,https://www.oppeincabinetry.ca/shop/pb-pgw-w361524-wall-fridge-cabinet-18179,
oppein-pb-bss-w331524,OPPEIN,PB-BSS-W331524,Wall Fridge Cabinet,Blue Single Shaker,Particle board,model_ready,838.2,381.0,606.425,/cabinet-inventory/models/oppein-pb-bss-w331524.glb,https://www.oppeincabinetry.ca/shop/pb-bss-w331524-wall-fridge-cabinet-17758,
oppein-pb-mnw-w361824,OPPEIN,PB-MNW-W361824,Wall Fridge Cabinet,Natural Wood,Particle board,model_ready,914.4,457.2,606.425,/cabinet-inventory/models/oppein-pb-mnw-w361824.glb,https://www.oppeincabinetry.ca/shop/pb-mnw-w361824-wall-fridge-cabinet-18728,
oppein-pb-bss-w362424,OPPEIN,PB-BSS-W362424,Wall Fridge Cabinet,Blue Single Shaker,Particle board,model_ready,914.4,609.6,606.425,/cabinet-inventory/models/oppein-pb-bss-w362424.glb,https://www.oppeincabinetry.ca/shop/pb-bss-w362424-wall-fridge-cabinet-17777,
oppein-pb-pgw-w361224,OPPEIN,PB-PGW-W361224,Wall Fridge Cabinet,White High Gloss,Particle board,model_ready,914.4,304.8,606.425,/cabinet-inventory/models/oppein-pb-pgw-w361224.glb,https://www.oppeincabinetry.ca/shop/pb-pgw-w361224-wall-fridge-cabinet-18177,
oppein-pb-gss-w361224,OPPEIN,PB-GSS-W361224,Wall Fridge Cabinet,Gray Single Shaker,Particle board,model_ready,914.4,304.8,606.425,/cabinet-inventory/models/oppein-pb-gss-w361224.glb,https://www.oppeincabinetry.ca/shop/pb-gss-w361224-wall-fridge-cabinet-18041,
oppein-pb-bss-w331824,OPPEIN,PB-BSS-W331824,Wall Fridge Cabinet,Blue Single Shaker,Particle board,model_ready,838.2,457.2,606.425,/cabinet-inventory/models/oppein-pb-bss-w331824.glb,https://www.oppeincabinetry.ca/shop/pb-bss-w331824-wall-fridge-cabinet-17760,
oppein-pb-ssw-w361224,OPPEIN,PB-SSW-W361224,Wall Fridge Cabinet,White Slim Shaker,Particle board,model_ready,914.4,304.8,606.425,/cabinet-inventory/models/oppein-pb-ssw-w361224.glb,https://www.oppeincabinetry.ca/shop/pb-ssw-w361224-wall-fridge-cabinet-18996,
oppein-pb-gss-w301824,OPPEIN,PB-GSS-W301824,Wall Fridge Cabinet,Gray Single Shaker,Particle board,model_ready,762.0,457.2,606.425,/cabinet-inventory/models/oppein-pb-gss-w301824.glb,https://www.oppeincabinetry.ca/shop/pb-gss-w301824-wall-fridge-cabinet-18019,
oppein-pb-ssw-w361524,OPPEIN,PB-SSW-W361524,Wall Fridge Cabinet,White Slim Shaker,Particle board,model_ready,914.4,381.0,606.425,/cabinet-inventory/models/oppein-pb-ssw-w361524.glb,https://www.oppeincabinetry.ca/shop/pb-ssw-w361524-wall-fridge-cabinet-18998,
oppein-pb-ssw-w361824,OPPEIN,PB-SSW-W361824,Wall Fridge Cabinet,White Slim Shaker,Particle board,model_ready,914.4,457.2,606.425,/cabinet-inventory/models/oppein-pb-ssw-w361824.glb,https://www.oppeincabinetry.ca/shop/pb-ssw-w361824-wall-fridge-cabinet-19000,
oppein-pb-gss-w331224,OPPEIN,PB-GSS-W331224,Wall Fridge Cabinet,Gray Single Shaker,Particle board,model_ready,838.2,304.8,606.425,/cabinet-inventory/models/oppein-pb-gss-w331224.glb,https://www.oppeincabinetry.ca/shop/pb-gss-w331224-wall-fridge-cabinet-18028,
oppein-pb-ssw-w362124,OPPEIN,PB-SSW-W362124,Wall Fridge Cabinet,White Slim Shaker,Particle board,model_ready,914.4,533.4,606.425,/cabinet-inventory/models/oppein-pb-ssw-w362124.glb,https://www.oppeincabinetry.ca/shop/pb-ssw-w362124-wall-fridge-cabinet-19002,
oppein-pb-wss-w331224,OPPEIN,PB-WSS-W331224,Wall Fridge Cabinet,White Single Shaker,Particle board,model_ready,838.2,304.8,606.425,/cabinet-inventory/models/oppein-pb-wss-w331224.glb,https://www.oppeincabinetry.ca/shop/pb-wss-w331224-wall-fridge-cabinet-17892,
oppein-pb-wss-w301824,OPPEIN,PB-WSS-W301824,Wall Fridge Cabinet,White Single Shaker,Particle board,model_ready,762.0,457.2,606.425,/cabinet-inventory/models/oppein-pb-wss-w301824.glb,https://www.oppeincabinetry.ca/shop/pb-wss-w301824-wall-fridge-cabinet-17883,
oppein-pb-wss-w331524,OPPEIN,PB-WSS-W331524,Wall Fridge Cabinet,White Single Shaker,Particle board,model_ready,838.2,381.0,606.425,/cabinet-inventory/models/oppein-pb-wss-w331524.glb,https://www.oppeincabinetry.ca/shop/pb-wss-w331524-wall-fridge-cabinet-17894,
oppein-pb-wss-w302124,OPPEIN,PB-WSS-W302124,Wall Fridge Cabinet,White Single Shaker,Particle board,model_ready,762.0,533.4,606.425,/cabinet-inventory/models/oppein-pb-wss-w302124.glb,https://www.oppeincabinetry.ca/shop/pb-wss-w302124-wall-fridge-cabinet-17885,
oppein-pb-wss-w331824,OPPEIN,PB-WSS-W331824,Wall Fridge Cabinet,White Single Shaker,Particle board,model_ready,838.2,457.2,606.425,/cabinet-inventory/models/oppein-pb-wss-w331824.glb,https://www.oppeincabinetry.ca/shop/pb-wss-w331824-wall-fridge-cabinet-17896,
oppein-pb-pgw-w332424,OPPEIN,PB-PGW-W332424,Wall Fridge Cabinet,White High Gloss,Particle board,model_ready,838.2,609.6,606.425,/cabinet-inventory/models/oppein-pb-pgw-w332424.glb,https://www.oppeincabinetry.ca/shop/pb-pgw-w332424-wall-fridge-cabinet-18172,
oppein-pb-wss-w332124,OPPEIN,PB-WSS-W332124,Wall Fridge Cabinet,White Single Shaker,Particle board,model_ready,838.2,533.4,606.425,/cabinet-inventory/models/oppein-pb-wss-w332124.glb,https://www.oppeincabinetry.ca/shop/pb-wss-w332124-wall-fridge-cabinet-17898,
oppein-pb-wss-w332424,OPPEIN,PB-WSS-W332424,Wall Fridge Cabinet,White Single Shaker,Particle board,model_ready,838.2,609.6,606.425,/cabinet-inventory/models/oppein-pb-wss-w332424.glb,https://www.oppeincabinetry.ca/shop/pb-wss-w332424-wall-fridge-cabinet-17900,
oppein-pb-pgw-w332124,OPPEIN,PB-PGW-W332124,Wall Fridge Cabinet,White High Gloss,Particle board,model_ready,838.2,533.4,606.425,/cabinet-inventory/models/oppein-pb-pgw-w332124.glb,https://www.oppeincabinetry.ca/shop/pb-pgw-w332124-wall-fridge-cabinet-18170,
oppein-pb-bss-w332124,OPPEIN,PB-BSS-W332124,Wall Fridge Cabinet,Blue Single Shaker,Particle board,model_ready,838.2,533.4,606.425,/cabinet-inventory/models/oppein-pb-bss-w332124.glb,https://www.oppeincabinetry.ca/shop/pb-bss-w332124-wall-fridge-cabinet-17762,
oppein-pb-ssw-w362424,OPPEIN,PB-SSW-W362424,Wall Fridge Cabinet,White Slim Shaker,Particle board,model_ready,914.4,609.6,606.425,/cabinet-inventory/models/oppein-pb-ssw-w362424.glb,https://www.oppeincabinetry.ca/shop/pb-ssw-w362424-wall-fridge-cabinet-19004,
oppein-pb-pgw-w331824,OPPEIN,PB-PGW-W331824,Wall Fridge Cabinet,White High Gloss,Particle board,model_ready,838.2,457.2,606.425,/cabinet-inventory/models/oppein-pb-pgw-w331824.glb,https://www.oppeincabinetry.ca/shop/pb-pgw-w331824-wall-fridge-cabinet-18168,
oppein-pb-wss-w361224,OPPEIN,PB-WSS-W361224,Wall Fridge Cabinet,White Single Shaker,Particle board,model_ready,914.4,304.8,606.425,/cabinet-inventory/models/oppein-pb-wss-w361224.glb,https://www.oppeincabinetry.ca/shop/pb-wss-w361224-wall-fridge-cabinet-17905,
oppein-pb-wss-w361524,OPPEIN,PB-WSS-W361524,Wall Fridge Cabinet,White Single Shaker,Particle board,model_ready,914.4,381.0,606.425,/cabinet-inventory/models/oppein-pb-wss-w361524.glb,https://www.oppeincabinetry.ca/shop/pb-wss-w361524-wall-fridge-cabinet-17907,
oppein-pb-pgw-w331524,OPPEIN,PB-PGW-W331524,Wall Fridge Cabinet,White High Gloss,Particle board,model_ready,838.2,381.0,606.425,/cabinet-inventory/models/oppein-pb-pgw-w331524.glb,https://www.oppeincabinetry.ca/shop/pb-pgw-w331524-wall-fridge-cabinet-18166,
oppein-pb-wss-w361824,OPPEIN,PB-WSS-W361824,Wall Fridge Cabinet,White Single Shaker,Particle board,model_ready,914.4,457.2,606.425,/cabinet-inventory/models/oppein-pb-wss-w361824.glb,https://www.oppeincabinetry.ca/shop/pb-wss-w361824-wall-fridge-cabinet-17909,
oppein-pb-bss-w332424,OPPEIN,PB-BSS-W332424,Wall Fridge Cabinet,Blue Single Shaker,Particle board,model_ready,838.2,609.6,606.425,/cabinet-inventory/models/oppein-pb-bss-w332424.glb,https://www.oppeincabinetry.ca/shop/pb-bss-w332424-wall-fridge-cabinet-17764,
oppein-pb-wss-w362124,OPPEIN,PB-WSS-W362124,Wall Fridge Cabinet,White Single Shaker,Particle board,model_ready,914.4,533.4,606.425,/cabinet-inventory/models/oppein-pb-wss-w362124.glb,https://www.oppeincabinetry.ca/shop/pb-wss-w362124-wall-fridge-cabinet-17911,
oppein-pb-pgw-w331224,OPPEIN,PB-PGW-W331224,Wall Fridge Cabinet,White High Gloss,Particle board,model_ready,838.2,304.8,606.425,/cabinet-inventory/models/oppein-pb-pgw-w331224.glb,https://www.oppeincabinetry.ca/shop/pb-pgw-w331224-wall-fridge-cabinet-18164,
oppein-pb-wss-w362424,OPPEIN,PB-WSS-W362424,Wall Fridge Cabinet,White Single Shaker,Particle board,model_ready,914.4,609.6,606.425,/cabinet-inventory/models/oppein-pb-wss-w362424.glb,https://www.oppeincabinetry.ca/shop/pb-wss-w362424-wall-fridge-cabinet-17913,
oppein-pb-mnw-w331224,OPPEIN,PB-MNW-W331224,Wall Fridge Cabinet,Natural Wood,Particle board,model_ready,838.2,304.8,606.425,/cabinet-inventory/models/oppein-pb-mnw-w331224.glb,https://www.oppeincabinetry.ca/shop/pb-mnw-w331224-wall-fridge-cabinet-18711,
oppein-pb-mnw-w362124,OPPEIN,PB-MNW-W362124,Wall Fridge Cabinet,Natural Wood,Particle board,model_ready,914.4,533.4,606.425,/cabinet-inventory/models/oppein-pb-mnw-w362124.glb,https://www.oppeincabinetry.ca/shop/pb-mnw-w362124-wall-fridge-cabinet-18730,
oppein-pb-gss-w302424,OPPEIN,PB-GSS-W302424,Wall Fridge Cabinet,Gray Single Shaker,Particle board,model_ready,762.0,609.6,606.425,/cabinet-inventory/models/oppein-pb-gss-w302424.glb,https://www.oppeincabinetry.ca/shop/pb-gss-w302424-wall-fridge-cabinet-18023,
oppein-pb-bss-w302124,OPPEIN,PB-BSS-W302124,Wall Fridge Cabinet,Blue Single Shaker,Particle board,model_ready,762.0,533.4,606.425,/cabinet-inventory/models/oppein-pb-bss-w302124.glb,https://www.oppeincabinetry.ca/shop/pb-bss-w302124-wall-fridge-cabinet-17749,
oppein-pb-mnw-w331524,OPPEIN,PB-MNW-W331524,Wall Fridge Cabinet,Natural Wood,Particle board,model_ready,838.2,381.0,606.425,/cabinet-inventory/models/oppein-pb-mnw-w331524.glb,https://www.oppeincabinetry.ca/shop/pb-mnw-w331524-wall-fridge-cabinet-18713,
oppein-pb-wss-w302424,OPPEIN,PB-WSS-W302424,Wall Fridge Cabinet,White Single Shaker,Particle board,model_ready,762.0,609.6,606.425,/cabinet-inventory/models/oppein-pb-wss-w302424.glb,https://www.oppeincabinetry.ca/shop/pb-wss-w302424-wall-fridge-cabinet-17887,
oppein-pb-bss-w361224,OPPEIN,PB-BSS-W361224,Wall Fridge Cabinet,Blue Single Shaker,Particle board,model_ready,914.4,304.8,606.425,/cabinet-inventory/models/oppein-pb-bss-w361224.glb,https://www.oppeincabinetry.ca/shop/pb-bss-w361224-wall-fridge-cabinet-17769,
oppein-pb-gss-w331824,OPPEIN,PB-GSS-W331824,Wall Fridge Cabinet,Gray Single Shaker,Particle board,model_ready,838.2,457.2,606.425,/cabinet-inventory/models/oppein-pb-gss-w331824.glb,https://www.oppeincabinetry.ca/shop/pb-gss-w331824-wall-fridge-cabinet-18032,
oppein-pb-mnw-w331824,OPPEIN,PB-MNW-W331824,Wall Fridge Cabinet,Natural Wood,Particle board,model_ready,838.2,457.2,606.425,/cabinet-inventory/models/oppein-pb-mnw-w331824.glb,https://www.oppeincabinetry.ca/shop/pb-mnw-w331824-wall-fridge-cabinet-18715,
oppein-pb-gss-w332124,OPPEIN,PB-GSS-W332124,Wall Fridge Cabinet,Gray Single Shaker,Particle board,model_ready,838.2,533.4,606.425,/cabinet-inventory/models/oppein-pb-gss-w332124.glb,https://www.oppeincabinetry.ca/shop/pb-gss-w332124-wall-fridge-cabinet-18034,
oppein-pb-mnw-w332124,OPPEIN,PB-MNW-W332124,Wall Fridge Cabinet,Natural Wood,Particle board,model_ready,838.2,533.4,606.425,/cabinet-inventory/models/oppein-pb-mnw-w332124.glb,https://www.oppeincabinetry.ca/shop/pb-mnw-w332124-wall-fridge-cabinet-18717,
oppein-ply-gss-w331224,OPPEIN,PLY-GSS-W331224,Wall Fridge Cabinet,Gray Single Shaker,Plywood,model_ready,838.2,304.8,606.425,/cabinet-inventory/models/oppein-ply-gss-w331224.glb,https://www.oppeincabinetry.ca/shop/ply-gss-w331224-wall-fridge-cabinet-12188,
oppein-pb-pgw-w301224,OPPEIN,PB-PGW-W301224,Wall Fridge Cabinet,White High Gloss,Particle board,model_ready,762.0,304.8,606.425,/cabinet-inventory/models/oppein-pb-pgw-w301224.glb,https://www.oppeincabinetry.ca/shop/pb-pgw-w301224-wall-fridge-cabinet-18151,
oppein-pb-mnw-w332424,OPPEIN,PB-MNW-W332424,Wall Fridge Cabinet,Natural Wood,Particle board,model_ready,838.2,609.6,606.425,/cabinet-inventory/models/oppein-pb-mnw-w332424.glb,https://www.oppeincabinetry.ca/shop/pb-mnw-w332424-wall-fridge-cabinet-18719,
oppein-pb-bss-w301824,OPPEIN,PB-BSS-W301824,Wall Fridge Cabinet,Blue Single Shaker,Particle board,model_ready,762.0,457.2,606.425,/cabinet-inventory/models/oppein-pb-bss-w301824.glb,https://www.oppeincabinetry.ca/shop/pb-bss-w301824-wall-fridge-cabinet-17747,
oppein-wss-wmc3018-open,OPPEIN,WSS-WMC3018-OPEN,Wall Microwave Cabinet,White Single Shaker,,specification_review,762.0,457.2,457.2,,https://www.oppeincabinetry.ca/shop/wss-wmc3018-open-wall-microwave-cabinet-12598,Detailed profile/footprint or accessory specification needed for modeling
oppein-pma-wmc2418-open-source-30453,OPPEIN,PMA-WMC2418-OPEN,Wall Microwave Cabinet,,,specification_review,609.6,457.2,457.2,,https://www.oppeincabinetry.ca/shop/pma-wmc2418-open-wall-microwave-cabinet-30453,Finish/profile needs verification; Detailed profile/footprint or accessory specification needed for modeling; Supplier SKU is duplicated across distinct source product pages
oppein-pmb-wmc2418-open,OPPEIN,PMB-WMC2418-OPEN,Wall Microwave Cabinet,,,specification_review,609.6,457.2,457.2,,https://www.oppeincabinetry.ca/shop/pmb-wmc2418-open-wall-microwave-cabinet-30454,Finish/profile needs verification; Detailed profile/footprint or accessory specification needed for modeling
oppein-pmg-wmc2418-open,OPPEIN,PMG-WMC2418-OPEN,Wall Microwave Cabinet,,,specification_review,609.6,457.2,457.2,,https://www.oppeincabinetry.ca/shop/pmg-wmc2418-open-wall-microwave-cabinet-30455,Finish/profile needs verification; Detailed profile/footprint or accessory specification needed for modeling
oppein-pmw-wmc2418-open,OPPEIN,PMW-WMC2418-OPEN,Wall Microwave Cabinet,,,specification_review,609.6,457.2,457.2,,https://www.oppeincabinetry.ca/shop/pmw-wmc2418-open-wall-microwave-cabinet-30456,Finish/profile needs verification; Detailed profile/footprint or accessory specification needed for modeling
oppein-pga-wmc2418-open,OPPEIN,PGA-WMC2418-OPEN,Wall Microwave Cabinet,,,specification_review,609.6,457.2,457.2,,https://www.oppeincabinetry.ca/shop/pga-wmc2418-open-wall-microwave-cabinet-30457,Finish/profile needs verification; Detailed profile/footprint or accessory specification needed for modeling
oppein-pgg-wmc2418-open,OPPEIN,PGG-WMC2418-OPEN,Wall Microwave Cabinet,,,specification_review,609.6,457.2,457.2,,https://www.oppeincabinetry.ca/shop/pgg-wmc2418-open-wall-microwave-cabinet-30458,Finish/profile needs verification; Detailed profile/footprint or accessory specification needed for modeling
oppein-pma-wmc2418-open-source-30459,OPPEIN,PMA-WMC2418-OPEN,Wall Microwave Cabinet,,,specification_review,609.6,457.2,457.2,,https://www.oppeincabinetry.ca/shop/pma-wmc2418-open-wall-microwave-cabinet-30459,Finish/profile needs verification; Detailed profile/footprint or accessory specification needed for modeling; Supplier SKU is duplicated across distinct source product pages
oppein-wss-wmc2418-open,OPPEIN,WSS-WMC2418-OPEN,Wall Microwave Cabinet,White Single Shaker,,specification_review,609.6,457.2,457.2,,https://www.oppeincabinetry.ca/shop/wss-wmc2418-open-wall-microwave-cabinet-16226,Detailed profile/footprint or accessory specification needed for modeling
oppein-mnw-wmc2418-open,OPPEIN,MNW-WMC2418-OPEN,Wall Microwave Cabinet,Natural Wood,,specification_review,609.6,457.2,457.2,,https://www.oppeincabinetry.ca/shop/mnw-wmc2418-open-wall-microwave-cabinet-19052,Detailed profile/footprint or accessory specification needed for modeling
oppein-mnw-wmc3018-open,OPPEIN,MNW-WMC3018-OPEN,Wall Microwave Cabinet,Natural Wood,,specification_review,609.6,457.2,457.2,,https://www.oppeincabinetry.ca/shop/mnw-wmc3018-open-wall-microwave-cabinet-19048,Detailed profile/footprint or accessory specification needed for modeling
oppein-pma-wmc3018-open,OPPEIN,PMA-WMC3018-OPEN,Wall Microwave Cabinet,,,specification_review,762.0,457.2,457.2,,https://www.oppeincabinetry.ca/shop/pma-wmc3018-open-wall-microwave-cabinet-30447,Finish/profile needs verification; Detailed profile/footprint or accessory specification needed for modeling
oppein-bss-wmc2418-open,OPPEIN,BSS-WMC2418-OPEN,Wall Microwave Cabinet,Blue Single Shaker,,specification_review,609.6,457.2,457.2,,https://www.oppeincabinetry.ca/shop/bss-wmc2418-open-wall-microwave-cabinet-16231,Detailed profile/footprint or accessory specification needed for modeling
oppein-pmw-wmc3018-open,OPPEIN,PMW-WMC3018-OPEN,Wall Microwave Cabinet,,,specification_review,762.0,457.2,457.2,,https://www.oppeincabinetry.ca/shop/pmw-wmc3018-open-wall-microwave-cabinet-30450,Finish/profile needs verification; Detailed profile/footprint or accessory specification needed for modeling
oppein-pga-wmc3018-open,OPPEIN,PGA-WMC3018-OPEN,Wall Microwave Cabinet,,,specification_review,762.0,457.2,457.2,,https://www.oppeincabinetry.ca/shop/pga-wmc3018-open-wall-microwave-cabinet-30451,Finish/profile needs verification; Detailed profile/footprint or accessory specification needed for modeling
oppein-pmg-wmc3018-open,OPPEIN,PMG-WMC3018-OPEN,Wall Microwave Cabinet,,,specification_review,762.0,457.2,457.2,,https://www.oppeincabinetry.ca/shop/pmg-wmc3018-open-wall-microwave-cabinet-30449,Finish/profile needs verification; Detailed profile/footprint or accessory specification needed for modeling
oppein-bss-wmc3018-open,OPPEIN,BSS-WMC3018-OPEN,Wall Microwave Cabinet,Blue Single Shaker,,specification_review,762.0,457.2,457.2,,https://www.oppeincabinetry.ca/shop/bss-wmc3018-open-wall-microwave-cabinet-16230,Detailed profile/footprint or accessory specification needed for modeling
oppein-mpw-wmc2418-open,OPPEIN,MPW-WMC2418-OPEN,Wall Microwave Cabinet,,,specification_review,609.6,457.2,457.2,,https://www.oppeincabinetry.ca/shop/mpw-wmc2418-open-wall-microwave-cabinet-19606,Finish/profile needs verification; Detailed profile/footprint or accessory specification needed for modeling
oppein-mso-wmc2418-open,OPPEIN,MSO-WMC2418-OPEN,Wall Microwave Cabinet,Smoked Oak,,specification_review,609.6,457.2,457.2,,https://www.oppeincabinetry.ca/shop/mso-wmc2418-open-wall-microwave-cabinet-19047,Detailed profile/footprint or accessory specification needed for modeling
oppein-pgg-wmc3018-open,OPPEIN,PGG-WMC3018-OPEN,Wall Microwave Cabinet,,,specification_review,762.0,457.2,457.2,,https://www.oppeincabinetry.ca/shop/pgg-wmc3018-open-wall-microwave-cabinet-30452,Finish/profile needs verification; Detailed profile/footprint or accessory specification needed for modeling
oppein-gss-wmc3018-open,OPPEIN,GSS-WMC3018-OPEN,Wall Microwave Cabinet,Gray Single Shaker,,specification_review,762.0,457.2,457.2,,https://www.oppeincabinetry.ca/shop/gss-wmc3018-open-wall-microwave-cabinet-16229,Detailed profile/footprint or accessory specification needed for modeling
oppein-mso-wmc3018-open,OPPEIN,MSO-WMC3018-OPEN,Wall Microwave Cabinet,Smoked Oak,,specification_review,609.6,457.2,457.2,,https://www.oppeincabinetry.ca/shop/mso-wmc3018-open-wall-microwave-cabinet-19049,Detailed profile/footprint or accessory specification needed for modeling
oppein-mpw-wmc3018-open,OPPEIN,MPW-WMC3018-OPEN,Wall Microwave Cabinet,,,specification_review,762.0,457.2,457.2,,https://www.oppeincabinetry.ca/shop/mpw-wmc3018-open-wall-microwave-cabinet-19607,Finish/profile needs verification; Detailed profile/footprint or accessory specification needed for modeling
oppein-gss-wmc2418-open,OPPEIN,GSS-WMC2418-OPEN,Wall Microwave Cabinet,Gray Single Shaker,,specification_review,609.6,457.2,457.2,,https://www.oppeincabinetry.ca/shop/gss-wmc2418-open-wall-microwave-cabinet-16227,Detailed profile/footprint or accessory specification needed for modeling
oppein-pmb-wmc3018-open,OPPEIN,PMB-WMC3018-OPEN,Wall Microwave Cabinet,,,specification_review,762.0,457.2,457.2,,https://www.oppeincabinetry.ca/shop/pmb-wmc3018-open-wall-microwave-cabinet-30448,Finish/profile needs verification; Detailed profile/footprint or accessory specification needed for modeling
oppein-pgw-wmc3018-open,OPPEIN,PGW-WMC3018-OPEN,Wall Microwave Cabinet,White High Gloss,,specification_review,762.0,457.2,457.2,,https://www.oppeincabinetry.ca/shop/pgw-wmc3018-open-wall-microwave-cabinet-30446,Detailed profile/footprint or accessory specification needed for modeling
oppein-pgw-wmc2418-open,OPPEIN,PGW-WMC2418-OPEN,Wall Microwave Cabinet,White High Gloss,,specification_review,609.6,457.2,457.2,,https://www.oppeincabinetry.ca/shop/pgw-wmc2418-open-wall-microwave-cabinet-30445,Detailed profile/footprint or accessory specification needed for modeling
oppein-wss-woc3015-open,OPPEIN,WSS-WOC3015-OPEN,Wall Open Box,White Single Shaker,,specification_review,762.0,381.0,304.8,,https://www.oppeincabinetry.ca/shop/wss-woc3015-open-wall-open-box-11294,Detailed profile/footprint or accessory specification needed for modeling
oppein-wss-woc3618-open,OPPEIN,WSS-WOC3618-OPEN,Wall Open Box,White Single Shaker,,specification_review,914.4,457.2,304.8,,https://www.oppeincabinetry.ca/shop/wss-woc3618-open-wall-open-box-11297,Detailed profile/footprint or accessory specification needed for modeling
oppein-mso-woc3015-open,OPPEIN,MSO-WOC3015-OPEN,Wall Open Box,Smoked Oak,,specification_review,762.0,381.0,304.8,,https://www.oppeincabinetry.ca/shop/mso-woc3015-open-wall-open-box-10592,Detailed profile/footprint or accessory specification needed for modeling
oppein-mso-woc3018-open,OPPEIN,MSO-WOC3018-OPEN,Wall Open Box,Smoked Oak,,specification_review,762.0,457.2,304.8,,https://www.oppeincabinetry.ca/shop/mso-woc3018-open-wall-open-box-10593,Detailed profile/footprint or accessory specification needed for modeling
oppein-mso-woc3615-open,OPPEIN,MSO-WOC3615-OPEN,Wall Open Box,Smoked Oak,,specification_review,914.4,381.0,304.8,,https://www.oppeincabinetry.ca/shop/mso-woc3615-open-wall-open-box-10594,Detailed profile/footprint or accessory specification needed for modeling
oppein-mso-woc3618-open,OPPEIN,MSO-WOC3618-OPEN,Wall Open Box,Smoked Oak,,specification_review,914.4,457.2,304.8,,https://www.oppeincabinetry.ca/shop/mso-woc3618-open-wall-open-box-10595,Detailed profile/footprint or accessory specification needed for modeling
oppein-wss-woc3615-open,OPPEIN,WSS-WOC3615-OPEN,Wall Open Box,White Single Shaker,,specification_review,914.4,381.0,304.8,,https://www.oppeincabinetry.ca/shop/wss-woc3615-open-wall-open-box-11296,Detailed profile/footprint or accessory specification needed for modeling
oppein-wss-woc3018-open,OPPEIN,WSS-WOC3018-OPEN,Wall Open Box,White Single Shaker,,specification_review,762.0,457.2,304.8,,https://www.oppeincabinetry.ca/shop/wss-woc3018-open-wall-open-box-11295,Detailed profile/footprint or accessory specification needed for modeling
oppein-mnw-woc3015-open,OPPEIN,MNW-WOC3015-OPEN,Wall Open Box,Natural Wood,,specification_review,762.0,381.0,304.8,,https://www.oppeincabinetry.ca/shop/mnw-woc3015-open-wall-open-box-10418,Detailed profile/footprint or accessory specification needed for modeling
oppein-mnw-woc3018-open,OPPEIN,MNW-WOC3018-OPEN,Wall Open Box,Natural Wood,,specification_review,762.0,457.2,304.8,,https://www.oppeincabinetry.ca/shop/mnw-woc3018-open-wall-open-box-10419,Detailed profile/footprint or accessory specification needed for modeling
oppein-mnw-woc3615-open,OPPEIN,MNW-WOC3615-OPEN,Wall Open Box,Natural Wood,,specification_review,914.4,381.0,304.8,,https://www.oppeincabinetry.ca/shop/mnw-woc3615-open-wall-open-box-10420,Detailed profile/footprint or accessory specification needed for modeling
oppein-mnw-woc3618-open,OPPEIN,MNW-WOC3618-OPEN,Wall Open Box,Natural Wood,,specification_review,914.4,457.2,304.8,,https://www.oppeincabinetry.ca/shop/mnw-woc3618-open-wall-open-box-10421,Detailed profile/footprint or accessory specification needed for modeling
oppein-ply-gss-w1512,OPPEIN,PLY-GSS-W1512,Wall Short Cabinet,Gray Single Shaker,Plywood,model_ready,381.0,304.8,304.8,/cabinet-inventory/models/oppein-ply-gss-w1512.glb,https://www.oppeincabinetry.ca/shop/ply-gss-w1512-wall-short-cabinet-12203,
oppein-ply-gss-w3021,OPPEIN,PLY-GSS-W3021,Wall Short Cabinet,Gray Single Shaker,Plywood,model_ready,762.0,533.4,304.8,/cabinet-inventory/models/oppein-ply-gss-w3021.glb,https://www.oppeincabinetry.ca/shop/ply-gss-w3021-wall-short-cabinet-12205,
oppein-ply-gss-w3024,OPPEIN,PLY-GSS-W3024,Wall Short Cabinet,Gray Single Shaker,Plywood,model_ready,762.0,609.6,304.8,/cabinet-inventory/models/oppein-ply-gss-w3024.glb,https://www.oppeincabinetry.ca/shop/ply-gss-w3024-wall-short-cabinet-12206,
oppein-ply-gss-w3312,OPPEIN,PLY-GSS-W3312,Wall Short Cabinet,Gray Single Shaker,Plywood,model_ready,838.2,304.8,304.8,/cabinet-inventory/models/oppein-ply-gss-w3312.glb,https://www.oppeincabinetry.ca/shop/ply-gss-w3312-wall-short-cabinet-12207,
oppein-ply-gss-w3018,OPPEIN,PLY-GSS-W3018,Wall Short Cabinet,Gray Single Shaker,Plywood,model_ready,762.0,457.2,304.8,/cabinet-inventory/models/oppein-ply-gss-w3018.glb,https://www.oppeincabinetry.ca/shop/ply-gss-w3018-wall-short-cabinet-12211,
oppein-ply-gss-w3012,OPPEIN,PLY-GSS-W3012,Wall Short Cabinet,Gray Single Shaker,Plywood,model_ready,762.0,304.8,304.8,/cabinet-inventory/models/oppein-ply-gss-w3012.glb,https://www.oppeincabinetry.ca/shop/ply-gss-w3012-wall-short-cabinet-12212,
oppein-ply-gss-w3015,OPPEIN,PLY-GSS-W3015,Wall Short Cabinet,Gray Single Shaker,Plywood,model_ready,762.0,381.0,304.8,/cabinet-inventory/models/oppein-ply-gss-w3015.glb,https://www.oppeincabinetry.ca/shop/ply-gss-w3015-wall-short-cabinet-12213,
oppein-ply-gss-w3612,OPPEIN,PLY-GSS-W3612,Wall Short Cabinet,Gray Single Shaker,Plywood,model_ready,914.4,304.8,304.8,/cabinet-inventory/models/oppein-ply-gss-w3612.glb,https://www.oppeincabinetry.ca/shop/ply-gss-w3612-wall-short-cabinet-12214,
oppein-ply-gss-w3624,OPPEIN,PLY-GSS-W3624,Wall Short Cabinet,Gray Single Shaker,Plywood,model_ready,914.4,609.6,304.8,/cabinet-inventory/models/oppein-ply-gss-w3624.glb,https://www.oppeincabinetry.ca/shop/ply-gss-w3624-wall-short-cabinet-12215,
oppein-ply-gss-w3615,OPPEIN,PLY-GSS-W3615,Wall Short Cabinet,Gray Single Shaker,Plywood,model_ready,914.4,381.0,304.8,/cabinet-inventory/models/oppein-ply-gss-w3615.glb,https://www.oppeincabinetry.ca/shop/ply-gss-w3615-wall-short-cabinet-12216,
oppein-pb-gss-w2412,OPPEIN,PB-GSS-W2412,Wall Short Cabinet,Gray Single Shaker,Particle board,model_ready,609.6,304.8,304.8,/cabinet-inventory/models/oppein-pb-gss-w2412.glb,https://www.oppeincabinetry.ca/shop/pb-gss-w2412-wall-short-cabinet-18003,
oppein-pb-gss-w2415,OPPEIN,PB-GSS-W2415,Wall Short Cabinet,Gray Single Shaker,Particle board,model_ready,609.6,381.0,304.8,/cabinet-inventory/models/oppein-pb-gss-w2415.glb,https://www.oppeincabinetry.ca/shop/pb-gss-w2415-wall-short-cabinet-18004,
oppein-pb-gss-w2418,OPPEIN,PB-GSS-W2418,Wall Short Cabinet,Gray Single Shaker,Particle board,model_ready,609.6,457.2,304.8,/cabinet-inventory/models/oppein-pb-gss-w2418.glb,https://www.oppeincabinetry.ca/shop/pb-gss-w2418-wall-short-cabinet-18005,
oppein-pb-gss-w2421,OPPEIN,PB-GSS-W2421,Wall Short Cabinet,Gray Single Shaker,Particle board,model_ready,609.6,533.4,304.8,/cabinet-inventory/models/oppein-pb-gss-w2421.glb,https://www.oppeincabinetry.ca/shop/pb-gss-w2421-wall-short-cabinet-18006,
oppein-pb-gss-w2424,OPPEIN,PB-GSS-W2424,Wall Short Cabinet,Gray Single Shaker,Particle board,model_ready,609.6,609.6,304.8,/cabinet-inventory/models/oppein-pb-gss-w2424.glb,https://www.oppeincabinetry.ca/shop/pb-gss-w2424-wall-short-cabinet-18007,
oppein-pb-gss-w2430,OPPEIN,PB-GSS-W2430,Wall Short Cabinet,Gray Single Shaker,Particle board,model_ready,609.6,762.0,304.8,/cabinet-inventory/models/oppein-pb-gss-w2430.glb,https://www.oppeincabinetry.ca/shop/pb-gss-w2430-wall-short-cabinet-18008,
oppein-pb-gss-w2436,OPPEIN,PB-GSS-W2436,Wall Short Cabinet,Gray Single Shaker,Particle board,model_ready,609.6,914.4,304.8,/cabinet-inventory/models/oppein-pb-gss-w2436.glb,https://www.oppeincabinetry.ca/shop/pb-gss-w2436-wall-short-cabinet-18009,
oppein-pb-gss-w2442,OPPEIN,PB-GSS-W2442,Wall Short Cabinet,Gray Single Shaker,Particle board,model_ready,609.6,1066.8,304.8,/cabinet-inventory/models/oppein-pb-gss-w2442.glb,https://www.oppeincabinetry.ca/shop/pb-gss-w2442-wall-short-cabinet-18010,
oppein-pb-gss-w2712,OPPEIN,PB-GSS-W2712,Wall Short Cabinet,Gray Single Shaker,Particle board,model_ready,685.8,304.8,304.8,/cabinet-inventory/models/oppein-pb-gss-w2712.glb,https://www.oppeincabinetry.ca/shop/pb-gss-w2712-wall-short-cabinet-18011,
oppein-pb-gss-w3012,OPPEIN,PB-GSS-W3012,Wall Short Cabinet,Gray Single Shaker,Particle board,model_ready,762.0,304.8,304.8,/cabinet-inventory/models/oppein-pb-gss-w3012.glb,https://www.oppeincabinetry.ca/shop/pb-gss-w3012-wall-short-cabinet-18016,
oppein-pb-gss-w3015,OPPEIN,PB-GSS-W3015,Wall Short Cabinet,Gray Single Shaker,Particle board,model_ready,762.0,381.0,304.8,/cabinet-inventory/models/oppein-pb-gss-w3015.glb,https://www.oppeincabinetry.ca/shop/pb-gss-w3015-wall-short-cabinet-18018,
oppein-pb-gss-w3018,OPPEIN,PB-GSS-W3018,Wall Short Cabinet,Gray Single Shaker,Particle board,model_ready,762.0,457.2,304.8,/cabinet-inventory/models/oppein-pb-gss-w3018.glb,https://www.oppeincabinetry.ca/shop/pb-gss-w3018-wall-short-cabinet-18020,
oppein-ply-gss-w3318,OPPEIN,PLY-GSS-W3318,Wall Short Cabinet,Gray Single Shaker,Plywood,model_ready,838.2,457.2,304.8,/cabinet-inventory/models/oppein-ply-gss-w3318.glb,https://www.oppeincabinetry.ca/shop/ply-gss-w3318-wall-short-cabinet-12222,
oppein-pb-gss-w3021,OPPEIN,PB-GSS-W3021,Wall Short Cabinet,Gray Single Shaker,Particle board,model_ready,762.0,533.4,304.8,/cabinet-inventory/models/oppein-pb-gss-w3021.glb,https://www.oppeincabinetry.ca/shop/pb-gss-w3021-wall-short-cabinet-18022,
oppein-pb-gss-w3024,OPPEIN,PB-GSS-W3024,Wall Short Cabinet,Gray Single Shaker,Particle board,model_ready,762.0,609.6,304.8,/cabinet-inventory/models/oppein-pb-gss-w3024.glb,https://www.oppeincabinetry.ca/shop/pb-gss-w3024-wall-short-cabinet-18024,
oppein-ply-wss-w3624,OPPEIN,PLY-WSS-W3624,Wall Short Cabinet,White Single Shaker,Plywood,model_ready,914.4,609.6,304.8,/cabinet-library/models/PLY-WSS-W3624.glb,https://www.oppeincabinetry.ca/shop/ply-wss-w3624-wall-short-cabinet-10041,
oppein-ply-wss-w3615,OPPEIN,PLY-WSS-W3615,Wall Short Cabinet,White Single Shaker,Plywood,model_ready,914.4,381.0,304.8,/cabinet-library/models/PLY-WSS-W3615.glb,https://www.oppeincabinetry.ca/shop/ply-wss-w3615-wall-short-cabinet-10040,
oppein-pb-gss-w3312,OPPEIN,PB-GSS-W3312,Wall Short Cabinet,Gray Single Shaker,Particle board,model_ready,838.2,304.8,304.8,/cabinet-inventory/models/oppein-pb-gss-w3312.glb,https://www.oppeincabinetry.ca/shop/pb-gss-w3312-wall-short-cabinet-18029,
oppein-pb-gss-w3315,OPPEIN,PB-GSS-W3315,Wall Short Cabinet,Gray Single Shaker,Particle board,model_ready,838.2,381.0,304.8,/cabinet-inventory/models/oppein-pb-gss-w3315.glb,https://www.oppeincabinetry.ca/shop/pb-gss-w3315-wall-short-cabinet-18031,
oppein-pb-gss-w3318,OPPEIN,PB-GSS-W3318,Wall Short Cabinet,Gray Single Shaker,Particle board,model_ready,838.2,457.2,304.8,/cabinet-inventory/models/oppein-pb-gss-w3318.glb,https://www.oppeincabinetry.ca/shop/pb-gss-w3318-wall-short-cabinet-18033,
oppein-pb-gss-w3321,OPPEIN,PB-GSS-W3321,Wall Short Cabinet,Gray Single Shaker,Particle board,model_ready,838.2,533.4,304.8,/cabinet-inventory/models/oppein-pb-gss-w3321.glb,https://www.oppeincabinetry.ca/shop/pb-gss-w3321-wall-short-cabinet-18035,
oppein-pb-gss-w3324,OPPEIN,PB-GSS-W3324,Wall Short Cabinet,Gray Single Shaker,Particle board,model_ready,838.2,609.6,304.8,/cabinet-inventory/models/oppein-pb-gss-w3324.glb,https://www.oppeincabinetry.ca/shop/pb-gss-w3324-wall-short-cabinet-18037,
oppein-pb-gss-w3612,OPPEIN,PB-GSS-W3612,Wall Short Cabinet,Gray Single Shaker,Particle board,model_ready,914.4,304.8,304.8,/cabinet-inventory/models/oppein-pb-gss-w3612.glb,https://www.oppeincabinetry.ca/shop/pb-gss-w3612-wall-short-cabinet-18042,
oppein-pb-gss-w3615,OPPEIN,PB-GSS-W3615,Wall Short Cabinet,Gray Single Shaker,Particle board,model_ready,914.4,381.0,304.8,/cabinet-inventory/models/oppein-pb-gss-w3615.glb,https://www.oppeincabinetry.ca/shop/pb-gss-w3615-wall-short-cabinet-18044,
oppein-pb-gss-w3618,OPPEIN,PB-GSS-W3618,Wall Short Cabinet,Gray Single Shaker,Particle board,model_ready,914.4,457.2,304.8,/cabinet-inventory/models/oppein-pb-gss-w3618.glb,https://www.oppeincabinetry.ca/shop/pb-gss-w3618-wall-short-cabinet-18046,
oppein-pb-gss-w3621,OPPEIN,PB-GSS-W3621,Wall Short Cabinet,Gray Single Shaker,Particle board,model_ready,914.4,533.4,304.8,/cabinet-inventory/models/oppein-pb-gss-w3621.glb,https://www.oppeincabinetry.ca/shop/pb-gss-w3621-wall-short-cabinet-18048,
oppein-pb-gss-w3624,OPPEIN,PB-GSS-W3624,Wall Short Cabinet,Gray Single Shaker,Particle board,model_ready,914.4,609.6,304.8,/cabinet-inventory/models/oppein-pb-gss-w3624.glb,https://www.oppeincabinetry.ca/shop/pb-gss-w3624-wall-short-cabinet-18050,
oppein-ply-wss-w3324,OPPEIN,PLY-WSS-W3324,Wall Short Cabinet,White Single Shaker,Plywood,model_ready,838.2,609.6,304.8,/cabinet-library/models/PLY-WSS-W3324.glb,https://www.oppeincabinetry.ca/shop/ply-wss-w3324-wall-short-cabinet-10038,
oppein-ply-wss-w3321,OPPEIN,PLY-WSS-W3321,Wall Short Cabinet,White Single Shaker,Plywood,model_ready,838.2,533.4,304.8,/cabinet-library/models/PLY-WSS-W3321.glb,https://www.oppeincabinetry.ca/shop/ply-wss-w3321-wall-short-cabinet-10037,
oppein-ply-ssw-w3015,OPPEIN,PLY-SSW-W3015,Wall Short Cabinet,White Slim Shaker,Plywood,model_ready,762.0,381.0,304.8,/cabinet-inventory/models/oppein-ply-ssw-w3015.glb,https://www.oppeincabinetry.ca/shop/ply-ssw-w3015-wall-short-cabinet-12480,
oppein-ply-wss-w3315,OPPEIN,PLY-WSS-W3315,Wall Short Cabinet,White Single Shaker,Plywood,model_ready,838.2,381.0,304.8,/cabinet-library/models/PLY-WSS-W3315.glb,https://www.oppeincabinetry.ca/shop/ply-wss-w3315-wall-short-cabinet-10036,
oppein-pb-bss-w3624,OPPEIN,PB-BSS-W3624,Wall Short Cabinet,Blue Single Shaker,Particle board,model_ready,914.4,609.6,304.8,/cabinet-inventory/models/oppein-pb-bss-w3624.glb,https://www.oppeincabinetry.ca/shop/pb-bss-w3624-wall-short-cabinet-17778,
oppein-pb-bss-w3621,OPPEIN,PB-BSS-W3621,Wall Short Cabinet,Blue Single Shaker,Particle board,model_ready,914.4,533.4,304.8,/cabinet-inventory/models/oppein-pb-bss-w3621.glb,https://www.oppeincabinetry.ca/shop/pb-bss-w3621-wall-short-cabinet-17776,
oppein-pb-bss-w3618,OPPEIN,PB-BSS-W3618,Wall Short Cabinet,Blue Single Shaker,Particle board,model_ready,914.4,457.2,304.8,/cabinet-inventory/models/oppein-pb-bss-w3618.glb,https://www.oppeincabinetry.ca/shop/pb-bss-w3618-wall-short-cabinet-17774,
oppein-pb-bss-w3615,OPPEIN,PB-BSS-W3615,Wall Short Cabinet,Blue Single Shaker,Particle board,model_ready,914.4,381.0,304.8,/cabinet-inventory/models/oppein-pb-bss-w3615.glb,https://www.oppeincabinetry.ca/shop/pb-bss-w3615-wall-short-cabinet-17772,
oppein-pb-bss-w3612,OPPEIN,PB-BSS-W3612,Wall Short Cabinet,Blue Single Shaker,Particle board,model_ready,914.4,304.8,304.8,/cabinet-inventory/models/oppein-pb-bss-w3612.glb,https://www.oppeincabinetry.ca/shop/pb-bss-w3612-wall-short-cabinet-17770,
oppein-pb-bss-w3324,OPPEIN,PB-BSS-W3324,Wall Short Cabinet,Blue Single Shaker,Particle board,model_ready,838.2,609.6,304.8,/cabinet-inventory/models/oppein-pb-bss-w3324.glb,https://www.oppeincabinetry.ca/shop/pb-bss-w3324-wall-short-cabinet-17765,
oppein-pb-bss-w3321,OPPEIN,PB-BSS-W3321,Wall Short Cabinet,Blue Single Shaker,Particle board,model_ready,838.2,533.4,304.8,/cabinet-inventory/models/oppein-pb-bss-w3321.glb,https://www.oppeincabinetry.ca/shop/pb-bss-w3321-wall-short-cabinet-17763,
oppein-pb-bss-w3318,OPPEIN,PB-BSS-W3318,Wall Short Cabinet,Blue Single Shaker,Particle board,model_ready,838.2,457.2,304.8,/cabinet-inventory/models/oppein-pb-bss-w3318.glb,https://www.oppeincabinetry.ca/shop/pb-bss-w3318-wall-short-cabinet-17761,
oppein-pb-bss-w3315,OPPEIN,PB-BSS-W3315,Wall Short Cabinet,Blue Single Shaker,Particle board,model_ready,838.2,381.0,304.8,/cabinet-inventory/models/oppein-pb-bss-w3315.glb,https://www.oppeincabinetry.ca/shop/pb-bss-w3315-wall-short-cabinet-17759,
oppein-ply-wss-w3312,OPPEIN,PLY-WSS-W3312,Wall Short Cabinet,White Single Shaker,Plywood,model_ready,838.2,304.8,304.8,/cabinet-library/models/PLY-WSS-W3312.glb,https://www.oppeincabinetry.ca/shop/ply-wss-w3312-wall-short-cabinet-10035,
oppein-pb-bss-w3312,OPPEIN,PB-BSS-W3312,Wall Short Cabinet,Blue Single Shaker,Particle board,model_ready,838.2,304.8,304.8,/cabinet-inventory/models/oppein-pb-bss-w3312.glb,https://www.oppeincabinetry.ca/shop/pb-bss-w3312-wall-short-cabinet-17757,
oppein-ply-wss-w3024,OPPEIN,PLY-WSS-W3024,Wall Short Cabinet,White Single Shaker,Plywood,model_ready,762.0,609.6,304.8,/cabinet-library/models/PLY-WSS-W3024.glb,https://www.oppeincabinetry.ca/shop/ply-wss-w3024-wall-short-cabinet-10034,
oppein-ply-wss-w3021,OPPEIN,PLY-WSS-W3021,Wall Short Cabinet,White Single Shaker,Plywood,model_ready,762.0,533.4,304.8,/cabinet-library/models/PLY-WSS-W3021.glb,https://www.oppeincabinetry.ca/shop/ply-wss-w3021-wall-short-cabinet-10033,
oppein-pb-bss-w3024,OPPEIN,PB-BSS-W3024,Wall Short Cabinet,Blue Single Shaker,Particle board,model_ready,762.0,609.6,304.8,/cabinet-inventory/models/oppein-pb-bss-w3024.glb,https://www.oppeincabinetry.ca/shop/pb-bss-w3024-wall-short-cabinet-17752,
oppein-ply-wss-w2712,OPPEIN,PLY-WSS-W2712,Wall Short Cabinet,White Single Shaker,Plywood,model_ready,685.8,304.8,304.8,/cabinet-library/models/PLY-WSS-W2712.glb,https://www.oppeincabinetry.ca/shop/ply-wss-w2712-wall-short-cabinet-10032,
oppein-pb-bss-w3021,OPPEIN,PB-BSS-W3021,Wall Short Cabinet,Blue Single Shaker,Particle board,model_ready,762.0,533.4,304.8,/cabinet-inventory/models/oppein-pb-bss-w3021.glb,https://www.oppeincabinetry.ca/shop/pb-bss-w3021-wall-short-cabinet-17750,
oppein-ply-wss-w3018,OPPEIN,PLY-WSS-W3018,Wall Short Cabinet,White Single Shaker,Plywood,model_ready,762.0,457.2,304.8,/cabinet-library/models/PLY-WSS-W3018.glb,https://www.oppeincabinetry.ca/shop/ply-wss-w3018-wall-short-cabinet-11393,
oppein-ply-wss-w1212,OPPEIN,PLY-WSS-W1212,Wall Short Cabinet,White Single Shaker,Plywood,model_ready,304.8,304.8,304.8,/cabinet-library/models/PLY-WSS-W1212.glb,https://www.oppeincabinetry.ca/shop/ply-wss-w1212-wall-short-cabinet-10030,
oppein-ply-wss-w1512,OPPEIN,PLY-WSS-W1512,Wall Short Cabinet,White Single Shaker,Plywood,model_ready,381.0,304.8,304.8,/cabinet-library/models/PLY-WSS-W1512.glb,https://www.oppeincabinetry.ca/shop/ply-wss-w1512-wall-short-cabinet-10029,
oppein-ply-wss-w3318,OPPEIN,PLY-WSS-W3318,Wall Short Cabinet,White Single Shaker,Plywood,model_ready,838.2,457.2,304.8,/cabinet-library/models/PLY-WSS-W3318.glb,https://www.oppeincabinetry.ca/shop/ply-wss-w3318-wall-short-cabinet-11380,
oppein-ply-wss-w3012,OPPEIN,PLY-WSS-W3012,Wall Short Cabinet,White Single Shaker,Plywood,model_ready,762.0,304.8,304.8,/cabinet-library/models/PLY-WSS-W3012.glb,https://www.oppeincabinetry.ca/shop/ply-wss-w3012-wall-short-cabinet-11379,
oppein-ply-wss-w3618,OPPEIN,PLY-WSS-W3618,Wall Short Cabinet,White Single Shaker,Plywood,model_ready,914.4,457.2,304.8,/cabinet-library/models/PLY-WSS-W3618.glb,https://www.oppeincabinetry.ca/shop/ply-wss-w3618-wall-short-cabinet-11377,
oppein-pb-bss-w3018,OPPEIN,PB-BSS-W3018,Wall Short Cabinet,Blue Single Shaker,Particle board,model_ready,762.0,457.2,304.8,/cabinet-inventory/models/oppein-pb-bss-w3018.glb,https://www.oppeincabinetry.ca/shop/pb-bss-w3018-wall-short-cabinet-17748,
oppein-pb-bss-w3015,OPPEIN,PB-BSS-W3015,Wall Short Cabinet,Blue Single Shaker,Particle board,model_ready,762.0,381.0,304.8,/cabinet-inventory/models/oppein-pb-bss-w3015.glb,https://www.oppeincabinetry.ca/shop/pb-bss-w3015-wall-short-cabinet-17746,
oppein-pb-bss-w3012,OPPEIN,PB-BSS-W3012,Wall Short Cabinet,Blue Single Shaker,Particle board,model_ready,762.0,304.8,304.8,/cabinet-inventory/models/oppein-pb-bss-w3012.glb,https://www.oppeincabinetry.ca/shop/pb-bss-w3012-wall-short-cabinet-17744,
oppein-pb-bss-w2712,OPPEIN,PB-BSS-W2712,Wall Short Cabinet,Blue Single Shaker,Particle board,model_ready,685.8,304.8,304.8,/cabinet-inventory/models/oppein-pb-bss-w2712.glb,https://www.oppeincabinetry.ca/shop/pb-bss-w2712-wall-short-cabinet-17739,
oppein-pb-bss-w2424,OPPEIN,PB-BSS-W2424,Wall Short Cabinet,Blue Single Shaker,Particle board,model_ready,609.6,609.6,304.8,/cabinet-inventory/models/oppein-pb-bss-w2424.glb,https://www.oppeincabinetry.ca/shop/pb-bss-w2424-wall-short-cabinet-17735,
oppein-pb-bss-w2421,OPPEIN,PB-BSS-W2421,Wall Short Cabinet,Blue Single Shaker,Particle board,model_ready,609.6,533.4,304.8,/cabinet-inventory/models/oppein-pb-bss-w2421.glb,https://www.oppeincabinetry.ca/shop/pb-bss-w2421-wall-short-cabinet-17734,
oppein-pb-bss-w2418,OPPEIN,PB-BSS-W2418,Wall Short Cabinet,Blue Single Shaker,Particle board,model_ready,609.6,457.2,304.8,/cabinet-inventory/models/oppein-pb-bss-w2418.glb,https://www.oppeincabinetry.ca/shop/pb-bss-w2418-wall-short-cabinet-17733,
oppein-pb-bss-w2415,OPPEIN,PB-BSS-W2415,Wall Short Cabinet,Blue Single Shaker,Particle board,model_ready,609.6,381.0,304.8,/cabinet-inventory/models/oppein-pb-bss-w2415.glb,https://www.oppeincabinetry.ca/shop/pb-bss-w2415-wall-short-cabinet-17732,
oppein-pb-bss-w2412,OPPEIN,PB-BSS-W2412,Wall Short Cabinet,Blue Single Shaker,Particle board,model_ready,609.6,304.8,304.8,/cabinet-inventory/models/oppein-pb-bss-w2412.glb,https://www.oppeincabinetry.ca/shop/pb-bss-w2412-wall-short-cabinet-17731,
oppein-ply-ssw-w3618,OPPEIN,PLY-SSW-W3618,Wall Short Cabinet,White Slim Shaker,Plywood,model_ready,914.4,457.2,304.8,/cabinet-inventory/models/oppein-ply-ssw-w3618.glb,https://www.oppeincabinetry.ca/shop/ply-ssw-w3618-wall-short-cabinet-12484,
oppein-ply-ssw-w3012,OPPEIN,PLY-SSW-W3012,Wall Short Cabinet,White Slim Shaker,Plywood,model_ready,762.0,304.8,304.8,/cabinet-inventory/models/oppein-ply-ssw-w3012.glb,https://www.oppeincabinetry.ca/shop/ply-ssw-w3012-wall-short-cabinet-12486,
oppein-ply-ssw-w3318,OPPEIN,PLY-SSW-W3318,Wall Short Cabinet,White Slim Shaker,Plywood,model_ready,838.2,457.2,304.8,/cabinet-inventory/models/oppein-ply-ssw-w3318.glb,https://www.oppeincabinetry.ca/shop/ply-ssw-w3318-wall-short-cabinet-12487,
oppein-ply-ssw-w3018,OPPEIN,PLY-SSW-W3018,Wall Short Cabinet,White Slim Shaker,Plywood,model_ready,762.0,457.2,304.8,/cabinet-inventory/models/oppein-ply-ssw-w3018.glb,https://www.oppeincabinetry.ca/shop/ply-ssw-w3018-wall-short-cabinet-12497,
oppein-ply-pgw-w3621,OPPEIN,PLY-PGW-W3621,Wall Short Cabinet,White High Gloss,Plywood,model_ready,914.4,533.4,304.8,/cabinet-inventory/models/oppein-ply-pgw-w3621.glb,https://www.oppeincabinetry.ca/shop/ply-pgw-w3621-wall-short-cabinet-16742,
oppein-ply-pgw-w2418,OPPEIN,PLY-PGW-W2418,Wall Short Cabinet,White High Gloss,Plywood,model_ready,609.6,457.2,304.8,/cabinet-inventory/models/oppein-ply-pgw-w2418.glb,https://www.oppeincabinetry.ca/shop/ply-pgw-w2418-wall-short-cabinet-16734,
oppein-ply-pgw-w2415,OPPEIN,PLY-PGW-W2415,Wall Short Cabinet,White High Gloss,Plywood,model_ready,609.6,381.0,304.8,/cabinet-inventory/models/oppein-ply-pgw-w2415.glb,https://www.oppeincabinetry.ca/shop/ply-pgw-w2415-wall-short-cabinet-16733,
oppein-ply-ssw-w1212,OPPEIN,PLY-SSW-W1212,Wall Short Cabinet,White Slim Shaker,Plywood,model_ready,304.8,304.8,304.8,/cabinet-inventory/models/oppein-ply-ssw-w1212.glb,https://www.oppeincabinetry.ca/shop/ply-ssw-w1212-wall-short-cabinet-12545,
oppein-ply-ssw-w1512,OPPEIN,PLY-SSW-W1512,Wall Short Cabinet,White Slim Shaker,Plywood,model_ready,381.0,304.8,304.8,/cabinet-inventory/models/oppein-ply-ssw-w1512.glb,https://www.oppeincabinetry.ca/shop/ply-ssw-w1512-wall-short-cabinet-12546,
oppein-ply-bss-w3621,OPPEIN,PLY-BSS-W3621,Wall Short Cabinet,Blue Single Shaker,Plywood,model_ready,914.4,533.4,304.8,/cabinet-inventory/models/oppein-ply-bss-w3621.glb,https://www.oppeincabinetry.ca/shop/ply-bss-w3621-wall-short-cabinet-16712,
oppein-pb-pgw-w2412,OPPEIN,PB-PGW-W2412,Wall Short Cabinet,White High Gloss,Particle board,model_ready,609.6,304.8,304.8,/cabinet-inventory/models/oppein-pb-pgw-w2412.glb,https://www.oppeincabinetry.ca/shop/pb-pgw-w2412-wall-short-cabinet-18139,
oppein-pb-pgw-w2415,OPPEIN,PB-PGW-W2415,Wall Short Cabinet,White High Gloss,Particle board,model_ready,609.6,381.0,304.8,/cabinet-inventory/models/oppein-pb-pgw-w2415.glb,https://www.oppeincabinetry.ca/shop/pb-pgw-w2415-wall-short-cabinet-18140,
oppein-pb-pgw-w2418,OPPEIN,PB-PGW-W2418,Wall Short Cabinet,White High Gloss,Particle board,model_ready,609.6,457.2,304.8,/cabinet-inventory/models/oppein-pb-pgw-w2418.glb,https://www.oppeincabinetry.ca/shop/pb-pgw-w2418-wall-short-cabinet-18141,
oppein-pb-pgw-w2421,OPPEIN,PB-PGW-W2421,Wall Short Cabinet,White High Gloss,Particle board,model_ready,609.6,533.4,304.8,/cabinet-inventory/models/oppein-pb-pgw-w2421.glb,https://www.oppeincabinetry.ca/shop/pb-pgw-w2421-wall-short-cabinet-18142,
oppein-pb-pgw-w2424,OPPEIN,PB-PGW-W2424,Wall Short Cabinet,White High Gloss,Particle board,model_ready,609.6,609.6,304.8,/cabinet-inventory/models/oppein-pb-pgw-w2424.glb,https://www.oppeincabinetry.ca/shop/pb-pgw-w2424-wall-short-cabinet-18143,
oppein-ply-wss-w1812,OPPEIN,PLY-WSS-W1812,Wall Short Cabinet,White Single Shaker,Plywood,model_ready,457.2,304.8,304.8,/cabinet-library/models/PLY-WSS-W1812.glb,https://www.oppeincabinetry.ca/shop/ply-wss-w1812-wall-short-cabinet-10028,
oppein-pb-pgw-w2712,OPPEIN,PB-PGW-W2712,Wall Short Cabinet,White High Gloss,Particle board,model_ready,685.8,304.8,304.8,/cabinet-inventory/models/oppein-pb-pgw-w2712.glb,https://www.oppeincabinetry.ca/shop/pb-pgw-w2712-wall-short-cabinet-18147,
oppein-pb-pgw-w3012,OPPEIN,PB-PGW-W3012,Wall Short Cabinet,White High Gloss,Particle board,model_ready,762.0,304.8,304.8,/cabinet-inventory/models/oppein-pb-pgw-w3012.glb,https://www.oppeincabinetry.ca/shop/pb-pgw-w3012-wall-short-cabinet-18152,
oppein-pb-pgw-w3015,OPPEIN,PB-PGW-W3015,Wall Short Cabinet,White High Gloss,Particle board,model_ready,762.0,381.0,304.8,/cabinet-inventory/models/oppein-pb-pgw-w3015.glb,https://www.oppeincabinetry.ca/shop/pb-pgw-w3015-wall-short-cabinet-18154,
oppein-pb-pgw-w3018,OPPEIN,PB-PGW-W3018,Wall Short Cabinet,White High Gloss,Particle board,model_ready,762.0,457.2,304.8,/cabinet-inventory/models/oppein-pb-pgw-w3018.glb,https://www.oppeincabinetry.ca/shop/pb-pgw-w3018-wall-short-cabinet-18156,
oppein-pb-pgw-w3021,OPPEIN,PB-PGW-W3021,Wall Short Cabinet,White High Gloss,Particle board,model_ready,762.0,533.4,304.8,/cabinet-inventory/models/oppein-pb-pgw-w3021.glb,https://www.oppeincabinetry.ca/shop/pb-pgw-w3021-wall-short-cabinet-18158,
oppein-pb-pgw-w3024,OPPEIN,PB-PGW-W3024,Wall Short Cabinet,White High Gloss,Particle board,model_ready,762.0,609.6,304.8,/cabinet-inventory/models/oppein-pb-pgw-w3024.glb,https://www.oppeincabinetry.ca/shop/pb-pgw-w3024-wall-short-cabinet-18160,
oppein-ply-mnw-w1812,OPPEIN,PLY-MNW-W1812,Wall Short Cabinet,Natural Wood,Plywood,model_ready,457.2,304.8,304.8,/cabinet-inventory/models/oppein-ply-mnw-w1812.glb,https://www.oppeincabinetry.ca/shop/ply-mnw-w1812-wall-short-cabinet-14011,
oppein-ply-mnw-w2112,OPPEIN,PLY-MNW-W2112,Wall Short Cabinet,Natural Wood,Plywood,model_ready,533.4,304.8,304.8,/cabinet-inventory/models/oppein-ply-mnw-w2112.glb,https://www.oppeincabinetry.ca/shop/ply-mnw-w2112-wall-short-cabinet-14013,
oppein-pb-pgw-w3312,OPPEIN,PB-PGW-W3312,Wall Short Cabinet,White High Gloss,Particle board,model_ready,838.2,304.8,304.8,/cabinet-inventory/models/oppein-pb-pgw-w3312.glb,https://www.oppeincabinetry.ca/shop/pb-pgw-w3312-wall-short-cabinet-18165,
oppein-pb-pgw-w3315,OPPEIN,PB-PGW-W3315,Wall Short Cabinet,White High Gloss,Particle board,model_ready,838.2,381.0,304.8,/cabinet-inventory/models/oppein-pb-pgw-w3315.glb,https://www.oppeincabinetry.ca/shop/pb-pgw-w3315-wall-short-cabinet-18167,
oppein-pb-pgw-w3318,OPPEIN,PB-PGW-W3318,Wall Short Cabinet,White High Gloss,Particle board,model_ready,838.2,457.2,304.8,/cabinet-inventory/models/oppein-pb-pgw-w3318.glb,https://www.oppeincabinetry.ca/shop/pb-pgw-w3318-wall-short-cabinet-18169,
oppein-pb-pgw-w3321,OPPEIN,PB-PGW-W3321,Wall Short Cabinet,White High Gloss,Particle board,model_ready,838.2,533.4,304.8,/cabinet-inventory/models/oppein-pb-pgw-w3321.glb,https://www.oppeincabinetry.ca/shop/pb-pgw-w3321-wall-short-cabinet-18171,
oppein-pb-pgw-w3324,OPPEIN,PB-PGW-W3324,Wall Short Cabinet,White High Gloss,Particle board,model_ready,838.2,609.6,304.8,/cabinet-inventory/models/oppein-pb-pgw-w3324.glb,https://www.oppeincabinetry.ca/shop/pb-pgw-w3324-wall-short-cabinet-18173,
oppein-ply-mnw-w2412,OPPEIN,PLY-MNW-W2412,Wall Short Cabinet,Natural Wood,Plywood,model_ready,609.6,304.8,304.8,/cabinet-inventory/models/oppein-ply-mnw-w2412.glb,https://www.oppeincabinetry.ca/shop/ply-mnw-w2412-wall-short-cabinet-14015,
oppein-ply-mnw-w2712,OPPEIN,PLY-MNW-W2712,Wall Short Cabinet,Natural Wood,Plywood,model_ready,685.8,304.8,304.8,/cabinet-inventory/models/oppein-ply-mnw-w2712.glb,https://www.oppeincabinetry.ca/shop/ply-mnw-w2712-wall-short-cabinet-14018,
oppein-pb-pgw-w3612,OPPEIN,PB-PGW-W3612,Wall Short Cabinet,White High Gloss,Particle board,model_ready,914.4,304.8,304.8,/cabinet-inventory/models/oppein-pb-pgw-w3612.glb,https://www.oppeincabinetry.ca/shop/pb-pgw-w3612-wall-short-cabinet-18178,
oppein-pb-pgw-w3615,OPPEIN,PB-PGW-W3615,Wall Short Cabinet,White High Gloss,Particle board,model_ready,914.4,381.0,304.8,/cabinet-inventory/models/oppein-pb-pgw-w3615.glb,https://www.oppeincabinetry.ca/shop/pb-pgw-w3615-wall-short-cabinet-18180,
oppein-pb-pgw-w3618,OPPEIN,PB-PGW-W3618,Wall Short Cabinet,White High Gloss,Particle board,model_ready,914.4,457.2,304.8,/cabinet-inventory/models/oppein-pb-pgw-w3618.glb,https://www.oppeincabinetry.ca/shop/pb-pgw-w3618-wall-short-cabinet-18182,
oppein-pb-pgw-w3621,OPPEIN,PB-PGW-W3621,Wall Short Cabinet,White High Gloss,Particle board,model_ready,914.4,533.4,304.8,/cabinet-inventory/models/oppein-pb-pgw-w3621.glb,https://www.oppeincabinetry.ca/shop/pb-pgw-w3621-wall-short-cabinet-18184,
oppein-pb-pgw-w3624,OPPEIN,PB-PGW-W3624,Wall Short Cabinet,White High Gloss,Particle board,model_ready,914.4,609.6,304.8,/cabinet-inventory/models/oppein-pb-pgw-w3624.glb,https://www.oppeincabinetry.ca/shop/pb-pgw-w3624-wall-short-cabinet-18186,
oppein-ply-wss-w3015,OPPEIN,PLY-WSS-W3015,Wall Short Cabinet,White Single Shaker,Plywood,model_ready,762.0,381.0,304.8,/cabinet-library/models/PLY-WSS-W3015.glb,https://www.oppeincabinetry.ca/shop/ply-wss-w3015-wall-short-cabinet-11371,
oppein-ply-bss-w2424,OPPEIN,PLY-BSS-W2424,Wall Short Cabinet,Blue Single Shaker,Plywood,model_ready,609.6,609.6,304.8,/cabinet-inventory/models/oppein-ply-bss-w2424.glb,https://www.oppeincabinetry.ca/shop/ply-bss-w2424-wall-short-cabinet-16706,
oppein-ply-bss-w2421,OPPEIN,PLY-BSS-W2421,Wall Short Cabinet,Blue Single Shaker,Plywood,model_ready,609.6,533.4,304.8,/cabinet-inventory/models/oppein-ply-bss-w2421.glb,https://www.oppeincabinetry.ca/shop/ply-bss-w2421-wall-short-cabinet-16705,
oppein-ply-bss-w2418,OPPEIN,PLY-BSS-W2418,Wall Short Cabinet,Blue Single Shaker,Plywood,model_ready,609.6,457.2,304.8,/cabinet-inventory/models/oppein-ply-bss-w2418.glb,https://www.oppeincabinetry.ca/shop/ply-bss-w2418-wall-short-cabinet-16704,
oppein-ply-bss-w2415,OPPEIN,PLY-BSS-W2415,Wall Short Cabinet,Blue Single Shaker,Plywood,model_ready,609.6,381.0,304.8,/cabinet-inventory/models/oppein-ply-bss-w2415.glb,https://www.oppeincabinetry.ca/shop/ply-bss-w2415-wall-short-cabinet-16703,
oppein-ply-wss-w3612,OPPEIN,PLY-WSS-W3612,Wall Short Cabinet,White Single Shaker,Plywood,model_ready,914.4,304.8,304.8,/cabinet-library/models/PLY-WSS-W3612.glb,https://www.oppeincabinetry.ca/shop/ply-wss-w3612-wall-short-cabinet-10039,
oppein-ply-wss-w2412,OPPEIN,PLY-WSS-W2412,Wall Short Cabinet,White Single Shaker,Plywood,model_ready,609.6,304.8,304.8,/cabinet-library/models/PLY-WSS-W2412.glb,https://www.oppeincabinetry.ca/shop/ply-wss-w2412-wall-short-cabinet-10031,
oppein-ply-ssw-w1812,OPPEIN,PLY-SSW-W1812,Wall Short Cabinet,White Slim Shaker,Plywood,model_ready,457.2,304.8,304.8,/cabinet-inventory/models/oppein-ply-ssw-w1812.glb,https://www.oppeincabinetry.ca/shop/ply-ssw-w1812-wall-short-cabinet-12549,
oppein-ply-ssw-w2112,OPPEIN,PLY-SSW-W2112,Wall Short Cabinet,White Slim Shaker,Plywood,model_ready,533.4,304.8,304.8,/cabinet-inventory/models/oppein-ply-ssw-w2112.glb,https://www.oppeincabinetry.ca/shop/ply-ssw-w2112-wall-short-cabinet-12551,
oppein-ply-ssw-w2412,OPPEIN,PLY-SSW-W2412,Wall Short Cabinet,White Slim Shaker,Plywood,model_ready,609.6,304.8,304.8,/cabinet-inventory/models/oppein-ply-ssw-w2412.glb,https://www.oppeincabinetry.ca/shop/ply-ssw-w2412-wall-short-cabinet-12553,
oppein-ply-bss-w3624,OPPEIN,PLY-BSS-W3624,Wall Short Cabinet,Blue Single Shaker,Plywood,model_ready,914.4,609.6,304.8,/cabinet-inventory/models/oppein-ply-bss-w3624.glb,https://www.oppeincabinetry.ca/shop/ply-bss-w3624-wall-short-cabinet-15818,
oppein-ply-bss-w3618,OPPEIN,PLY-BSS-W3618,Wall Short Cabinet,Blue Single Shaker,Plywood,model_ready,914.4,457.2,304.8,/cabinet-inventory/models/oppein-ply-bss-w3618.glb,https://www.oppeincabinetry.ca/shop/ply-bss-w3618-wall-short-cabinet-15815,
oppein-ply-bss-w3615,OPPEIN,PLY-BSS-W3615,Wall Short Cabinet,Blue Single Shaker,Plywood,model_ready,914.4,381.0,304.8,/cabinet-inventory/models/oppein-ply-bss-w3615.glb,https://www.oppeincabinetry.ca/shop/ply-bss-w3615-wall-short-cabinet-15813,
oppein-ply-bss-w3612,OPPEIN,PLY-BSS-W3612,Wall Short Cabinet,Blue Single Shaker,Plywood,model_ready,914.4,304.8,304.8,/cabinet-inventory/models/oppein-ply-bss-w3612.glb,https://www.oppeincabinetry.ca/shop/ply-bss-w3612-wall-short-cabinet-15811,
oppein-ply-bss-w3324,OPPEIN,PLY-BSS-W3324,Wall Short Cabinet,Blue Single Shaker,Plywood,model_ready,838.2,609.6,304.8,/cabinet-inventory/models/oppein-ply-bss-w3324.glb,https://www.oppeincabinetry.ca/shop/ply-bss-w3324-wall-short-cabinet-15806,
oppein-ply-bss-w3321,OPPEIN,PLY-BSS-W3321,Wall Short Cabinet,Blue Single Shaker,Plywood,model_ready,838.2,533.4,304.8,/cabinet-inventory/models/oppein-ply-bss-w3321.glb,https://www.oppeincabinetry.ca/shop/ply-bss-w3321-wall-short-cabinet-15805,
oppein-ply-bss-w3318,OPPEIN,PLY-BSS-W3318,Wall Short Cabinet,Blue Single Shaker,Plywood,model_ready,838.2,457.2,304.8,/cabinet-inventory/models/oppein-ply-bss-w3318.glb,https://www.oppeincabinetry.ca/shop/ply-bss-w3318-wall-short-cabinet-15803,
oppein-ply-bss-w3315,OPPEIN,PLY-BSS-W3315,Wall Short Cabinet,Blue Single Shaker,Plywood,model_ready,838.2,381.0,304.8,/cabinet-inventory/models/oppein-ply-bss-w3315.glb,https://www.oppeincabinetry.ca/shop/ply-bss-w3315-wall-short-cabinet-15801,
oppein-ply-bss-w3312,OPPEIN,PLY-BSS-W3312,Wall Short Cabinet,Blue Single Shaker,Plywood,model_ready,838.2,304.8,304.8,/cabinet-inventory/models/oppein-ply-bss-w3312.glb,https://www.oppeincabinetry.ca/shop/ply-bss-w3312-wall-short-cabinet-15799,
oppein-ply-bss-w3024,OPPEIN,PLY-BSS-W3024,Wall Short Cabinet,Blue Single Shaker,Plywood,model_ready,762.0,609.6,304.8,/cabinet-inventory/models/oppein-ply-bss-w3024.glb,https://www.oppeincabinetry.ca/shop/ply-bss-w3024-wall-short-cabinet-15795,
oppein-ply-bss-w3021,OPPEIN,PLY-BSS-W3021,Wall Short Cabinet,Blue Single Shaker,Plywood,model_ready,762.0,533.4,304.8,/cabinet-inventory/models/oppein-ply-bss-w3021.glb,https://www.oppeincabinetry.ca/shop/ply-bss-w3021-wall-short-cabinet-15794,
oppein-ply-bss-w3018,OPPEIN,PLY-BSS-W3018,Wall Short Cabinet,Blue Single Shaker,Plywood,model_ready,762.0,457.2,304.8,/cabinet-inventory/models/oppein-ply-bss-w3018.glb,https://www.oppeincabinetry.ca/shop/ply-bss-w3018-wall-short-cabinet-15793,
oppein-pb-mnw-w2412,OPPEIN,PB-MNW-W2412,Wall Short Cabinet,Natural Wood,Particle board,model_ready,609.6,304.8,304.8,/cabinet-inventory/models/oppein-pb-mnw-w2412.glb,https://www.oppeincabinetry.ca/shop/pb-mnw-w2412-wall-short-cabinet-18686,
oppein-pb-mnw-w2415,OPPEIN,PB-MNW-W2415,Wall Short Cabinet,Natural Wood,Particle board,model_ready,609.6,381.0,304.8,/cabinet-inventory/models/oppein-pb-mnw-w2415.glb,https://www.oppeincabinetry.ca/shop/pb-mnw-w2415-wall-short-cabinet-18687,
oppein-pb-mnw-w2418,OPPEIN,PB-MNW-W2418,Wall Short Cabinet,Natural Wood,Particle board,model_ready,609.6,457.2,304.8,/cabinet-inventory/models/oppein-pb-mnw-w2418.glb,https://www.oppeincabinetry.ca/shop/pb-mnw-w2418-wall-short-cabinet-18688,
oppein-pb-mnw-w2421,OPPEIN,PB-MNW-W2421,Wall Short Cabinet,Natural Wood,Particle board,model_ready,609.6,533.4,304.8,/cabinet-inventory/models/oppein-pb-mnw-w2421.glb,https://www.oppeincabinetry.ca/shop/pb-mnw-w2421-wall-short-cabinet-18689,
oppein-pb-mnw-w2424,OPPEIN,PB-MNW-W2424,Wall Short Cabinet,Natural Wood,Particle board,model_ready,609.6,609.6,304.8,/cabinet-inventory/models/oppein-pb-mnw-w2424.glb,https://www.oppeincabinetry.ca/shop/pb-mnw-w2424-wall-short-cabinet-18690,
oppein-pb-mnw-w2712,OPPEIN,PB-MNW-W2712,Wall Short Cabinet,Natural Wood,Particle board,model_ready,685.8,304.8,304.8,/cabinet-inventory/models/oppein-pb-mnw-w2712.glb,https://www.oppeincabinetry.ca/shop/pb-mnw-w2712-wall-short-cabinet-18694,
oppein-ply-mso-w3018,OPPEIN,PLY-MSO-W3018,Wall Short Cabinet,Smoked Oak,Plywood,model_ready,762.0,457.2,304.8,/cabinet-inventory/models/oppein-ply-mso-w3018.glb,https://www.oppeincabinetry.ca/shop/ply-mso-w3018-wall-short-cabinet-14679,
oppein-pb-mnw-w3012,OPPEIN,PB-MNW-W3012,Wall Short Cabinet,Natural Wood,Particle board,model_ready,762.0,304.8,304.8,/cabinet-inventory/models/oppein-pb-mnw-w3012.glb,https://www.oppeincabinetry.ca/shop/pb-mnw-w3012-wall-short-cabinet-18699,
oppein-pb-mnw-w3015,OPPEIN,PB-MNW-W3015,Wall Short Cabinet,Natural Wood,Particle board,model_ready,762.0,381.0,304.8,/cabinet-inventory/models/oppein-pb-mnw-w3015.glb,https://www.oppeincabinetry.ca/shop/pb-mnw-w3015-wall-short-cabinet-18701,
oppein-pb-mnw-w3018,OPPEIN,PB-MNW-W3018,Wall Short Cabinet,Natural Wood,Particle board,model_ready,762.0,457.2,304.8,/cabinet-inventory/models/oppein-pb-mnw-w3018.glb,https://www.oppeincabinetry.ca/shop/pb-mnw-w3018-wall-short-cabinet-18703,
oppein-pb-mnw-w3021,OPPEIN,PB-MNW-W3021,Wall Short Cabinet,Natural Wood,Particle board,model_ready,762.0,533.4,304.8,/cabinet-inventory/models/oppein-pb-mnw-w3021.glb,https://www.oppeincabinetry.ca/shop/pb-mnw-w3021-wall-short-cabinet-18705,
oppein-pb-mnw-w3024,OPPEIN,PB-MNW-W3024,Wall Short Cabinet,Natural Wood,Particle board,model_ready,762.0,609.6,304.8,/cabinet-inventory/models/oppein-pb-mnw-w3024.glb,https://www.oppeincabinetry.ca/shop/pb-mnw-w3024-wall-short-cabinet-18707,
oppein-ply-mnw-w3615,OPPEIN,PLY-MNW-W3615,Wall Short Cabinet,Natural Wood,Plywood,model_ready,914.4,381.0,304.8,/cabinet-inventory/models/oppein-ply-mnw-w3615.glb,https://www.oppeincabinetry.ca/shop/ply-mnw-w3615-wall-short-cabinet-14033,
oppein-pb-mnw-w3312,OPPEIN,PB-MNW-W3312,Wall Short Cabinet,Natural Wood,Particle board,model_ready,838.2,304.8,304.8,/cabinet-inventory/models/oppein-pb-mnw-w3312.glb,https://www.oppeincabinetry.ca/shop/pb-mnw-w3312-wall-short-cabinet-18712,
oppein-pb-mnw-w3315,OPPEIN,PB-MNW-W3315,Wall Short Cabinet,Natural Wood,Particle board,model_ready,838.2,381.0,304.8,/cabinet-inventory/models/oppein-pb-mnw-w3315.glb,https://www.oppeincabinetry.ca/shop/pb-mnw-w3315-wall-short-cabinet-18714,
oppein-pb-mnw-w3318,OPPEIN,PB-MNW-W3318,Wall Short Cabinet,Natural Wood,Particle board,model_ready,838.2,457.2,304.8,/cabinet-inventory/models/oppein-pb-mnw-w3318.glb,https://www.oppeincabinetry.ca/shop/pb-mnw-w3318-wall-short-cabinet-18716,
oppein-pb-mnw-w3321,OPPEIN,PB-MNW-W3321,Wall Short Cabinet,Natural Wood,Particle board,model_ready,838.2,533.4,304.8,/cabinet-inventory/models/oppein-pb-mnw-w3321.glb,https://www.oppeincabinetry.ca/shop/pb-mnw-w3321-wall-short-cabinet-18718,
oppein-pb-mnw-w3324,OPPEIN,PB-MNW-W3324,Wall Short Cabinet,Natural Wood,Particle board,model_ready,838.2,609.6,304.8,/cabinet-inventory/models/oppein-pb-mnw-w3324.glb,https://www.oppeincabinetry.ca/shop/pb-mnw-w3324-wall-short-cabinet-18720,
oppein-ply-mnw-w3324,OPPEIN,PLY-MNW-W3324,Wall Short Cabinet,Natural Wood,Plywood,model_ready,838.2,609.6,304.8,/cabinet-inventory/models/oppein-ply-mnw-w3324.glb,https://www.oppeincabinetry.ca/shop/ply-mnw-w3324-wall-short-cabinet-14029,
oppein-ply-mnw-w3021,OPPEIN,PLY-MNW-W3021,Wall Short Cabinet,Natural Wood,Plywood,model_ready,762.0,533.4,304.8,/cabinet-inventory/models/oppein-ply-mnw-w3021.glb,https://www.oppeincabinetry.ca/shop/ply-mnw-w3021-wall-short-cabinet-14022,
oppein-ply-mnw-w3024,OPPEIN,PLY-MNW-W3024,Wall Short Cabinet,Natural Wood,Plywood,model_ready,762.0,609.6,304.8,/cabinet-inventory/models/oppein-ply-mnw-w3024.glb,https://www.oppeincabinetry.ca/shop/ply-mnw-w3024-wall-short-cabinet-14023,
oppein-pb-mnw-w3612,OPPEIN,PB-MNW-W3612,Wall Short Cabinet,Natural Wood,Particle board,model_ready,914.4,304.8,304.8,/cabinet-inventory/models/oppein-pb-mnw-w3612.glb,https://www.oppeincabinetry.ca/shop/pb-mnw-w3612-wall-short-cabinet-18725,
oppein-pb-mnw-w3615,OPPEIN,PB-MNW-W3615,Wall Short Cabinet,Natural Wood,Particle board,model_ready,914.4,381.0,304.8,/cabinet-inventory/models/oppein-pb-mnw-w3615.glb,https://www.oppeincabinetry.ca/shop/pb-mnw-w3615-wall-short-cabinet-18727,
oppein-pb-mnw-w3618,OPPEIN,PB-MNW-W3618,Wall Short Cabinet,Natural Wood,Particle board,model_ready,914.4,457.2,304.8,/cabinet-inventory/models/oppein-pb-mnw-w3618.glb,https://www.oppeincabinetry.ca/shop/pb-mnw-w3618-wall-short-cabinet-18729,
oppein-pb-mnw-w3621,OPPEIN,PB-MNW-W3621,Wall Short Cabinet,Natural Wood,Particle board,model_ready,914.4,533.4,304.8,/cabinet-inventory/models/oppein-pb-mnw-w3621.glb,https://www.oppeincabinetry.ca/shop/pb-mnw-w3621-wall-short-cabinet-18731,
oppein-pb-mnw-w3624,OPPEIN,PB-MNW-W3624,Wall Short Cabinet,Natural Wood,Particle board,model_ready,914.4,609.6,304.8,/cabinet-inventory/models/oppein-pb-mnw-w3624.glb,https://www.oppeincabinetry.ca/shop/pb-mnw-w3624-wall-short-cabinet-18733,
oppein-ply-mnw-w3312,OPPEIN,PLY-MNW-W3312,Wall Short Cabinet,Natural Wood,Plywood,model_ready,838.2,304.8,304.8,/cabinet-inventory/models/oppein-ply-mnw-w3312.glb,https://www.oppeincabinetry.ca/shop/ply-mnw-w3312-wall-short-cabinet-14024,
oppein-ply-mso-w3318,OPPEIN,PLY-MSO-W3318,Wall Short Cabinet,Smoked Oak,Plywood,model_ready,838.2,457.2,304.8,/cabinet-inventory/models/oppein-ply-mso-w3318.glb,https://www.oppeincabinetry.ca/shop/ply-mso-w3318-wall-short-cabinet-14670,
oppein-ply-bss-w3015,OPPEIN,PLY-BSS-W3015,Wall Short Cabinet,Blue Single Shaker,Plywood,model_ready,762.0,381.0,304.8,/cabinet-inventory/models/oppein-ply-bss-w3015.glb,https://www.oppeincabinetry.ca/shop/ply-bss-w3015-wall-short-cabinet-15791,
oppein-ply-bss-w3012,OPPEIN,PLY-BSS-W3012,Wall Short Cabinet,Blue Single Shaker,Plywood,model_ready,762.0,304.8,304.8,/cabinet-inventory/models/oppein-ply-bss-w3012.glb,https://www.oppeincabinetry.ca/shop/ply-bss-w3012-wall-short-cabinet-15789,
oppein-ply-bss-w2712,OPPEIN,PLY-BSS-W2712,Wall Short Cabinet,Blue Single Shaker,Plywood,model_ready,685.8,304.8,304.8,/cabinet-inventory/models/oppein-ply-bss-w2712.glb,https://www.oppeincabinetry.ca/shop/ply-bss-w2712-wall-short-cabinet-15784,
oppein-ply-bss-w2412,OPPEIN,PLY-BSS-W2412,Wall Short Cabinet,Blue Single Shaker,Plywood,model_ready,609.6,304.8,304.8,/cabinet-inventory/models/oppein-ply-bss-w2412.glb,https://www.oppeincabinetry.ca/shop/ply-bss-w2412-wall-short-cabinet-15780,
oppein-ply-bss-w2112,OPPEIN,PLY-BSS-W2112,Wall Short Cabinet,Blue Single Shaker,Plywood,model_ready,533.4,304.8,304.8,/cabinet-inventory/models/oppein-ply-bss-w2112.glb,https://www.oppeincabinetry.ca/shop/ply-bss-w2112-wall-short-cabinet-15776,
oppein-ply-bss-w1812,OPPEIN,PLY-BSS-W1812,Wall Short Cabinet,Blue Single Shaker,Plywood,model_ready,457.2,304.8,304.8,/cabinet-inventory/models/oppein-ply-bss-w1812.glb,https://www.oppeincabinetry.ca/shop/ply-bss-w1812-wall-short-cabinet-15772,
oppein-ply-bss-w1512,OPPEIN,PLY-BSS-W1512,Wall Short Cabinet,Blue Single Shaker,Plywood,model_ready,381.0,304.8,304.8,/cabinet-inventory/models/oppein-ply-bss-w1512.glb,https://www.oppeincabinetry.ca/shop/ply-bss-w1512-wall-short-cabinet-15768,
oppein-ply-bss-w1212,OPPEIN,PLY-BSS-W1212,Wall Short Cabinet,Blue Single Shaker,Plywood,model_ready,304.8,304.8,304.8,/cabinet-inventory/models/oppein-ply-bss-w1212.glb,https://www.oppeincabinetry.ca/shop/ply-bss-w1212-wall-short-cabinet-15764,
oppein-ply-ssw-w2712,OPPEIN,PLY-SSW-W2712,Wall Short Cabinet,White Slim Shaker,Plywood,model_ready,685.8,304.8,304.8,/cabinet-inventory/models/oppein-ply-ssw-w2712.glb,https://www.oppeincabinetry.ca/shop/ply-ssw-w2712-wall-short-cabinet-12556,
oppein-ply-ssw-w3021,OPPEIN,PLY-SSW-W3021,Wall Short Cabinet,White Slim Shaker,Plywood,model_ready,762.0,533.4,304.8,/cabinet-inventory/models/oppein-ply-ssw-w3021.glb,https://www.oppeincabinetry.ca/shop/ply-ssw-w3021-wall-short-cabinet-12560,
oppein-ply-ssw-w3024,OPPEIN,PLY-SSW-W3024,Wall Short Cabinet,White Slim Shaker,Plywood,model_ready,762.0,609.6,304.8,/cabinet-inventory/models/oppein-ply-ssw-w3024.glb,https://www.oppeincabinetry.ca/shop/ply-ssw-w3024-wall-short-cabinet-12561,
oppein-ply-ssw-w3312,OPPEIN,PLY-SSW-W3312,Wall Short Cabinet,White Slim Shaker,Plywood,model_ready,838.2,304.8,304.8,/cabinet-inventory/models/oppein-ply-ssw-w3312.glb,https://www.oppeincabinetry.ca/shop/ply-ssw-w3312-wall-short-cabinet-12564,
oppein-ply-ssw-w3315,OPPEIN,PLY-SSW-W3315,Wall Short Cabinet,White Slim Shaker,Plywood,model_ready,838.2,381.0,304.8,/cabinet-inventory/models/oppein-ply-ssw-w3315.glb,https://www.oppeincabinetry.ca/shop/ply-ssw-w3315-wall-short-cabinet-12566,
oppein-ply-ssw-w3321,OPPEIN,PLY-SSW-W3321,Wall Short Cabinet,White Slim Shaker,Plywood,model_ready,838.2,533.4,304.8,/cabinet-inventory/models/oppein-ply-ssw-w3321.glb,https://www.oppeincabinetry.ca/shop/ply-ssw-w3321-wall-short-cabinet-12568,
oppein-ply-ssw-w3324,OPPEIN,PLY-SSW-W3324,Wall Short Cabinet,White Slim Shaker,Plywood,model_ready,838.2,609.6,304.8,/cabinet-inventory/models/oppein-ply-ssw-w3324.glb,https://www.oppeincabinetry.ca/shop/ply-ssw-w3324-wall-short-cabinet-12569,
oppein-ply-ssw-w3612,OPPEIN,PLY-SSW-W3612,Wall Short Cabinet,White Slim Shaker,Plywood,model_ready,914.4,304.8,304.8,/cabinet-inventory/models/oppein-ply-ssw-w3612.glb,https://www.oppeincabinetry.ca/shop/ply-ssw-w3612-wall-short-cabinet-12571,
oppein-ply-ssw-w3615,OPPEIN,PLY-SSW-W3615,Wall Short Cabinet,White Slim Shaker,Plywood,model_ready,914.4,381.0,304.8,/cabinet-inventory/models/oppein-ply-ssw-w3615.glb,https://www.oppeincabinetry.ca/shop/ply-ssw-w3615-wall-short-cabinet-12573,
oppein-ply-ssw-w3624,OPPEIN,PLY-SSW-W3624,Wall Short Cabinet,White Slim Shaker,Plywood,model_ready,914.4,609.6,304.8,/cabinet-inventory/models/oppein-ply-ssw-w3624.glb,https://www.oppeincabinetry.ca/shop/ply-ssw-w3624-wall-short-cabinet-12576,
oppein-ply-pgw-w3624,OPPEIN,PLY-PGW-W3624,Wall Short Cabinet,White High Gloss,Plywood,model_ready,914.4,609.6,304.8,/cabinet-inventory/models/oppein-ply-pgw-w3624.glb,https://www.oppeincabinetry.ca/shop/ply-pgw-w3624-wall-short-cabinet-15493,
oppein-ply-pgw-w3615,OPPEIN,PLY-PGW-W3615,Wall Short Cabinet,White High Gloss,Plywood,model_ready,914.4,381.0,304.8,/cabinet-inventory/models/oppein-ply-pgw-w3615.glb,https://www.oppeincabinetry.ca/shop/ply-pgw-w3615-wall-short-cabinet-15490,
oppein-ply-pgw-w3612,OPPEIN,PLY-PGW-W3612,Wall Short Cabinet,White High Gloss,Plywood,model_ready,914.4,304.8,304.8,/cabinet-inventory/models/oppein-ply-pgw-w3612.glb,https://www.oppeincabinetry.ca/shop/ply-pgw-w3612-wall-short-cabinet-15488,
oppein-ply-pgw-w3324,OPPEIN,PLY-PGW-W3324,Wall Short Cabinet,White High Gloss,Plywood,model_ready,838.2,609.6,304.8,/cabinet-inventory/models/oppein-ply-pgw-w3324.glb,https://www.oppeincabinetry.ca/shop/ply-pgw-w3324-wall-short-cabinet-15486,
oppein-ply-pgw-w3321,OPPEIN,PLY-PGW-W3321,Wall Short Cabinet,White High Gloss,Plywood,model_ready,838.2,533.4,304.8,/cabinet-inventory/models/oppein-ply-pgw-w3321.glb,https://www.oppeincabinetry.ca/shop/ply-pgw-w3321-wall-short-cabinet-15485,
oppein-ply-pgw-w3315,OPPEIN,PLY-PGW-W3315,Wall Short Cabinet,White High Gloss,Plywood,model_ready,838.2,381.0,304.8,/cabinet-inventory/models/oppein-ply-pgw-w3315.glb,https://www.oppeincabinetry.ca/shop/ply-pgw-w3315-wall-short-cabinet-15483,
oppein-ply-pgw-w3312,OPPEIN,PLY-PGW-W3312,Wall Short Cabinet,White High Gloss,Plywood,model_ready,838.2,304.8,304.8,/cabinet-inventory/models/oppein-ply-pgw-w3312.glb,https://www.oppeincabinetry.ca/shop/ply-pgw-w3312-wall-short-cabinet-15481,
oppein-ply-pgw-w3024,OPPEIN,PLY-PGW-W3024,Wall Short Cabinet,White High Gloss,Plywood,model_ready,762.0,609.6,304.8,/cabinet-inventory/models/oppein-ply-pgw-w3024.glb,https://www.oppeincabinetry.ca/shop/ply-pgw-w3024-wall-short-cabinet-15480,
oppein-ply-pgw-w3021,OPPEIN,PLY-PGW-W3021,Wall Short Cabinet,White High Gloss,Plywood,model_ready,762.0,533.4,304.8,/cabinet-inventory/models/oppein-ply-pgw-w3021.glb,https://www.oppeincabinetry.ca/shop/ply-pgw-w3021-wall-short-cabinet-15479,
oppein-pb-mso-w2412,OPPEIN,PB-MSO-W2412,Wall Short Cabinet,Smoked Oak,Particle board,model_ready,609.6,304.8,304.8,/cabinet-inventory/models/oppein-pb-mso-w2412.glb,https://www.oppeincabinetry.ca/shop/pb-mso-w2412-wall-short-cabinet-18822,
oppein-pb-mso-w2415,OPPEIN,PB-MSO-W2415,Wall Short Cabinet,Smoked Oak,Particle board,model_ready,609.6,381.0,304.8,/cabinet-inventory/models/oppein-pb-mso-w2415.glb,https://www.oppeincabinetry.ca/shop/pb-mso-w2415-wall-short-cabinet-18823,
oppein-pb-mso-w2418,OPPEIN,PB-MSO-W2418,Wall Short Cabinet,Smoked Oak,Particle board,model_ready,609.6,457.2,304.8,/cabinet-inventory/models/oppein-pb-mso-w2418.glb,https://www.oppeincabinetry.ca/shop/pb-mso-w2418-wall-short-cabinet-18824,
oppein-pb-mso-w2421,OPPEIN,PB-MSO-W2421,Wall Short Cabinet,Smoked Oak,Particle board,model_ready,609.6,533.4,304.8,/cabinet-inventory/models/oppein-pb-mso-w2421.glb,https://www.oppeincabinetry.ca/shop/pb-mso-w2421-wall-short-cabinet-18825,
oppein-pb-mso-w2424,OPPEIN,PB-MSO-W2424,Wall Short Cabinet,Smoked Oak,Particle board,model_ready,609.6,609.6,304.8,/cabinet-inventory/models/oppein-pb-mso-w2424.glb,https://www.oppeincabinetry.ca/shop/pb-mso-w2424-wall-short-cabinet-18826,
oppein-ply-mnw-w3612,OPPEIN,PLY-MNW-W3612,Wall Short Cabinet,Natural Wood,Plywood,model_ready,914.4,304.8,304.8,/cabinet-inventory/models/oppein-ply-mnw-w3612.glb,https://www.oppeincabinetry.ca/shop/ply-mnw-w3612-wall-short-cabinet-14031,
oppein-ply-mnw-w3624,OPPEIN,PLY-MNW-W3624,Wall Short Cabinet,Natural Wood,Plywood,model_ready,914.4,609.6,304.8,/cabinet-inventory/models/oppein-ply-mnw-w3624.glb,https://www.oppeincabinetry.ca/shop/ply-mnw-w3624-wall-short-cabinet-14036,
oppein-ply-pgw-w2712,OPPEIN,PLY-PGW-W2712,Wall Short Cabinet,White High Gloss,Plywood,model_ready,685.8,304.8,304.8,/cabinet-inventory/models/oppein-ply-pgw-w2712.glb,https://www.oppeincabinetry.ca/shop/ply-pgw-w2712-wall-short-cabinet-15475,
oppein-ply-pgw-w2412,OPPEIN,PLY-PGW-W2412,Wall Short Cabinet,White High Gloss,Plywood,model_ready,609.6,304.8,304.8,/cabinet-inventory/models/oppein-ply-pgw-w2412.glb,https://www.oppeincabinetry.ca/shop/ply-pgw-w2412-wall-short-cabinet-15472,
oppein-ply-pgw-w2112,OPPEIN,PLY-PGW-W2112,Wall Short Cabinet,White High Gloss,Plywood,model_ready,533.4,304.8,304.8,/cabinet-inventory/models/oppein-ply-pgw-w2112.glb,https://www.oppeincabinetry.ca/shop/ply-pgw-w2112-wall-short-cabinet-15470,
oppein-ply-pgw-w1812,OPPEIN,PLY-PGW-W1812,Wall Short Cabinet,White High Gloss,Plywood,model_ready,457.2,304.8,304.8,/cabinet-inventory/models/oppein-ply-pgw-w1812.glb,https://www.oppeincabinetry.ca/shop/ply-pgw-w1812-wall-short-cabinet-15468,
oppein-ply-pgw-w1542,OPPEIN,PLY-PGW-W1542,Wall Short Cabinet,White High Gloss,Plywood,model_ready,381.0,1066.8,304.8,/cabinet-inventory/models/oppein-ply-pgw-w1542.glb,https://www.oppeincabinetry.ca/shop/ply-pgw-w1542-wall-short-cabinet-15467,
oppein-ply-pgw-w1512,OPPEIN,PLY-PGW-W1512,Wall Short Cabinet,White High Gloss,Plywood,model_ready,381.0,304.8,304.8,/cabinet-inventory/models/oppein-ply-pgw-w1512.glb,https://www.oppeincabinetry.ca/shop/ply-pgw-w1512-wall-short-cabinet-15465,
oppein-ply-pgw-w1212,OPPEIN,PLY-PGW-W1212,Wall Short Cabinet,White High Gloss,Plywood,model_ready,304.8,304.8,304.8,/cabinet-inventory/models/oppein-ply-pgw-w1212.glb,https://www.oppeincabinetry.ca/shop/ply-pgw-w1212-wall-short-cabinet-15464,
oppein-ply-mnw-w3015,OPPEIN,PLY-MNW-W3015,Wall Short Cabinet,Natural Wood,Plywood,model_ready,762.0,381.0,304.8,/cabinet-inventory/models/oppein-ply-mnw-w3015.glb,https://www.oppeincabinetry.ca/shop/ply-mnw-w3015-wall-short-cabinet-13941,
oppein-ply-mnw-w3618,OPPEIN,PLY-MNW-W3618,Wall Short Cabinet,Natural Wood,Plywood,model_ready,914.4,457.2,304.8,/cabinet-inventory/models/oppein-ply-mnw-w3618.glb,https://www.oppeincabinetry.ca/shop/ply-mnw-w3618-wall-short-cabinet-13945,
oppein-ply-mnw-w3012,OPPEIN,PLY-MNW-W3012,Wall Short Cabinet,Natural Wood,Plywood,model_ready,762.0,304.8,304.8,/cabinet-inventory/models/oppein-ply-mnw-w3012.glb,https://www.oppeincabinetry.ca/shop/ply-mnw-w3012-wall-short-cabinet-13947,
oppein-ply-mso-w3012,OPPEIN,PLY-MSO-W3012,Wall Short Cabinet,Smoked Oak,Plywood,model_ready,762.0,304.8,304.8,/cabinet-inventory/models/oppein-ply-mso-w3012.glb,https://www.oppeincabinetry.ca/shop/ply-mso-w3012-wall-short-cabinet-14669,
oppein-ply-mnw-w3318,OPPEIN,PLY-MNW-W3318,Wall Short Cabinet,Natural Wood,Plywood,model_ready,838.2,457.2,304.8,/cabinet-inventory/models/oppein-ply-mnw-w3318.glb,https://www.oppeincabinetry.ca/shop/ply-mnw-w3318-wall-short-cabinet-13948,
oppein-ply-mnw-w3018,OPPEIN,PLY-MNW-W3018,Wall Short Cabinet,Natural Wood,Plywood,model_ready,762.0,457.2,304.8,/cabinet-inventory/models/oppein-ply-mnw-w3018.glb,https://www.oppeincabinetry.ca/shop/ply-mnw-w3018-wall-short-cabinet-13958,
oppein-ply-pgw-w3018,OPPEIN,PLY-PGW-W3018,Wall Short Cabinet,White High Gloss,Plywood,model_ready,762.0,457.2,304.8,/cabinet-inventory/models/oppein-ply-pgw-w3018.glb,https://www.oppeincabinetry.ca/shop/ply-pgw-w3018-wall-short-cabinet-15415,
oppein-ply-pgw-w3318,OPPEIN,PLY-PGW-W3318,Wall Short Cabinet,White High Gloss,Plywood,model_ready,838.2,457.2,304.8,/cabinet-inventory/models/oppein-ply-pgw-w3318.glb,https://www.oppeincabinetry.ca/shop/ply-pgw-w3318-wall-short-cabinet-15405,
oppein-ply-pgw-w3012,OPPEIN,PLY-PGW-W3012,Wall Short Cabinet,White High Gloss,Plywood,model_ready,762.0,304.8,304.8,/cabinet-inventory/models/oppein-ply-pgw-w3012.glb,https://www.oppeincabinetry.ca/shop/ply-pgw-w3012-wall-short-cabinet-15404,
oppein-ply-pgw-w3618,OPPEIN,PLY-PGW-W3618,Wall Short Cabinet,White High Gloss,Plywood,model_ready,914.4,457.2,304.8,/cabinet-inventory/models/oppein-ply-pgw-w3618.glb,https://www.oppeincabinetry.ca/shop/ply-pgw-w3618-wall-short-cabinet-15402,
oppein-ply-pgw-w3015,OPPEIN,PLY-PGW-W3015,Wall Short Cabinet,White High Gloss,Plywood,model_ready,762.0,381.0,304.8,/cabinet-inventory/models/oppein-ply-pgw-w3015.glb,https://www.oppeincabinetry.ca/shop/ply-pgw-w3015-wall-short-cabinet-15398,
oppein-ply-mso-w3624,OPPEIN,PLY-MSO-W3624,Wall Short Cabinet,Smoked Oak,Plywood,model_ready,914.4,609.6,304.8,/cabinet-inventory/models/oppein-ply-mso-w3624.glb,https://www.oppeincabinetry.ca/shop/ply-mso-w3624-wall-short-cabinet-14757,
oppein-ply-mso-w3615,OPPEIN,PLY-MSO-W3615,Wall Short Cabinet,Smoked Oak,Plywood,model_ready,914.4,381.0,304.8,/cabinet-inventory/models/oppein-ply-mso-w3615.glb,https://www.oppeincabinetry.ca/shop/ply-mso-w3615-wall-short-cabinet-14754,
oppein-ply-mso-w3612,OPPEIN,PLY-MSO-W3612,Wall Short Cabinet,Smoked Oak,Plywood,model_ready,914.4,304.8,304.8,/cabinet-inventory/models/oppein-ply-mso-w3612.glb,https://www.oppeincabinetry.ca/shop/ply-mso-w3612-wall-short-cabinet-14752,
oppein-ply-mso-w3324,OPPEIN,PLY-MSO-W3324,Wall Short Cabinet,Smoked Oak,Plywood,model_ready,838.2,609.6,304.8,/cabinet-inventory/models/oppein-ply-mso-w3324.glb,https://www.oppeincabinetry.ca/shop/ply-mso-w3324-wall-short-cabinet-14750,
oppein-ply-mso-w3321,OPPEIN,PLY-MSO-W3321,Wall Short Cabinet,Smoked Oak,Plywood,model_ready,838.2,533.4,304.8,/cabinet-inventory/models/oppein-ply-mso-w3321.glb,https://www.oppeincabinetry.ca/shop/ply-mso-w3321-wall-short-cabinet-14749,
oppein-ply-mso-w3315,OPPEIN,PLY-MSO-W3315,Wall Short Cabinet,Smoked Oak,Plywood,model_ready,838.2,381.0,304.8,/cabinet-inventory/models/oppein-ply-mso-w3315.glb,https://www.oppeincabinetry.ca/shop/ply-mso-w3315-wall-short-cabinet-14747,
oppein-ply-mso-w3312,OPPEIN,PLY-MSO-W3312,Wall Short Cabinet,Smoked Oak,Plywood,model_ready,838.2,304.8,304.8,/cabinet-inventory/models/oppein-ply-mso-w3312.glb,https://www.oppeincabinetry.ca/shop/ply-mso-w3312-wall-short-cabinet-14745,
oppein-ply-mso-w3024,OPPEIN,PLY-MSO-W3024,Wall Short Cabinet,Smoked Oak,Plywood,model_ready,762.0,609.6,304.8,/cabinet-inventory/models/oppein-ply-mso-w3024.glb,https://www.oppeincabinetry.ca/shop/ply-mso-w3024-wall-short-cabinet-14744,
oppein-ply-mso-w3021,OPPEIN,PLY-MSO-W3021,Wall Short Cabinet,Smoked Oak,Plywood,model_ready,762.0,533.4,304.8,/cabinet-inventory/models/oppein-ply-mso-w3021.glb,https://www.oppeincabinetry.ca/shop/ply-mso-w3021-wall-short-cabinet-14743,
oppein-ply-mso-w2712,OPPEIN,PLY-MSO-W2712,Wall Short Cabinet,Smoked Oak,Plywood,model_ready,685.8,304.8,304.8,/cabinet-inventory/models/oppein-ply-mso-w2712.glb,https://www.oppeincabinetry.ca/shop/ply-mso-w2712-wall-short-cabinet-14739,
oppein-ply-mso-w2412,OPPEIN,PLY-MSO-W2412,Wall Short Cabinet,Smoked Oak,Plywood,model_ready,609.6,304.8,304.8,/cabinet-inventory/models/oppein-ply-mso-w2412.glb,https://www.oppeincabinetry.ca/shop/ply-mso-w2412-wall-short-cabinet-14736,
oppein-ply-mso-w2112,OPPEIN,PLY-MSO-W2112,Wall Short Cabinet,Smoked Oak,Plywood,model_ready,533.4,304.8,304.8,/cabinet-inventory/models/oppein-ply-mso-w2112.glb,https://www.oppeincabinetry.ca/shop/ply-mso-w2112-wall-short-cabinet-14734,
oppein-pb-ssw-w2412,OPPEIN,PB-SSW-W2412,Wall Short Cabinet,White Slim Shaker,Particle board,model_ready,609.6,304.8,304.8,/cabinet-inventory/models/oppein-pb-ssw-w2412.glb,https://www.oppeincabinetry.ca/shop/pb-ssw-w2412-wall-short-cabinet-18958,
oppein-pb-ssw-w2415,OPPEIN,PB-SSW-W2415,Wall Short Cabinet,White Slim Shaker,Particle board,model_ready,609.6,381.0,304.8,/cabinet-inventory/models/oppein-pb-ssw-w2415.glb,https://www.oppeincabinetry.ca/shop/pb-ssw-w2415-wall-short-cabinet-18959,
oppein-pb-ssw-w2418,OPPEIN,PB-SSW-W2418,Wall Short Cabinet,White Slim Shaker,Particle board,model_ready,609.6,457.2,304.8,/cabinet-inventory/models/oppein-pb-ssw-w2418.glb,https://www.oppeincabinetry.ca/shop/pb-ssw-w2418-wall-short-cabinet-18960,
oppein-pb-ssw-w2421,OPPEIN,PB-SSW-W2421,Wall Short Cabinet,White Slim Shaker,Particle board,model_ready,609.6,533.4,304.8,/cabinet-inventory/models/oppein-pb-ssw-w2421.glb,https://www.oppeincabinetry.ca/shop/pb-ssw-w2421-wall-short-cabinet-18961,
oppein-pb-ssw-w2424,OPPEIN,PB-SSW-W2424,Wall Short Cabinet,White Slim Shaker,Particle board,model_ready,609.6,609.6,304.8,/cabinet-inventory/models/oppein-pb-ssw-w2424.glb,https://www.oppeincabinetry.ca/shop/pb-ssw-w2424-wall-short-cabinet-18962,
oppein-ply-mso-w3618,OPPEIN,PLY-MSO-W3618,Wall Short Cabinet,Smoked Oak,Plywood,model_ready,914.4,457.2,304.8,/cabinet-inventory/models/oppein-ply-mso-w3618.glb,https://www.oppeincabinetry.ca/shop/ply-mso-w3618-wall-short-cabinet-14667,
oppein-pb-ssw-w2712,OPPEIN,PB-SSW-W2712,Wall Short Cabinet,White Slim Shaker,Particle board,model_ready,685.8,304.8,304.8,/cabinet-inventory/models/oppein-pb-ssw-w2712.glb,https://www.oppeincabinetry.ca/shop/pb-ssw-w2712-wall-short-cabinet-18966,
oppein-ply-mso-w3015,OPPEIN,PLY-MSO-W3015,Wall Short Cabinet,Smoked Oak,Plywood,model_ready,762.0,381.0,304.8,/cabinet-inventory/models/oppein-ply-mso-w3015.glb,https://www.oppeincabinetry.ca/shop/ply-mso-w3015-wall-short-cabinet-14663,
oppein-ply-mnw-w3315,OPPEIN,PLY-MNW-W3315,Wall Short Cabinet,Natural Wood,Plywood,model_ready,838.2,381.0,304.8,/cabinet-inventory/models/oppein-ply-mnw-w3315.glb,https://www.oppeincabinetry.ca/shop/ply-mnw-w3315-wall-short-cabinet-14026,
oppein-pb-ssw-w3012,OPPEIN,PB-SSW-W3012,Wall Short Cabinet,White Slim Shaker,Particle board,model_ready,762.0,304.8,304.8,/cabinet-inventory/models/oppein-pb-ssw-w3012.glb,https://www.oppeincabinetry.ca/shop/pb-ssw-w3012-wall-short-cabinet-18971,
oppein-pb-ssw-w3015,OPPEIN,PB-SSW-W3015,Wall Short Cabinet,White Slim Shaker,Particle board,model_ready,762.0,381.0,304.8,/cabinet-inventory/models/oppein-pb-ssw-w3015.glb,https://www.oppeincabinetry.ca/shop/pb-ssw-w3015-wall-short-cabinet-18973,
oppein-pb-ssw-w3018,OPPEIN,PB-SSW-W3018,Wall Short Cabinet,White Slim Shaker,Particle board,model_ready,762.0,457.2,304.8,/cabinet-inventory/models/oppein-pb-ssw-w3018.glb,https://www.oppeincabinetry.ca/shop/pb-ssw-w3018-wall-short-cabinet-18975,
oppein-pb-ssw-w3021,OPPEIN,PB-SSW-W3021,Wall Short Cabinet,White Slim Shaker,Particle board,model_ready,762.0,533.4,304.8,/cabinet-inventory/models/oppein-pb-ssw-w3021.glb,https://www.oppeincabinetry.ca/shop/pb-ssw-w3021-wall-short-cabinet-18977,
oppein-pb-ssw-w3024,OPPEIN,PB-SSW-W3024,Wall Short Cabinet,White Slim Shaker,Particle board,model_ready,762.0,609.6,304.8,/cabinet-inventory/models/oppein-pb-ssw-w3024.glb,https://www.oppeincabinetry.ca/shop/pb-ssw-w3024-wall-short-cabinet-18979,
oppein-pb-ssw-w3312,OPPEIN,PB-SSW-W3312,Wall Short Cabinet,White Slim Shaker,Particle board,model_ready,838.2,304.8,304.8,/cabinet-inventory/models/oppein-pb-ssw-w3312.glb,https://www.oppeincabinetry.ca/shop/pb-ssw-w3312-wall-short-cabinet-18984,
oppein-pb-ssw-w3315,OPPEIN,PB-SSW-W3315,Wall Short Cabinet,White Slim Shaker,Particle board,model_ready,838.2,381.0,304.8,/cabinet-inventory/models/oppein-pb-ssw-w3315.glb,https://www.oppeincabinetry.ca/shop/pb-ssw-w3315-wall-short-cabinet-18986,
oppein-pb-ssw-w3318,OPPEIN,PB-SSW-W3318,Wall Short Cabinet,White Slim Shaker,Particle board,model_ready,838.2,457.2,304.8,/cabinet-inventory/models/oppein-pb-ssw-w3318.glb,https://www.oppeincabinetry.ca/shop/pb-ssw-w3318-wall-short-cabinet-18988,
oppein-pb-ssw-w3321,OPPEIN,PB-SSW-W3321,Wall Short Cabinet,White Slim Shaker,Particle board,model_ready,838.2,533.4,304.8,/cabinet-inventory/models/oppein-pb-ssw-w3321.glb,https://www.oppeincabinetry.ca/shop/pb-ssw-w3321-wall-short-cabinet-18990,
oppein-ply-mso-w1812,OPPEIN,PLY-MSO-W1812,Wall Short Cabinet,Smoked Oak,Plywood,model_ready,457.2,304.8,304.8,/cabinet-inventory/models/oppein-ply-mso-w1812.glb,https://www.oppeincabinetry.ca/shop/ply-mso-w1812-wall-short-cabinet-14732,
oppein-ply-mso-w1512,OPPEIN,PLY-MSO-W1512,Wall Short Cabinet,Smoked Oak,Plywood,model_ready,381.0,304.8,304.8,/cabinet-inventory/models/oppein-ply-mso-w1512.glb,https://www.oppeincabinetry.ca/shop/ply-mso-w1512-wall-short-cabinet-14729,
oppein-ply-wss-w2112,OPPEIN,PLY-WSS-W2112,Wall Short Cabinet,White Single Shaker,Plywood,model_ready,533.4,304.8,304.8,/cabinet-library/models/PLY-WSS-W2112.glb,https://www.oppeincabinetry.ca/shop/ply-wss-w2112-wall-short-cabinet-10047,
oppein-pb-ssw-w3324,OPPEIN,PB-SSW-W3324,Wall Short Cabinet,White Slim Shaker,Particle board,model_ready,838.2,609.6,304.8,/cabinet-inventory/models/oppein-pb-ssw-w3324.glb,https://www.oppeincabinetry.ca/shop/pb-ssw-w3324-wall-short-cabinet-18992,
oppein-pb-ssw-w3612,OPPEIN,PB-SSW-W3612,Wall Short Cabinet,White Slim Shaker,Particle board,model_ready,914.4,304.8,304.8,/cabinet-inventory/models/oppein-pb-ssw-w3612.glb,https://www.oppeincabinetry.ca/shop/pb-ssw-w3612-wall-short-cabinet-18997,
oppein-pb-ssw-w3615,OPPEIN,PB-SSW-W3615,Wall Short Cabinet,White Slim Shaker,Particle board,model_ready,914.4,381.0,304.8,/cabinet-inventory/models/oppein-pb-ssw-w3615.glb,https://www.oppeincabinetry.ca/shop/pb-ssw-w3615-wall-short-cabinet-18999,
oppein-pb-ssw-w3618,OPPEIN,PB-SSW-W3618,Wall Short Cabinet,White Slim Shaker,Particle board,model_ready,914.4,457.2,304.8,/cabinet-inventory/models/oppein-pb-ssw-w3618.glb,https://www.oppeincabinetry.ca/shop/pb-ssw-w3618-wall-short-cabinet-19001,
oppein-pb-wss-w3312,OPPEIN,PB-WSS-W3312,Wall Short Cabinet,White Single Shaker,Particle board,model_ready,838.2,304.8,304.8,/cabinet-inventory/models/oppein-pb-wss-w3312.glb,https://www.oppeincabinetry.ca/shop/pb-wss-w3312-wall-short-cabinet-17893,
oppein-pb-wss-w3315,OPPEIN,PB-WSS-W3315,Wall Short Cabinet,White Single Shaker,Particle board,model_ready,838.2,381.0,304.8,/cabinet-inventory/models/oppein-pb-wss-w3315.glb,https://www.oppeincabinetry.ca/shop/pb-wss-w3315-wall-short-cabinet-17895,
oppein-pb-wss-w3318,OPPEIN,PB-WSS-W3318,Wall Short Cabinet,White Single Shaker,Particle board,model_ready,838.2,457.2,304.8,/cabinet-inventory/models/oppein-pb-wss-w3318.glb,https://www.oppeincabinetry.ca/shop/pb-wss-w3318-wall-short-cabinet-17897,
oppein-pb-wss-w3321,OPPEIN,PB-WSS-W3321,Wall Short Cabinet,White Single Shaker,Particle board,model_ready,838.2,533.4,304.8,/cabinet-inventory/models/oppein-pb-wss-w3321.glb,https://www.oppeincabinetry.ca/shop/pb-wss-w3321-wall-short-cabinet-17899,
oppein-pb-wss-w3324,OPPEIN,PB-WSS-W3324,Wall Short Cabinet,White Single Shaker,Particle board,model_ready,838.2,609.6,304.8,/cabinet-inventory/models/oppein-pb-wss-w3324.glb,https://www.oppeincabinetry.ca/shop/pb-wss-w3324-wall-short-cabinet-17901,
oppein-pb-ssw-w3621,OPPEIN,PB-SSW-W3621,Wall Short Cabinet,White Slim Shaker,Particle board,model_ready,914.4,533.4,304.8,/cabinet-inventory/models/oppein-pb-ssw-w3621.glb,https://www.oppeincabinetry.ca/shop/pb-ssw-w3621-wall-short-cabinet-19003,
oppein-pb-ssw-w3624,OPPEIN,PB-SSW-W3624,Wall Short Cabinet,White Slim Shaker,Particle board,model_ready,914.4,609.6,304.8,/cabinet-inventory/models/oppein-pb-ssw-w3624.glb,https://www.oppeincabinetry.ca/shop/pb-ssw-w3624-wall-short-cabinet-19005,
oppein-pb-wss-w3612,OPPEIN,PB-WSS-W3612,Wall Short Cabinet,White Single Shaker,Particle board,model_ready,914.4,304.8,304.8,/cabinet-inventory/models/oppein-pb-wss-w3612.glb,https://www.oppeincabinetry.ca/shop/pb-wss-w3612-wall-short-cabinet-17906,
oppein-pb-wss-w3615,OPPEIN,PB-WSS-W3615,Wall Short Cabinet,White Single Shaker,Particle board,model_ready,914.4,381.0,304.8,/cabinet-inventory/models/oppein-pb-wss-w3615.glb,https://www.oppeincabinetry.ca/shop/pb-wss-w3615-wall-short-cabinet-17908,
oppein-pb-wss-w3618,OPPEIN,PB-WSS-W3618,Wall Short Cabinet,White Single Shaker,Particle board,model_ready,914.4,457.2,304.8,/cabinet-inventory/models/oppein-pb-wss-w3618.glb,https://www.oppeincabinetry.ca/shop/pb-wss-w3618-wall-short-cabinet-17910,
oppein-pb-wss-w3621,OPPEIN,PB-WSS-W3621,Wall Short Cabinet,White Single Shaker,Particle board,model_ready,914.4,533.4,304.8,/cabinet-inventory/models/oppein-pb-wss-w3621.glb,https://www.oppeincabinetry.ca/shop/pb-wss-w3621-wall-short-cabinet-17912,
oppein-pb-wss-w3624,OPPEIN,PB-WSS-W3624,Wall Short Cabinet,White Single Shaker,Particle board,model_ready,914.4,609.6,304.8,/cabinet-inventory/models/oppein-pb-wss-w3624.glb,https://www.oppeincabinetry.ca/shop/pb-wss-w3624-wall-short-cabinet-17914,
oppein-ply-mnw-w3321,OPPEIN,PLY-MNW-W3321,Wall Short Cabinet,Natural Wood,Plywood,model_ready,838.2,533.4,304.8,/cabinet-inventory/models/oppein-ply-mnw-w3321.glb,https://www.oppeincabinetry.ca/shop/ply-mnw-w3321-wall-short-cabinet-14028,
oppein-pb-wss-w3024,OPPEIN,PB-WSS-W3024,Wall Short Cabinet,White Single Shaker,Particle board,model_ready,762.0,609.6,304.8,/cabinet-inventory/models/oppein-pb-wss-w3024.glb,https://www.oppeincabinetry.ca/shop/pb-wss-w3024-wall-short-cabinet-17888,
oppein-pb-wss-w3021,OPPEIN,PB-WSS-W3021,Wall Short Cabinet,White Single Shaker,Particle board,model_ready,762.0,533.4,304.8,/cabinet-inventory/models/oppein-pb-wss-w3021.glb,https://www.oppeincabinetry.ca/shop/pb-wss-w3021-wall-short-cabinet-17886,
oppein-ply-mso-w1212,OPPEIN,PLY-MSO-W1212,Wall Short Cabinet,Smoked Oak,Plywood,model_ready,304.8,304.8,304.8,/cabinet-inventory/models/oppein-ply-mso-w1212.glb,https://www.oppeincabinetry.ca/shop/ply-mso-w1212-wall-short-cabinet-14728,
oppein-ply-mnw-w1212,OPPEIN,PLY-MNW-W1212,Wall Short Cabinet,Natural Wood,Plywood,model_ready,304.8,304.8,304.8,/cabinet-inventory/models/oppein-ply-mnw-w1212.glb,https://www.oppeincabinetry.ca/shop/ply-mnw-w1212-wall-short-cabinet-14007,
oppein-ply-mnw-w1512,OPPEIN,PLY-MNW-W1512,Wall Short Cabinet,Natural Wood,Plywood,model_ready,381.0,304.8,304.8,/cabinet-inventory/models/oppein-ply-mnw-w1512.glb,https://www.oppeincabinetry.ca/shop/ply-mnw-w1512-wall-short-cabinet-14008,
oppein-pb-wss-w3018,OPPEIN,PB-WSS-W3018,Wall Short Cabinet,White Single Shaker,Particle board,model_ready,762.0,457.2,304.8,/cabinet-inventory/models/oppein-pb-wss-w3018.glb,https://www.oppeincabinetry.ca/shop/pb-wss-w3018-wall-short-cabinet-17884,
oppein-pb-wss-w3015,OPPEIN,PB-WSS-W3015,Wall Short Cabinet,White Single Shaker,Particle board,model_ready,762.0,381.0,304.8,/cabinet-inventory/models/oppein-pb-wss-w3015.glb,https://www.oppeincabinetry.ca/shop/pb-wss-w3015-wall-short-cabinet-17882,
oppein-pb-wss-w3012,OPPEIN,PB-WSS-W3012,Wall Short Cabinet,White Single Shaker,Particle board,model_ready,762.0,304.8,304.8,/cabinet-inventory/models/oppein-pb-wss-w3012.glb,https://www.oppeincabinetry.ca/shop/pb-wss-w3012-wall-short-cabinet-17880,
oppein-pb-wss-w2712,OPPEIN,PB-WSS-W2712,Wall Short Cabinet,White Single Shaker,Particle board,model_ready,685.8,304.8,304.8,/cabinet-inventory/models/oppein-pb-wss-w2712.glb,https://www.oppeincabinetry.ca/shop/pb-wss-w2712-wall-short-cabinet-17875,
oppein-pb-wss-w2424,OPPEIN,PB-WSS-W2424,Wall Short Cabinet,White Single Shaker,Particle board,model_ready,609.6,609.6,304.8,/cabinet-inventory/models/oppein-pb-wss-w2424.glb,https://www.oppeincabinetry.ca/shop/pb-wss-w2424-wall-short-cabinet-17871,
oppein-pb-wss-w2421,OPPEIN,PB-WSS-W2421,Wall Short Cabinet,White Single Shaker,Particle board,model_ready,609.6,533.4,304.8,/cabinet-inventory/models/oppein-pb-wss-w2421.glb,https://www.oppeincabinetry.ca/shop/pb-wss-w2421-wall-short-cabinet-17870,
oppein-pb-wss-w2418,OPPEIN,PB-WSS-W2418,Wall Short Cabinet,White Single Shaker,Particle board,model_ready,609.6,457.2,304.8,/cabinet-inventory/models/oppein-pb-wss-w2418.glb,https://www.oppeincabinetry.ca/shop/pb-wss-w2418-wall-short-cabinet-17869,
oppein-pb-wss-w2415,OPPEIN,PB-WSS-W2415,Wall Short Cabinet,White Single Shaker,Particle board,model_ready,609.6,381.0,304.8,/cabinet-inventory/models/oppein-pb-wss-w2415.glb,https://www.oppeincabinetry.ca/shop/pb-wss-w2415-wall-short-cabinet-17868,
oppein-pb-wss-w2412,OPPEIN,PB-WSS-W2412,Wall Short Cabinet,White Single Shaker,Particle board,model_ready,609.6,304.8,304.8,/cabinet-inventory/models/oppein-pb-wss-w2412.glb,https://www.oppeincabinetry.ca/shop/pb-wss-w2412-wall-short-cabinet-17867,
oppein-ply-gss-w3618,OPPEIN,PLY-GSS-W3618,Wall Short Cabinet,Gray Single Shaker,Plywood,model_ready,914.4,457.2,304.8,/cabinet-inventory/models/oppein-ply-gss-w3618.glb,https://www.oppeincabinetry.ca/shop/ply-gss-w3618-wall-short-cabinet-12195,
oppein-ply-gss-w2112,OPPEIN,PLY-GSS-W2112,Wall Short Cabinet,Gray Single Shaker,Plywood,model_ready,533.4,304.8,304.8,/cabinet-inventory/models/oppein-ply-gss-w2112.glb,https://www.oppeincabinetry.ca/shop/ply-gss-w2112-wall-short-cabinet-12196,
oppein-ply-gss-w3315,OPPEIN,PLY-GSS-W3315,Wall Short Cabinet,Gray Single Shaker,Plywood,model_ready,838.2,381.0,304.8,/cabinet-inventory/models/oppein-ply-gss-w3315.glb,https://www.oppeincabinetry.ca/shop/ply-gss-w3315-wall-short-cabinet-12197,
oppein-ply-gss-w3321,OPPEIN,PLY-GSS-W3321,Wall Short Cabinet,Gray Single Shaker,Plywood,model_ready,838.2,533.4,304.8,/cabinet-inventory/models/oppein-ply-gss-w3321.glb,https://www.oppeincabinetry.ca/shop/ply-gss-w3321-wall-short-cabinet-12198,
oppein-ply-gss-w3324,OPPEIN,PLY-GSS-W3324,Wall Short Cabinet,Gray Single Shaker,Plywood,model_ready,838.2,609.6,304.8,/cabinet-inventory/models/oppein-ply-gss-w3324.glb,https://www.oppeincabinetry.ca/shop/ply-gss-w3324-wall-short-cabinet-12199,
oppein-ply-gss-w1812,OPPEIN,PLY-GSS-W1812,Wall Short Cabinet,Gray Single Shaker,Plywood,model_ready,457.2,304.8,304.8,/cabinet-inventory/models/oppein-ply-gss-w1812.glb,https://www.oppeincabinetry.ca/shop/ply-gss-w1812-wall-short-cabinet-12200,
oppein-ply-gss-w2412,OPPEIN,PLY-GSS-W2412,Wall Short Cabinet,Gray Single Shaker,Plywood,model_ready,609.6,304.8,304.8,/cabinet-inventory/models/oppein-ply-gss-w2412.glb,https://www.oppeincabinetry.ca/shop/ply-gss-w2412-wall-short-cabinet-12201,
oppein-ply-gss-w2712,OPPEIN,PLY-GSS-W2712,Wall Short Cabinet,Gray Single Shaker,Plywood,model_ready,685.8,304.8,304.8,/cabinet-inventory/models/oppein-ply-gss-w2712.glb,https://www.oppeincabinetry.ca/shop/ply-gss-w2712-wall-short-cabinet-12204,
oppein-ply-ssw-wsl3015,OPPEIN,PLY-SSW-WSL3015,Wall Stay Lift,White Slim Shaker,Plywood,model_ready,762.0,381.0,304.8,/cabinet-inventory/models/oppein-ply-ssw-wsl3015.glb,https://www.oppeincabinetry.ca/shop/ply-ssw-wsl3015-wall-stay-lift-12591,
oppein-ply-bss-wsl3015,OPPEIN,PLY-BSS-WSL3015,Wall Stay Lift,Blue Single Shaker,Plywood,model_ready,762.0,381.0,304.8,/cabinet-inventory/models/oppein-ply-bss-wsl3015.glb,https://www.oppeincabinetry.ca/shop/ply-bss-wsl3015-wall-stay-lift-15836,
oppein-ply-bss-wsl3018,OPPEIN,PLY-BSS-WSL3018,Wall Stay Lift,Blue Single Shaker,Plywood,model_ready,762.0,457.2,304.8,/cabinet-inventory/models/oppein-ply-bss-wsl3018.glb,https://www.oppeincabinetry.ca/shop/ply-bss-wsl3018-wall-stay-lift-15837,
oppein-ply-bss-wsl3615,OPPEIN,PLY-BSS-WSL3615,Wall Stay Lift,Blue Single Shaker,Plywood,model_ready,914.4,381.0,304.8,/cabinet-inventory/models/oppein-ply-bss-wsl3615.glb,https://www.oppeincabinetry.ca/shop/ply-bss-wsl3615-wall-stay-lift-15838,
oppein-ply-gss-wsl3015,OPPEIN,PLY-GSS-WSL3015,Wall Stay Lift,Gray Single Shaker,Plywood,model_ready,762.0,381.0,304.8,/cabinet-inventory/models/oppein-ply-gss-wsl3015.glb,https://www.oppeincabinetry.ca/shop/ply-gss-wsl3015-wall-stay-lift-12224,
oppein-ply-wss-wsl3018,OPPEIN,PLY-WSS-WSL3018,Wall Stay Lift,White Single Shaker,Plywood,model_ready,762.0,457.2,304.8,/cabinet-library/models/PLY-WSS-WSL3018.glb,https://www.oppeincabinetry.ca/shop/ply-wss-wsl3018-wall-stay-lift-10049,
oppein-ply-wss-wsl3015,OPPEIN,PLY-WSS-WSL3015,Wall Stay Lift,White Single Shaker,Plywood,model_ready,762.0,381.0,304.8,/cabinet-library/models/PLY-WSS-WSL3015.glb,https://www.oppeincabinetry.ca/shop/ply-wss-wsl3015-wall-stay-lift-10050,
oppein-ply-mnw-wsl3015,OPPEIN,PLY-MNW-WSL3015,Wall Stay Lift,Natural Wood,Plywood,model_ready,762.0,381.0,304.8,/cabinet-inventory/models/oppein-ply-mnw-wsl3015.glb,https://www.oppeincabinetry.ca/shop/ply-mnw-wsl3015-wall-stay-lift-14051,
oppein-ply-mso-wsl3015,OPPEIN,PLY-MSO-WSL3015,Wall Stay Lift,Smoked Oak,Plywood,model_ready,762.0,381.0,304.8,/cabinet-inventory/models/oppein-ply-mso-wsl3015.glb,https://www.oppeincabinetry.ca/shop/ply-mso-wsl3015-wall-stay-lift-14772,
oppein-ply-mso-wsl3018,OPPEIN,PLY-MSO-WSL3018,Wall Stay Lift,Smoked Oak,Plywood,model_ready,762.0,457.2,304.8,/cabinet-inventory/models/oppein-ply-mso-wsl3018.glb,https://www.oppeincabinetry.ca/shop/ply-mso-wsl3018-wall-stay-lift-14773,
oppein-ply-mso-wsl3618,OPPEIN,PLY-MSO-WSL3618,Wall Stay Lift,Smoked Oak,Plywood,model_ready,914.4,457.2,304.8,/cabinet-inventory/models/oppein-ply-mso-wsl3618.glb,https://www.oppeincabinetry.ca/shop/ply-mso-wsl3618-wall-stay-lift-14774,
oppein-ply-mso-wsl3615,OPPEIN,PLY-MSO-WSL3615,Wall Stay Lift,Smoked Oak,Plywood,model_ready,914.4,381.0,304.8,/cabinet-inventory/models/oppein-ply-mso-wsl3615.glb,https://www.oppeincabinetry.ca/shop/ply-mso-wsl3615-wall-stay-lift-14775,
oppein-ply-mnw-wsl3018,OPPEIN,PLY-MNW-WSL3018,Wall Stay Lift,Natural Wood,Plywood,model_ready,762.0,457.2,304.8,/cabinet-inventory/models/oppein-ply-mnw-wsl3018.glb,https://www.oppeincabinetry.ca/shop/ply-mnw-wsl3018-wall-stay-lift-14052,
oppein-ply-mnw-wsl3618,OPPEIN,PLY-MNW-WSL3618,Wall Stay Lift,Natural Wood,Plywood,model_ready,914.4,457.2,304.8,/cabinet-inventory/models/oppein-ply-mnw-wsl3618.glb,https://www.oppeincabinetry.ca/shop/ply-mnw-wsl3618-wall-stay-lift-14053,
oppein-ply-mnw-wsl3615,OPPEIN,PLY-MNW-WSL3615,Wall Stay Lift,Natural Wood,Plywood,model_ready,914.4,381.0,304.8,/cabinet-inventory/models/oppein-ply-mnw-wsl3615.glb,https://www.oppeincabinetry.ca/shop/ply-mnw-wsl3615-wall-stay-lift-14055,
oppein-ply-bss-wsl3618,OPPEIN,PLY-BSS-WSL3618,Wall Stay Lift,Blue Single Shaker,Plywood,model_ready,914.4,457.2,304.8,/cabinet-inventory/models/oppein-ply-bss-wsl3618.glb,https://www.oppeincabinetry.ca/shop/ply-bss-wsl3618-wall-stay-lift-15839,
oppein-ply-gss-wsl3018,OPPEIN,PLY-GSS-WSL3018,Wall Stay Lift,Gray Single Shaker,Plywood,model_ready,762.0,457.2,304.8,/cabinet-inventory/models/oppein-ply-gss-wsl3018.glb,https://www.oppeincabinetry.ca/shop/ply-gss-wsl3018-wall-stay-lift-12225,
oppein-ply-wss-wsl3618,OPPEIN,PLY-WSS-WSL3618,Wall Stay Lift,White Single Shaker,Plywood,model_ready,914.4,457.2,304.8,/cabinet-library/models/PLY-WSS-WSL3618.glb,https://www.oppeincabinetry.ca/shop/ply-wss-wsl3618-wall-stay-lift-10048,
oppein-ply-gss-wsl3618,OPPEIN,PLY-GSS-WSL3618,Wall Stay Lift,Gray Single Shaker,Plywood,model_ready,914.4,457.2,304.8,/cabinet-inventory/models/oppein-ply-gss-wsl3618.glb,https://www.oppeincabinetry.ca/shop/ply-gss-wsl3618-wall-stay-lift-12223,
oppein-ply-pgw-wsl3015,OPPEIN,PLY-PGW-WSL3015,Wall Stay Lift,White High Gloss,Plywood,model_ready,762.0,381.0,304.8,/cabinet-inventory/models/oppein-ply-pgw-wsl3015.glb,https://www.oppeincabinetry.ca/shop/ply-pgw-wsl3015-wall-stay-lift-15508,
oppein-ply-pgw-wsl3018,OPPEIN,PLY-PGW-WSL3018,Wall Stay Lift,White High Gloss,Plywood,model_ready,762.0,457.2,304.8,/cabinet-inventory/models/oppein-ply-pgw-wsl3018.glb,https://www.oppeincabinetry.ca/shop/ply-pgw-wsl3018-wall-stay-lift-15509,
oppein-ply-pgw-wsl3618,OPPEIN,PLY-PGW-WSL3618,Wall Stay Lift,White High Gloss,Plywood,model_ready,914.4,457.2,304.8,/cabinet-inventory/models/oppein-ply-pgw-wsl3618.glb,https://www.oppeincabinetry.ca/shop/ply-pgw-wsl3618-wall-stay-lift-15510,
oppein-ply-pgw-wsl3615,OPPEIN,PLY-PGW-WSL3615,Wall Stay Lift,White High Gloss,Plywood,model_ready,914.4,381.0,304.8,/cabinet-inventory/models/oppein-ply-pgw-wsl3615.glb,https://www.oppeincabinetry.ca/shop/ply-pgw-wsl3615-wall-stay-lift-15511,
oppein-ply-ssw-wsl3618,OPPEIN,PLY-SSW-WSL3618,Wall Stay Lift,White Slim Shaker,Plywood,model_ready,914.4,457.2,304.8,/cabinet-inventory/models/oppein-ply-ssw-wsl3618.glb,https://www.oppeincabinetry.ca/shop/ply-ssw-wsl3618-wall-stay-lift-12593,
oppein-ply-ssw-wsl3018,OPPEIN,PLY-SSW-WSL3018,Wall Stay Lift,White Slim Shaker,Plywood,model_ready,762.0,457.2,304.8,/cabinet-inventory/models/oppein-ply-ssw-wsl3018.glb,https://www.oppeincabinetry.ca/shop/ply-ssw-wsl3018-wall-stay-lift-12592,
bvc-4549,Blue Valley,PS-WALL-2AC2USB-001,Wall-Mounted Power Strip with 2 AC Outlets & 2 USB Ports,,,specification_review,,,,,https://bluevalleycabinets.ca/product/wall-mounted-power-strip-with-2-ac-outlets-2-usb-ports/,Assembled W/H/D and configuration require further verification; shipping units are not used as cabinet measurements
bvc-4257,Blue Valley,BLS-36-Tray,Lazy Susan Cabinet Organizer Tray,,,specification_review,,,,,https://bluevalleycabinets.ca/product/bls-36-tray/,Assembled W/H/D and configuration require further verification; shipping units are not used as cabinet measurements
bvc-2797,Blue Valley,Closet Mirror,Closet Sliding Mirror,,,specification_review,,,,,https://bluevalleycabinets.ca/product/pull-out-sliding-mirror-with-90-swivel-function/,Assembled W/H/D and configuration require further verification; shipping units are not used as cabinet measurements
bvc-2353,Blue Valley,Smart Toilet,Smart Bidet Toilet – Heated Seat & Auto Flush,,,specification_review,,,,,https://bluevalleycabinets.ca/product/smart-bidet-toilet-with-heated-seat-quiet-close-lid-sensor-auto-flush-foot-kick-remote-control-tankless-design-night-light-elongated-one-piece/,Assembled W/H/D and configuration require further verification; shipping units are not used as cabinet measurements
bvc-2030,Blue Valley,Hinges,Cabinet Hinges (Pack of 2),,,specification_review,,,,,https://bluevalleycabinets.ca/product/soft-close-concealed-cabinet-hinges-35mm-cup-adjustable-furniture-hardware-for-kitchen-bathroom-cabinet-doors-pack-of-2/,Assembled W/H/D and configuration require further verification; shipping units are not used as cabinet measurements
bvc-901,Blue Valley,,Refundable Sample Door,,,specification_review,,,,,https://bluevalleycabinets.ca/product/refundable-another-door/,Assembled W/H/D and configuration require further verification; shipping units are not used as cabinet measurements
bvc-877,Blue Valley,,Refundable Sample Door,,,specification_review,,,,,https://bluevalleycabinets.ca/product/refundable-sample-door/,Assembled W/H/D and configuration require further verification; shipping units are not used as cabinet measurements
bvc-4639,Blue Valley,"Closet Top Box – 24"" D","Closet Top Box – 24"" Depth",PREMIUM WHITE,,specification_review,,,,,https://bluevalleycabinets.ca/product/closet-top-box-overhead-storage-cabinet-for-wardrobes/?attribute_pa_width=27-w&attribute_pa_color=premium-white,Assembled W/H/D and configuration require further verification; shipping units are not used as cabinet measurements
bvc-4638,Blue Valley,"Closet Top Box – 24"" D","Closet Top Box – 24"" Depth",Light Oak,,specification_review,,,,,https://bluevalleycabinets.ca/product/closet-top-box-overhead-storage-cabinet-for-wardrobes/?attribute_pa_width=27-w&attribute_pa_color=light-oak,Assembled W/H/D and configuration require further verification; shipping units are not used as cabinet measurements
bvc-4637,Blue Valley,"Closet Top Box – 24"" D","Closet Top Box – 24"" Depth",Kansas Oak,,specification_review,,,,,https://bluevalleycabinets.ca/product/closet-top-box-overhead-storage-cabinet-for-wardrobes/?attribute_pa_width=27-w&attribute_pa_color=kansas-oak,Assembled W/H/D and configuration require further verification; shipping units are not used as cabinet measurements
bvc-4636,Blue Valley,"Closet Top Box – 15"" D","Closet Top Box – 16"" Depth",PREMIUM WHITE,,specification_review,,,,,https://bluevalleycabinets.ca/product/closet-top-box-24-depth/?attribute_pa_width=27-w&attribute_pa_color=premium-white,Assembled W/H/D and configuration require further verification; shipping units are not used as cabinet measurements
bvc-4635,Blue Valley,"Closet Top Box – 15"" D","Closet Top Box – 16"" Depth",Light Oak,,specification_review,,,,,https://bluevalleycabinets.ca/product/closet-top-box-24-depth/?attribute_pa_width=27-w&attribute_pa_color=light-oak,Assembled W/H/D and configuration require further verification; shipping units are not used as cabinet measurements
bvc-4634,Blue Valley,"Closet Top Box – 15"" D","Closet Top Box – 16"" Depth",Kansas Oak,,specification_review,,,,,https://bluevalleycabinets.ca/product/closet-top-box-24-depth/?attribute_pa_width=27-w&attribute_pa_color=kansas-oak,Assembled W/H/D and configuration require further verification; shipping units are not used as cabinet measurements
bvc-4627,Blue Valley,2DB2721-WS,2-Drawers Base Cabinet,White shaker,,model_ready,685.8,876.3,609.6,/cabinet-inventory/models/bvc-4627.glb,https://bluevalleycabinets.ca/product/2-drawers-base-cabinet/?attribute_pa_width=27-w&attribute_pa_color=ws,
bvc-4626,Blue Valley,2DB2721-NO,2-Drawers Base Cabinet,Natural Oak,,model_ready,685.8,876.3,609.6,/cabinet-inventory/models/bvc-4626.glb,https://bluevalleycabinets.ca/product/2-drawers-base-cabinet/?attribute_pa_width=27-w&attribute_pa_color=oak-2,
bvc-4625,Blue Valley,2DB2721-GW,2-Drawers Base Cabinet,Gloss White,,model_ready,685.8,876.3,609.6,/cabinet-inventory/models/bvc-4625.glb,https://bluevalleycabinets.ca/product/2-drawers-base-cabinet/?attribute_pa_width=27-w&attribute_pa_color=gw,
bvc-4624,Blue Valley,2DB2721-DW,2-Drawers Base Cabinet,Dark Walnut,,model_ready,685.8,876.3,609.6,/cabinet-inventory/models/bvc-4624.glb,https://bluevalleycabinets.ca/product/2-drawers-base-cabinet/?attribute_pa_width=27-w&attribute_pa_color=dw,
bvc-4623,Blue Valley,Base Cabinets,Base Cabinets,White shaker,,specification_review,685.8,876.3,609.6,,https://bluevalleycabinets.ca/product/demo/?attribute_pa_width=27-w&attribute_pa_color=ws,Selected width missing or outside explicitly documented range
bvc-4622,Blue Valley,Base Cabinets,Base Cabinets,Natural Oak,,specification_review,685.8,876.3,609.6,,https://bluevalleycabinets.ca/product/demo/?attribute_pa_width=27-w&attribute_pa_color=oak-2,Selected width missing or outside explicitly documented range
bvc-4621,Blue Valley,Base Cabinets,Base Cabinets,Gloss White,,specification_review,685.8,876.3,609.6,,https://bluevalleycabinets.ca/product/demo/?attribute_pa_width=27-w&attribute_pa_color=gw,Selected width missing or outside explicitly documented range
bvc-4620,Blue Valley,Base Cabinets,Base Cabinets,Dark Walnut,,specification_review,685.8,876.3,609.6,,https://bluevalleycabinets.ca/product/demo/?attribute_pa_width=27-w&attribute_pa_color=dw,Selected width missing or outside explicitly documented range
bvc-4619,Blue Valley,"Wall Cabinets – 30"" H","Wall Cabinets – 30"" Height",Gloss White,,specification_review,,,,,https://bluevalleycabinets.ca/product/kitchen-wall-cabinet-30-height-2-adjustable-shelves/?attribute_pa_width=21-w&attribute_pa_color=gw,Title says 30-inch wall cabinet but description says 34.5-inch height / 24-inch depth; Assembled W/H/D and configuration require further verification; shipping units are not used as cabinet measurements
bvc-4618,Blue Valley,"Wall Cabinets – 30"" H","Wall Cabinets – 30"" Height",Dark Walnut,,specification_review,,,,,https://bluevalleycabinets.ca/product/kitchen-wall-cabinet-30-height-2-adjustable-shelves/?attribute_pa_width=21-w&attribute_pa_color=dw,Title says 30-inch wall cabinet but description says 34.5-inch height / 24-inch depth; Assembled W/H/D and configuration require further verification; shipping units are not used as cabinet measurements
bvc-4617,Blue Valley,"Wall Cabinets – 30"" H","Wall Cabinets – 30"" Height",Natural Oak,,specification_review,,,,,https://bluevalleycabinets.ca/product/kitchen-wall-cabinet-30-height-2-adjustable-shelves/?attribute_pa_width=21-w&attribute_pa_color=oak-2,Title says 30-inch wall cabinet but description says 34.5-inch height / 24-inch depth; Assembled W/H/D and configuration require further verification; shipping units are not used as cabinet measurements
bvc-4616,Blue Valley,"Wall Cabinets – 30"" H","Wall Cabinets – 30"" Height",White shaker,,specification_review,,,,,https://bluevalleycabinets.ca/product/kitchen-wall-cabinet-30-height-2-adjustable-shelves/?attribute_pa_width=21-w&attribute_pa_color=ws,Title says 30-inch wall cabinet but description says 34.5-inch height / 24-inch depth; Assembled W/H/D and configuration require further verification; shipping units are not used as cabinet measurements
bvc-4615,Blue Valley,"Wall Cabinets – 30"" H","Wall Cabinets – 30"" Height",Gloss White,,specification_review,,,,,https://bluevalleycabinets.ca/product/kitchen-wall-cabinet-30-height-2-adjustable-shelves/?attribute_pa_width=18-w&attribute_pa_color=gw,Title says 30-inch wall cabinet but description says 34.5-inch height / 24-inch depth; Assembled W/H/D and configuration require further verification; shipping units are not used as cabinet measurements
bvc-4614,Blue Valley,"Wall Cabinets – 30"" H","Wall Cabinets – 30"" Height",Dark Walnut,,specification_review,,,,,https://bluevalleycabinets.ca/product/kitchen-wall-cabinet-30-height-2-adjustable-shelves/?attribute_pa_width=18-w&attribute_pa_color=dw,Title says 30-inch wall cabinet but description says 34.5-inch height / 24-inch depth; Assembled W/H/D and configuration require further verification; shipping units are not used as cabinet measurements
bvc-4613,Blue Valley,"Wall Cabinets – 30"" H","Wall Cabinets – 30"" Height",Natural Oak,,specification_review,,,,,https://bluevalleycabinets.ca/product/kitchen-wall-cabinet-30-height-2-adjustable-shelves/?attribute_pa_width=18-w&attribute_pa_color=oak-2,Title says 30-inch wall cabinet but description says 34.5-inch height / 24-inch depth; Assembled W/H/D and configuration require further verification; shipping units are not used as cabinet measurements
bvc-4612,Blue Valley,"Wall Cabinets – 30"" H","Wall Cabinets – 30"" Height",White shaker,,specification_review,,,,,https://bluevalleycabinets.ca/product/kitchen-wall-cabinet-30-height-2-adjustable-shelves/?attribute_pa_width=18-w&attribute_pa_color=ws,Title says 30-inch wall cabinet but description says 34.5-inch height / 24-inch depth; Assembled W/H/D and configuration require further verification; shipping units are not used as cabinet measurements
bvc-4611,Blue Valley,"Wall Cabinets – 30"" H","Wall Cabinets – 30"" Height",Gloss White,,specification_review,,,,,https://bluevalleycabinets.ca/product/kitchen-wall-cabinet-30-height-2-adjustable-shelves/?attribute_pa_width=15-4&attribute_pa_color=gw,Title says 30-inch wall cabinet but description says 34.5-inch height / 24-inch depth; Assembled W/H/D and configuration require further verification; shipping units are not used as cabinet measurements
bvc-4610,Blue Valley,"Wall Cabinets – 30"" H","Wall Cabinets – 30"" Height",Dark Walnut,,specification_review,,,,,https://bluevalleycabinets.ca/product/kitchen-wall-cabinet-30-height-2-adjustable-shelves/?attribute_pa_width=15-4&attribute_pa_color=dw,Title says 30-inch wall cabinet but description says 34.5-inch height / 24-inch depth; Assembled W/H/D and configuration require further verification; shipping units are not used as cabinet measurements
bvc-4609,Blue Valley,"Wall Cabinets – 30"" H","Wall Cabinets – 30"" Height",Natural Oak,,specification_review,,,,,https://bluevalleycabinets.ca/product/kitchen-wall-cabinet-30-height-2-adjustable-shelves/?attribute_pa_width=15-4&attribute_pa_color=oak-2,Title says 30-inch wall cabinet but description says 34.5-inch height / 24-inch depth; Assembled W/H/D and configuration require further verification; shipping units are not used as cabinet measurements
bvc-4608,Blue Valley,"Wall Cabinets – 30"" H","Wall Cabinets – 30"" Height",White shaker,,specification_review,,,,,https://bluevalleycabinets.ca/product/kitchen-wall-cabinet-30-height-2-adjustable-shelves/?attribute_pa_width=15-4&attribute_pa_color=ws,Title says 30-inch wall cabinet but description says 34.5-inch height / 24-inch depth; Assembled W/H/D and configuration require further verification; shipping units are not used as cabinet measurements
bvc-4607,Blue Valley,"Wall Cabinets – 30"" H","Wall Cabinets – 30"" Height",Gloss White,,specification_review,,,,,https://bluevalleycabinets.ca/product/kitchen-wall-cabinet-30-height-2-adjustable-shelves/?attribute_pa_width=12-3&attribute_pa_color=gw,Title says 30-inch wall cabinet but description says 34.5-inch height / 24-inch depth; Assembled W/H/D and configuration require further verification; shipping units are not used as cabinet measurements
bvc-4606,Blue Valley,"Wall Cabinets – 30"" H","Wall Cabinets – 30"" Height",Dark Walnut,,specification_review,,,,,https://bluevalleycabinets.ca/product/kitchen-wall-cabinet-30-height-2-adjustable-shelves/?attribute_pa_width=12-3&attribute_pa_color=dw,Title says 30-inch wall cabinet but description says 34.5-inch height / 24-inch depth; Assembled W/H/D and configuration require further verification; shipping units are not used as cabinet measurements
bvc-4605,Blue Valley,"Wall Cabinets – 30"" H","Wall Cabinets – 30"" Height",Natural Oak,,specification_review,,,,,https://bluevalleycabinets.ca/product/kitchen-wall-cabinet-30-height-2-adjustable-shelves/?attribute_pa_width=12-3&attribute_pa_color=oak-2,Title says 30-inch wall cabinet but description says 34.5-inch height / 24-inch depth; Assembled W/H/D and configuration require further verification; shipping units are not used as cabinet measurements
bvc-4604,Blue Valley,"Wall Cabinets – 30"" H","Wall Cabinets – 30"" Height",White shaker,,specification_review,,,,,https://bluevalleycabinets.ca/product/kitchen-wall-cabinet-30-height-2-adjustable-shelves/?attribute_pa_width=12-3&attribute_pa_color=ws,Title says 30-inch wall cabinet but description says 34.5-inch height / 24-inch depth; Assembled W/H/D and configuration require further verification; shipping units are not used as cabinet measurements
bvc-4254,Blue Valley,W642-WS,Wall Filler,White shaker,,specification_review,,,,,https://bluevalleycabinets.ca/product/wall-filler/?attribute_pa_width=6&attribute_pa_height=42&attribute_pa_color=ws,Assembled W/H/D and configuration require further verification; shipping units are not used as cabinet measurements
bvc-4253,Blue Valley,W642-NO,Wall Filler,Natural Oak,,specification_review,,,,,https://bluevalleycabinets.ca/product/wall-filler/?attribute_pa_width=6&attribute_pa_height=42&attribute_pa_color=oak-2,Assembled W/H/D and configuration require further verification; shipping units are not used as cabinet measurements
bvc-4252,Blue Valley,W642-GW,Wall Filler,Gloss White,,specification_review,,,,,https://bluevalleycabinets.ca/product/wall-filler/?attribute_pa_width=6&attribute_pa_height=42&attribute_pa_color=gw,Assembled W/H/D and configuration require further verification; shipping units are not used as cabinet measurements
bvc-4251,Blue Valley,W642-DW,Wall Filler,Dark Walnut,,specification_review,,,,,https://bluevalleycabinets.ca/product/wall-filler/?attribute_pa_width=6&attribute_pa_height=42&attribute_pa_color=dw,Assembled W/H/D and configuration require further verification; shipping units are not used as cabinet measurements
bvc-4250,Blue Valley,W636-WS,Wall Filler,White shaker,,specification_review,,,,,https://bluevalleycabinets.ca/product/wall-filler/?attribute_pa_width=6&attribute_pa_height=36&attribute_pa_color=ws,Assembled W/H/D and configuration require further verification; shipping units are not used as cabinet measurements
bvc-4249,Blue Valley,W636-NO,Wall Filler,Natural Oak,,specification_review,,,,,https://bluevalleycabinets.ca/product/wall-filler/?attribute_pa_width=6&attribute_pa_height=36&attribute_pa_color=oak-2,Assembled W/H/D and configuration require further verification; shipping units are not used as cabinet measurements
bvc-4248,Blue Valley,W636-GW,Wall Filler,Gloss White,,specification_review,,,,,https://bluevalleycabinets.ca/product/wall-filler/?attribute_pa_width=6&attribute_pa_height=36&attribute_pa_color=gw,Assembled W/H/D and configuration require further verification; shipping units are not used as cabinet measurements
bvc-4247,Blue Valley,W636-DW,Wall Filler,Dark Walnut,,specification_review,,,,,https://bluevalleycabinets.ca/product/wall-filler/?attribute_pa_width=6&attribute_pa_height=36&attribute_pa_color=dw,Assembled W/H/D and configuration require further verification; shipping units are not used as cabinet measurements
bvc-4246,Blue Valley,W630-WS,Wall Filler,White shaker,,specification_review,,,,,https://bluevalleycabinets.ca/product/wall-filler/?attribute_pa_width=6&attribute_pa_height=30&attribute_pa_color=ws,Assembled W/H/D and configuration require further verification; shipping units are not used as cabinet measurements
bvc-4245,Blue Valley,W630-NO,Wall Filler,Natural Oak,,specification_review,,,,,https://bluevalleycabinets.ca/product/wall-filler/?attribute_pa_width=6&attribute_pa_height=30&attribute_pa_color=oak-2,Assembled W/H/D and configuration require further verification; shipping units are not used as cabinet measurements
bvc-4244,Blue Valley,W630-GW,Wall Filler,Gloss White,,specification_review,,,,,https://bluevalleycabinets.ca/product/wall-filler/?attribute_pa_width=6&attribute_pa_height=30&attribute_pa_color=gw,Assembled W/H/D and configuration require further verification; shipping units are not used as cabinet measurements
bvc-4243,Blue Valley,W630-DW,Wall Filler,Dark Walnut,,specification_review,,,,,https://bluevalleycabinets.ca/product/wall-filler/?attribute_pa_width=6&attribute_pa_height=30&attribute_pa_color=dw,Assembled W/H/D and configuration require further verification; shipping units are not used as cabinet measurements
bvc-4242,Blue Valley,W342-WS,Wall Filler,White shaker,,specification_review,,,,,https://bluevalleycabinets.ca/product/wall-filler/?attribute_pa_width=3-inches&attribute_pa_height=42&attribute_pa_color=ws,Assembled W/H/D and configuration require further verification; shipping units are not used as cabinet measurements
bvc-4241,Blue Valley,W342-NO,Wall Filler,Natural Oak,,specification_review,,,,,https://bluevalleycabinets.ca/product/wall-filler/?attribute_pa_width=3-inches&attribute_pa_height=42&attribute_pa_color=oak-2,Assembled W/H/D and configuration require further verification; shipping units are not used as cabinet measurements
bvc-4240,Blue Valley,W342-GW,Wall Filler,Gloss White,,specification_review,,,,,https://bluevalleycabinets.ca/product/wall-filler/?attribute_pa_width=3-inches&attribute_pa_height=42&attribute_pa_color=gw,Assembled W/H/D and configuration require further verification; shipping units are not used as cabinet measurements
bvc-4239,Blue Valley,W342-DW,Wall Filler,Dark Walnut,,specification_review,,,,,https://bluevalleycabinets.ca/product/wall-filler/?attribute_pa_width=3-inches&attribute_pa_height=42&attribute_pa_color=dw,Assembled W/H/D and configuration require further verification; shipping units are not used as cabinet measurements
bvc-4238,Blue Valley,W336-WS,Wall Filler,White shaker,,specification_review,,,,,https://bluevalleycabinets.ca/product/wall-filler/?attribute_pa_width=3-inches&attribute_pa_height=36&attribute_pa_color=ws,Assembled W/H/D and configuration require further verification; shipping units are not used as cabinet measurements
bvc-4237,Blue Valley,W336-NO,Wall Filler,Natural Oak,,specification_review,,,,,https://bluevalleycabinets.ca/product/wall-filler/?attribute_pa_width=3-inches&attribute_pa_height=36&attribute_pa_color=oak-2,Assembled W/H/D and configuration require further verification; shipping units are not used as cabinet measurements
bvc-4236,Blue Valley,W336-GW,Wall Filler,Gloss White,,specification_review,,,,,https://bluevalleycabinets.ca/product/wall-filler/?attribute_pa_width=3-inches&attribute_pa_height=36&attribute_pa_color=gw,Assembled W/H/D and configuration require further verification; shipping units are not used as cabinet measurements
bvc-4235,Blue Valley,W336-DW,Wall Filler,Dark Walnut,,specification_review,,,,,https://bluevalleycabinets.ca/product/wall-filler/?attribute_pa_width=3-inches&attribute_pa_height=36&attribute_pa_color=dw,Assembled W/H/D and configuration require further verification; shipping units are not used as cabinet measurements
bvc-4234,Blue Valley,W330-WS,Wall Filler,White shaker,,specification_review,,,,,https://bluevalleycabinets.ca/product/wall-filler/?attribute_pa_width=3-inches&attribute_pa_height=30&attribute_pa_color=ws,Assembled W/H/D and configuration require further verification; shipping units are not used as cabinet measurements
bvc-4233,Blue Valley,W330-NO,Wall Filler,Natural Oak,,specification_review,,,,,https://bluevalleycabinets.ca/product/wall-filler/?attribute_pa_width=3-inches&attribute_pa_height=30&attribute_pa_color=oak-2,Assembled W/H/D and configuration require further verification; shipping units are not used as cabinet measurements
bvc-4232,Blue Valley,W330-GW,Wall Filler,Gloss White,,specification_review,,,,,https://bluevalleycabinets.ca/product/wall-filler/?attribute_pa_width=3-inches&attribute_pa_height=30&attribute_pa_color=gw,Assembled W/H/D and configuration require further verification; shipping units are not used as cabinet measurements
bvc-4231,Blue Valley,W330-DW,Wall Filler,Dark Walnut,,specification_review,,,,,https://bluevalleycabinets.ca/product/wall-filler/?attribute_pa_width=3-inches&attribute_pa_height=30&attribute_pa_color=dw,Assembled W/H/D and configuration require further verification; shipping units are not used as cabinet measurements
bvc-4105,Blue Valley,Closet-LED-Side-Panels-24D-SP-LED-PW,Closet LED Side Panels (2 in Pack),PREMIUM WHITE,,specification_review,,,,,https://bluevalleycabinets.ca/product/closet-led-side-panels/?attribute_pa_depth=24-depth&attribute_pa_color=premium-white,Assembled W/H/D and configuration require further verification; shipping units are not used as cabinet measurements
bvc-4104,Blue Valley,Closet-LED-Side-Panels-24D-SP-LED-LO,Closet LED Side Panels (2 in Pack),Light Oak,,specification_review,,,,,https://bluevalleycabinets.ca/product/closet-led-side-panels/?attribute_pa_depth=24-depth&attribute_pa_color=light-oak,Assembled W/H/D and configuration require further verification; shipping units are not used as cabinet measurements
bvc-4103,Blue Valley,Closet-LED-Side-Panels-24D-SP-LED-KO,Closet LED Side Panels (2 in Pack),Kansas Oak,,specification_review,,,,,https://bluevalleycabinets.ca/product/closet-led-side-panels/?attribute_pa_depth=24-depth&attribute_pa_color=kansas-oak,Assembled W/H/D and configuration require further verification; shipping units are not used as cabinet measurements
bvc-4102,Blue Valley,Closet-LED-Side-Panels-16D-SP-LED-PW,Closet LED Side Panels (2 in Pack),PREMIUM WHITE,,specification_review,,,,,https://bluevalleycabinets.ca/product/closet-led-side-panels/?attribute_pa_depth=15-5-8-depth&attribute_pa_color=premium-white,Assembled W/H/D and configuration require further verification; shipping units are not used as cabinet measurements
bvc-4101,Blue Valley,Closet-LED-Side-Panels-16D-SP-LED-LO,Closet LED Side Panels (2 in Pack),Light Oak,,specification_review,,,,,https://bluevalleycabinets.ca/product/closet-led-side-panels/?attribute_pa_depth=15-5-8-depth&attribute_pa_color=light-oak,Assembled W/H/D and configuration require further verification; shipping units are not used as cabinet measurements
bvc-4100,Blue Valley,Closet-LED-Side-Panels-16D-SP-LED-KO,Closet LED Side Panels (2 in Pack),Kansas Oak,,specification_review,,,,,https://bluevalleycabinets.ca/product/closet-led-side-panels/?attribute_pa_depth=15-5-8-depth&attribute_pa_color=kansas-oak,Assembled W/H/D and configuration require further verification; shipping units are not used as cabinet measurements
bvc-4092,Blue Valley,REP9625-WS,Refrigerator End Panels (REP),White shaker,,specification_review,,,,,https://bluevalleycabinets.ca/product/refrigerator-end-panels-rep/?attribute_pa_height=96&attribute_pa_color=ws,Assembled W/H/D and configuration require further verification; shipping units are not used as cabinet measurements
bvc-4091,Blue Valley,REP9625-NO,Refrigerator End Panels (REP),Natural Oak,,specification_review,,,,,https://bluevalleycabinets.ca/product/refrigerator-end-panels-rep/?attribute_pa_height=96&attribute_pa_color=oak-2,Assembled W/H/D and configuration require further verification; shipping units are not used as cabinet measurements
bvc-4090,Blue Valley,REP9625-GW,Refrigerator End Panels (REP),Gloss White,,specification_review,,,,,https://bluevalleycabinets.ca/product/refrigerator-end-panels-rep/?attribute_pa_height=96&attribute_pa_color=gw,Assembled W/H/D and configuration require further verification; shipping units are not used as cabinet measurements
bvc-4089,Blue Valley,REP9625,Refrigerator End Panels (REP),Dark Walnut,,specification_review,,,,,https://bluevalleycabinets.ca/product/refrigerator-end-panels-rep/?attribute_pa_height=96&attribute_pa_color=dw,Assembled W/H/D and configuration require further verification; shipping units are not used as cabinet measurements
bvc-4088,Blue Valley,REP9025-WS,Refrigerator End Panels (REP),White shaker,,specification_review,,,,,https://bluevalleycabinets.ca/product/refrigerator-end-panels-rep/?attribute_pa_height=90&attribute_pa_color=ws,Assembled W/H/D and configuration require further verification; shipping units are not used as cabinet measurements
bvc-4087,Blue Valley,REP9025-NO,Refrigerator End Panels (REP),Natural Oak,,specification_review,,,,,https://bluevalleycabinets.ca/product/refrigerator-end-panels-rep/?attribute_pa_height=90&attribute_pa_color=oak-2,Assembled W/H/D and configuration require further verification; shipping units are not used as cabinet measurements
bvc-4086,Blue Valley,REP9025-GW,Refrigerator End Panels (REP),Gloss White,,specification_review,,,,,https://bluevalleycabinets.ca/product/refrigerator-end-panels-rep/?attribute_pa_height=90&attribute_pa_color=gw,Assembled W/H/D and configuration require further verification; shipping units are not used as cabinet measurements
bvc-4085,Blue Valley,REP9025,Refrigerator End Panels (REP),Dark Walnut,,specification_review,,,,,https://bluevalleycabinets.ca/product/refrigerator-end-panels-rep/?attribute_pa_height=90&attribute_pa_color=dw,Assembled W/H/D and configuration require further verification; shipping units are not used as cabinet measurements
bvc-4084,Blue Valley,REP8425-WS,Refrigerator End Panels (REP),White shaker,,specification_review,,,,,https://bluevalleycabinets.ca/product/refrigerator-end-panels-rep/?attribute_pa_height=84-h&attribute_pa_color=ws,Assembled W/H/D and configuration require further verification; shipping units are not used as cabinet measurements
bvc-4083,Blue Valley,REP8425-NO,Refrigerator End Panels (REP),Natural Oak,,specification_review,,,,,https://bluevalleycabinets.ca/product/refrigerator-end-panels-rep/?attribute_pa_height=84-h&attribute_pa_color=oak-2,Assembled W/H/D and configuration require further verification; shipping units are not used as cabinet measurements
bvc-4082,Blue Valley,REP8425-GW,Refrigerator End Panels (REP),Gloss White,,specification_review,,,,,https://bluevalleycabinets.ca/product/refrigerator-end-panels-rep/?attribute_pa_height=84-h&attribute_pa_color=gw,Assembled W/H/D and configuration require further verification; shipping units are not used as cabinet measurements
bvc-4081,Blue Valley,REP8425,Refrigerator End Panels (REP),Dark Walnut,,specification_review,,,,,https://bluevalleycabinets.ca/product/refrigerator-end-panels-rep/?attribute_pa_height=84-h&attribute_pa_color=dw,Assembled W/H/D and configuration require further verification; shipping units are not used as cabinet measurements
bvc-4079,Blue Valley,B3621-WS,Base Finished Gable Panel (Deco Side Panel),White shaker,,specification_review,,,,,https://bluevalleycabinets.ca/product/base-finished-gable-panel-deco-side-panel/?attribute_pa_width=36-w&attribute_pa_color=ws,Assembled W/H/D and configuration require further verification; shipping units are not used as cabinet measurements
bvc-4078,Blue Valley,B3621-NO,Base Finished Gable Panel (Deco Side Panel),Natural Oak,,specification_review,,,,,https://bluevalleycabinets.ca/product/base-finished-gable-panel-deco-side-panel/?attribute_pa_width=36-w&attribute_pa_color=oak-2,Assembled W/H/D and configuration require further verification; shipping units are not used as cabinet measurements
bvc-4077,Blue Valley,B3621-GW,Base Finished Gable Panel (Deco Side Panel),Gloss White,,specification_review,,,,,https://bluevalleycabinets.ca/product/base-finished-gable-panel-deco-side-panel/?attribute_pa_width=36-w&attribute_pa_color=gw,Assembled W/H/D and configuration require further verification; shipping units are not used as cabinet measurements
bvc-4076,Blue Valley,B3621-DW,Base Finished Gable Panel (Deco Side Panel),Dark Walnut,,specification_review,,,,,https://bluevalleycabinets.ca/product/base-finished-gable-panel-deco-side-panel/?attribute_pa_width=36-w&attribute_pa_color=dw,Assembled W/H/D and configuration require further verification; shipping units are not used as cabinet measurements
bvc-4064,Blue Valley,B2621-WS,Base Finished Gable Panel (Deco Side Panel),White shaker,,specification_review,,,,,https://bluevalleycabinets.ca/product/base-finished-gable-panel-deco-side-panel/?attribute_pa_width=26-3-16&attribute_pa_color=ws,Assembled W/H/D and configuration require further verification; shipping units are not used as cabinet measurements
bvc-4063,Blue Valley,B2621-NO,Base Finished Gable Panel (Deco Side Panel),Natural Oak,,specification_review,,,,,https://bluevalleycabinets.ca/product/base-finished-gable-panel-deco-side-panel/?attribute_pa_width=26-3-16&attribute_pa_color=oak-2,Assembled W/H/D and configuration require further verification; shipping units are not used as cabinet measurements
bvc-4062,Blue Valley,B2621-GW,Base Finished Gable Panel (Deco Side Panel),Gloss White,,specification_review,,,,,https://bluevalleycabinets.ca/product/base-finished-gable-panel-deco-side-panel/?attribute_pa_width=26-3-16&attribute_pa_color=gw,Assembled W/H/D and configuration require further verification; shipping units are not used as cabinet measurements
bvc-4061,Blue Valley,B2621-DW,Base Finished Gable Panel (Deco Side Panel),Dark Walnut,,specification_review,,,,,https://bluevalleycabinets.ca/product/base-finished-gable-panel-deco-side-panel/?attribute_pa_width=26-3-16&attribute_pa_color=dw,Assembled W/H/D and configuration require further verification; shipping units are not used as cabinet measurements
bvc-4060,Blue Valley,B2521-WS,Base Finished Gable Panel (Deco Side Panel),White shaker,,specification_review,,,,,https://bluevalleycabinets.ca/product/base-finished-gable-panel-deco-side-panel/?attribute_pa_width=25-3-16&attribute_pa_color=ws,Assembled W/H/D and configuration require further verification; shipping units are not used as cabinet measurements
bvc-4059,Blue Valley,B2521-NO,Base Finished Gable Panel (Deco Side Panel),Natural Oak,,specification_review,,,,,https://bluevalleycabinets.ca/product/base-finished-gable-panel-deco-side-panel/?attribute_pa_width=25-3-16&attribute_pa_color=oak-2,Assembled W/H/D and configuration require further verification; shipping units are not used as cabinet measurements
bvc-4058,Blue Valley,B2521-GW,Base Finished Gable Panel (Deco Side Panel),Gloss White,,specification_review,,,,,https://bluevalleycabinets.ca/product/base-finished-gable-panel-deco-side-panel/?attribute_pa_width=25-3-16&attribute_pa_color=gw,Assembled W/H/D and configuration require further verification; shipping units are not used as cabinet measurements
bvc-4057,Blue Valley,B2521-DW,Base Finished Gable Panel (Deco Side Panel),Dark Walnut,,specification_review,,,,,https://bluevalleycabinets.ca/product/base-finished-gable-panel-deco-side-panel/?attribute_pa_width=25-3-16&attribute_pa_color=dw,Assembled W/H/D and configuration require further verification; shipping units are not used as cabinet measurements
bvc-4056,Blue Valley,B2221-WS,Base Finished Gable Panel (Deco Side Panel),White shaker,,specification_review,,,,,https://bluevalleycabinets.ca/product/base-finished-gable-panel-deco-side-panel/?attribute_pa_width=22-3-16&attribute_pa_color=ws,Assembled W/H/D and configuration require further verification; shipping units are not used as cabinet measurements
bvc-4055,Blue Valley,B2221-NO,Base Finished Gable Panel (Deco Side Panel),Natural Oak,,specification_review,,,,,https://bluevalleycabinets.ca/product/base-finished-gable-panel-deco-side-panel/?attribute_pa_width=22-3-16&attribute_pa_color=oak-2,Assembled W/H/D and configuration require further verification; shipping units are not used as cabinet measurements
bvc-4054,Blue Valley,B2221-GW,Base Finished Gable Panel (Deco Side Panel),Gloss White,,specification_review,,,,,https://bluevalleycabinets.ca/product/base-finished-gable-panel-deco-side-panel/?attribute_pa_width=22-3-16&attribute_pa_color=gw,Assembled W/H/D and configuration require further verification; shipping units are not used as cabinet measurements
bvc-4053,Blue Valley,B2221-DW,Base Finished Gable Panel (Deco Side Panel),Dark Walnut,,specification_review,,,,,https://bluevalleycabinets.ca/product/base-finished-gable-panel-deco-side-panel/?attribute_pa_width=22-3-16&attribute_pa_color=dw,Assembled W/H/D and configuration require further verification; shipping units are not used as cabinet measurements
bvc-4045,Blue Valley,S36ER-PW,Closet Corner Shelf,PREMIUM WHITE,,specification_review,,,,,https://bluevalleycabinets.ca/product/closet-corner-shelf/?attribute_pa_color=premium-white&attribute_pa_width=36-w,Assembled W/H/D and configuration require further verification; shipping units are not used as cabinet measurements
bvc-4044,Blue Valley,S36ER-LO,Closet Corner Shelf,Light Oak,,specification_review,,,,,https://bluevalleycabinets.ca/product/closet-corner-shelf/?attribute_pa_color=light-oak&attribute_pa_width=36-w,Assembled W/H/D and configuration require further verification; shipping units are not used as cabinet measurements
bvc-4043,Blue Valley,S36ER,Closet Corner Shelf,Kansas Oak,,specification_review,,,,,https://bluevalleycabinets.ca/product/closet-corner-shelf/?attribute_pa_color=kansas-oak&attribute_pa_width=36-w,Assembled W/H/D and configuration require further verification; shipping units are not used as cabinet measurements
bvc-4042,Blue Valley,S30ER-PW,Closet Corner Shelf,PREMIUM WHITE,,specification_review,,,,,https://bluevalleycabinets.ca/product/closet-corner-shelf/?attribute_pa_color=premium-white&attribute_pa_width=30-w,Assembled W/H/D and configuration require further verification; shipping units are not used as cabinet measurements
bvc-4041,Blue Valley,S30ER-LO,Closet Corner Shelf,Light Oak,,specification_review,,,,,https://bluevalleycabinets.ca/product/closet-corner-shelf/?attribute_pa_color=light-oak&attribute_pa_width=30-w,Assembled W/H/D and configuration require further verification; shipping units are not used as cabinet measurements
bvc-4040,Blue Valley,S30ER,Closet Corner Shelf,Kansas Oak,,specification_review,,,,,https://bluevalleycabinets.ca/product/closet-corner-shelf/?attribute_pa_color=kansas-oak&attribute_pa_width=30-w,Assembled W/H/D and configuration require further verification; shipping units are not used as cabinet measurements
bvc-4033,Blue Valley,S36D-PW,Closet Shelf,PREMIUM WHITE,,specification_review,,,,,https://bluevalleycabinets.ca/product/closet-shelf/?attribute_pa_width=36-w&attribute_pa_depth=24-depth&attribute_pa_color=premium-white,Assembled W/H/D and configuration require further verification; shipping units are not used as cabinet measurements
bvc-4032,Blue Valley,S36D-LO,Closet Shelf,Light Oak,,specification_review,,,,,https://bluevalleycabinets.ca/product/closet-shelf/?attribute_pa_width=36-w&attribute_pa_depth=24-depth&attribute_pa_color=light-oak,Assembled W/H/D and configuration require further verification; shipping units are not used as cabinet measurements
bvc-4031,Blue Valley,S36D,Closet Shelf,Kansas Oak,,specification_review,,,,,https://bluevalleycabinets.ca/product/closet-shelf/?attribute_pa_width=36-w&attribute_pa_depth=24-depth&attribute_pa_color=kansas-oak,Assembled W/H/D and configuration require further verification; shipping units are not used as cabinet measurements
bvc-4030,Blue Valley,S36-PW,Closet Shelf,PREMIUM WHITE,,specification_review,,,,,https://bluevalleycabinets.ca/product/closet-shelf/?attribute_pa_width=36-w&attribute_pa_depth=15-5-8-depth&attribute_pa_color=premium-white,Assembled W/H/D and configuration require further verification; shipping units are not used as cabinet measurements
bvc-4029,Blue Valley,S36-LO,Closet Shelf,Light Oak,,specification_review,,,,,https://bluevalleycabinets.ca/product/closet-shelf/?attribute_pa_width=36-w&attribute_pa_depth=15-5-8-depth&attribute_pa_color=light-oak,Assembled W/H/D and configuration require further verification; shipping units are not used as cabinet measurements
bvc-4028,Blue Valley,S36,Closet Shelf,Kansas Oak,,specification_review,,,,,https://bluevalleycabinets.ca/product/closet-shelf/?attribute_pa_width=36-w&attribute_pa_depth=15-5-8-depth&attribute_pa_color=kansas-oak,Assembled W/H/D and configuration require further verification; shipping units are not used as cabinet measurements
bvc-4027,Blue Valley,S30D-PW,Closet Shelf,PREMIUM WHITE,,specification_review,,,,,https://bluevalleycabinets.ca/product/closet-shelf/?attribute_pa_width=30-w&attribute_pa_depth=24-depth&attribute_pa_color=premium-white,Assembled W/H/D and configuration require further verification; shipping units are not used as cabinet measurements
bvc-4026,Blue Valley,S30D-LO,Closet Shelf,Light Oak,,specification_review,,,,,https://bluevalleycabinets.ca/product/closet-shelf/?attribute_pa_width=30-w&attribute_pa_depth=24-depth&attribute_pa_color=light-oak,Assembled W/H/D and configuration require further verification; shipping units are not used as cabinet measurements
bvc-4025,Blue Valley,S30D,Closet Shelf,Kansas Oak,,specification_review,,,,,https://bluevalleycabinets.ca/product/closet-shelf/?attribute_pa_width=30-w&attribute_pa_depth=24-depth&attribute_pa_color=kansas-oak,Assembled W/H/D and configuration require further verification; shipping units are not used as cabinet measurements
bvc-4024,Blue Valley,S30-PW,Closet Shelf,PREMIUM WHITE,,specification_review,,,,,https://bluevalleycabinets.ca/product/closet-shelf/?attribute_pa_width=30-w&attribute_pa_depth=15-5-8-depth&attribute_pa_color=premium-white,Assembled W/H/D and configuration require further verification; shipping units are not used as cabinet measurements
bvc-4023,Blue Valley,S30-LO,Closet Shelf,Light Oak,,specification_review,,,,,https://bluevalleycabinets.ca/product/closet-shelf/?attribute_pa_width=30-w&attribute_pa_depth=15-5-8-depth&attribute_pa_color=light-oak,Assembled W/H/D and configuration require further verification; shipping units are not used as cabinet measurements
bvc-4022,Blue Valley,S30,Closet Shelf,Kansas Oak,,specification_review,,,,,https://bluevalleycabinets.ca/product/closet-shelf/?attribute_pa_width=30-w&attribute_pa_depth=15-5-8-depth&attribute_pa_color=kansas-oak,Assembled W/H/D and configuration require further verification; shipping units are not used as cabinet measurements
bvc-4021,Blue Valley,S24D-PW,Closet Shelf,PREMIUM WHITE,,specification_review,,,,,https://bluevalleycabinets.ca/product/closet-shelf/?attribute_pa_width=24-width&attribute_pa_depth=24-depth&attribute_pa_color=premium-white,Assembled W/H/D and configuration require further verification; shipping units are not used as cabinet measurements
bvc-4020,Blue Valley,S24D-LO,Closet Shelf,Light Oak,,specification_review,,,,,https://bluevalleycabinets.ca/product/closet-shelf/?attribute_pa_width=24-width&attribute_pa_depth=24-depth&attribute_pa_color=light-oak,Assembled W/H/D and configuration require further verification; shipping units are not used as cabinet measurements
bvc-4019,Blue Valley,S24D,Closet Shelf,Kansas Oak,,specification_review,,,,,https://bluevalleycabinets.ca/product/closet-shelf/?attribute_pa_width=24-width&attribute_pa_depth=24-depth&attribute_pa_color=kansas-oak,Assembled W/H/D and configuration require further verification; shipping units are not used as cabinet measurements
bvc-4018,Blue Valley,S24-PW,Closet Shelf,PREMIUM WHITE,,specification_review,,,,,https://bluevalleycabinets.ca/product/closet-shelf/?attribute_pa_width=24-width&attribute_pa_depth=15-5-8-depth&attribute_pa_color=premium-white,Assembled W/H/D and configuration require further verification; shipping units are not used as cabinet measurements
bvc-4017,Blue Valley,S24-LO,Closet Shelf,Light Oak,,specification_review,,,,,https://bluevalleycabinets.ca/product/closet-shelf/?attribute_pa_width=24-width&attribute_pa_depth=15-5-8-depth&attribute_pa_color=light-oak,Assembled W/H/D and configuration require further verification; shipping units are not used as cabinet measurements
bvc-4016,Blue Valley,S24,Closet Shelf,Kansas Oak,,specification_review,,,,,https://bluevalleycabinets.ca/product/closet-shelf/?attribute_pa_width=24-width&attribute_pa_depth=15-5-8-depth&attribute_pa_color=kansas-oak,Assembled W/H/D and configuration require further verification; shipping units are not used as cabinet measurements
bvc-4015,Blue Valley,S21D-PW,Closet Shelf,PREMIUM WHITE,,specification_review,,,,,https://bluevalleycabinets.ca/product/closet-shelf/?attribute_pa_width=21-w&attribute_pa_depth=24-depth&attribute_pa_color=premium-white,Assembled W/H/D and configuration require further verification; shipping units are not used as cabinet measurements
bvc-4014,Blue Valley,S21D-LO,Closet Shelf,Light Oak,,specification_review,,,,,https://bluevalleycabinets.ca/product/closet-shelf/?attribute_pa_width=21-w&attribute_pa_depth=24-depth&attribute_pa_color=light-oak,Assembled W/H/D and configuration require further verification; shipping units are not used as cabinet measurements
bvc-4013,Blue Valley,S21D,Closet Shelf,Kansas Oak,,specification_review,,,,,https://bluevalleycabinets.ca/product/closet-shelf/?attribute_pa_width=21-w&attribute_pa_depth=24-depth&attribute_pa_color=kansas-oak,Assembled W/H/D and configuration require further verification; shipping units are not used as cabinet measurements
bvc-4012,Blue Valley,S21-PW,Closet Shelf,PREMIUM WHITE,,specification_review,,,,,https://bluevalleycabinets.ca/product/closet-shelf/?attribute_pa_width=21-w&attribute_pa_depth=15-5-8-depth&attribute_pa_color=premium-white,Assembled W/H/D and configuration require further verification; shipping units are not used as cabinet measurements
bvc-4011,Blue Valley,S21-LO,Closet Shelf,Light Oak,,specification_review,,,,,https://bluevalleycabinets.ca/product/closet-shelf/?attribute_pa_width=21-w&attribute_pa_depth=15-5-8-depth&attribute_pa_color=light-oak,Assembled W/H/D and configuration require further verification; shipping units are not used as cabinet measurements
bvc-4010,Blue Valley,S21,Closet Shelf,Kansas Oak,,specification_review,,,,,https://bluevalleycabinets.ca/product/closet-shelf/?attribute_pa_width=21-w&attribute_pa_depth=15-5-8-depth&attribute_pa_color=kansas-oak,Assembled W/H/D and configuration require further verification; shipping units are not used as cabinet measurements
bvc-4009,Blue Valley,S18D-PW,Closet Shelf,PREMIUM WHITE,,specification_review,,,,,https://bluevalleycabinets.ca/product/closet-shelf/?attribute_pa_width=18-w&attribute_pa_depth=24-depth&attribute_pa_color=premium-white,Assembled W/H/D and configuration require further verification; shipping units are not used as cabinet measurements
bvc-4008,Blue Valley,S18D-LO,Closet Shelf,Light Oak,,specification_review,,,,,https://bluevalleycabinets.ca/product/closet-shelf/?attribute_pa_width=18-w&attribute_pa_depth=24-depth&attribute_pa_color=light-oak,Assembled W/H/D and configuration require further verification; shipping units are not used as cabinet measurements
bvc-4007,Blue Valley,S18D,Closet Shelf,Kansas Oak,,specification_review,,,,,https://bluevalleycabinets.ca/product/closet-shelf/?attribute_pa_width=18-w&attribute_pa_depth=24-depth&attribute_pa_color=kansas-oak,Assembled W/H/D and configuration require further verification; shipping units are not used as cabinet measurements
bvc-4006,Blue Valley,S18-PW,Closet Shelf,PREMIUM WHITE,,specification_review,,,,,https://bluevalleycabinets.ca/product/closet-shelf/?attribute_pa_width=18-w&attribute_pa_depth=15-5-8-depth&attribute_pa_color=premium-white,Assembled W/H/D and configuration require further verification; shipping units are not used as cabinet measurements
bvc-4005,Blue Valley,S18-LO,Closet Shelf,Light Oak,,specification_review,,,,,https://bluevalleycabinets.ca/product/closet-shelf/?attribute_pa_width=18-w&attribute_pa_depth=15-5-8-depth&attribute_pa_color=light-oak,Assembled W/H/D and configuration require further verification; shipping units are not used as cabinet measurements
bvc-4004,Blue Valley,S18,Closet Shelf,Kansas Oak,,specification_review,,,,,https://bluevalleycabinets.ca/product/closet-shelf/?attribute_pa_width=18-w&attribute_pa_depth=15-5-8-depth&attribute_pa_color=kansas-oak,Assembled W/H/D and configuration require further verification; shipping units are not used as cabinet measurements
bvc-4003,Blue Valley,S15D-PW,Closet Shelf,PREMIUM WHITE,,specification_review,,,,,https://bluevalleycabinets.ca/product/closet-shelf/?attribute_pa_width=15-4&attribute_pa_depth=24-depth&attribute_pa_color=premium-white,Assembled W/H/D and configuration require further verification; shipping units are not used as cabinet measurements
bvc-4002,Blue Valley,S15D-LO,Closet Shelf,Light Oak,,specification_review,,,,,https://bluevalleycabinets.ca/product/closet-shelf/?attribute_pa_width=15-4&attribute_pa_depth=24-depth&attribute_pa_color=light-oak,Assembled W/H/D and configuration require further verification; shipping units are not used as cabinet measurements
bvc-4001,Blue Valley,S15D,Closet Shelf,Kansas Oak,,specification_review,,,,,https://bluevalleycabinets.ca/product/closet-shelf/?attribute_pa_width=15-4&attribute_pa_depth=24-depth&attribute_pa_color=kansas-oak,Assembled W/H/D and configuration require further verification; shipping units are not used as cabinet measurements
bvc-4000,Blue Valley,S15-PW,Closet Shelf,PREMIUM WHITE,,specification_review,,,,,https://bluevalleycabinets.ca/product/closet-shelf/?attribute_pa_width=15-4&attribute_pa_depth=15-5-8-depth&attribute_pa_color=premium-white,Assembled W/H/D and configuration require further verification; shipping units are not used as cabinet measurements
bvc-3999,Blue Valley,S15-LO,Closet Shelf,Light Oak,,specification_review,,,,,https://bluevalleycabinets.ca/product/closet-shelf/?attribute_pa_width=15-4&attribute_pa_depth=15-5-8-depth&attribute_pa_color=light-oak,Assembled W/H/D and configuration require further verification; shipping units are not used as cabinet measurements
bvc-3998,Blue Valley,S15,Closet Shelf,Kansas Oak,,specification_review,,,,,https://bluevalleycabinets.ca/product/closet-shelf/?attribute_pa_width=15-4&attribute_pa_depth=15-5-8-depth&attribute_pa_color=kansas-oak,Assembled W/H/D and configuration require further verification; shipping units are not used as cabinet measurements
bvc-3989,Blue Valley,TK8-WS,Toe Kick,White shaker,,specification_review,,,,,https://bluevalleycabinets.ca/product/toe-kick/?attribute_pa_color=ws,Assembled W/H/D and configuration require further verification; shipping units are not used as cabinet measurements
bvc-3988,Blue Valley,TK8-NO,Toe Kick,Natural Oak,,specification_review,,,,,https://bluevalleycabinets.ca/product/toe-kick/?attribute_pa_color=oak-2,Assembled W/H/D and configuration require further verification; shipping units are not used as cabinet measurements
bvc-3987,Blue Valley,TK8-GW,Toe Kick,Gloss White,,specification_review,,,,,https://bluevalleycabinets.ca/product/toe-kick/?attribute_pa_color=gw,Assembled W/H/D and configuration require further verification; shipping units are not used as cabinet measurements
bvc-3986,Blue Valley,TK8,Toe Kick,Dark Walnut,,specification_review,,,,,https://bluevalleycabinets.ca/product/toe-kick/?attribute_pa_color=dw,Assembled W/H/D and configuration require further verification; shipping units are not used as cabinet measurements
bvc-3978,Blue Valley,TF6-WS,Tall Filler,White shaker,,specification_review,,,,,https://bluevalleycabinets.ca/product/tall-filler/?attribute_pa_width=6&attribute_pa_color=ws,Selected width missing or outside explicitly documented range
bvc-3977,Blue Valley,TF6-NO,Tall Filler,Natural Oak,,specification_review,,,,,https://bluevalleycabinets.ca/product/tall-filler/?attribute_pa_width=6&attribute_pa_color=oak-2,Selected width missing or outside explicitly documented range
bvc-3976,Blue Valley,TF6-GW,Tall Filler,Gloss White,,specification_review,,,,,https://bluevalleycabinets.ca/product/tall-filler/?attribute_pa_width=6&attribute_pa_color=gw,Selected width missing or outside explicitly documented range
bvc-3975,Blue Valley,TF6,Tall Filler,Dark Walnut,,specification_review,,,,,https://bluevalleycabinets.ca/product/tall-filler/?attribute_pa_width=6&attribute_pa_color=dw,Selected width missing or outside explicitly documented range
bvc-3974,Blue Valley,TF3-WS,Tall Filler,White shaker,,specification_review,,,,,https://bluevalleycabinets.ca/product/tall-filler/?attribute_pa_width=3-inches&attribute_pa_color=ws,Selected width missing or outside explicitly documented range
bvc-3973,Blue Valley,TF3-NO,Tall Filler,Natural Oak,,specification_review,,,,,https://bluevalleycabinets.ca/product/tall-filler/?attribute_pa_width=3-inches&attribute_pa_color=oak-2,Selected width missing or outside explicitly documented range
bvc-3972,Blue Valley,TF3-GW,Tall Filler,Gloss White,,specification_review,,,,,https://bluevalleycabinets.ca/product/tall-filler/?attribute_pa_width=3-inches&attribute_pa_color=gw,Selected width missing or outside explicitly documented range
bvc-3971,Blue Valley,TF3,Tall Filler,Dark Walnut,,specification_review,,,,,https://bluevalleycabinets.ca/product/tall-filler/?attribute_pa_width=3-inches&attribute_pa_color=dw,Selected width missing or outside explicitly documented range
bvc-3962,Blue Valley,WLS2442-WS,Wall Lazy Suzan Cabinet,White shaker,,specification_review,,,,,https://bluevalleycabinets.ca/product/wall-lazy-suzan-cabinet/?attribute_pa_height=42&attribute_pa_color=ws,Assembled W/H/D and configuration require further verification; shipping units are not used as cabinet measurements
bvc-3961,Blue Valley,WLS2442-NO,Wall Lazy Suzan Cabinet,Natural Oak,,specification_review,,,,,https://bluevalleycabinets.ca/product/wall-lazy-suzan-cabinet/?attribute_pa_height=42&attribute_pa_color=oak-2,Assembled W/H/D and configuration require further verification; shipping units are not used as cabinet measurements
bvc-3960,Blue Valley,WLS2442-GW,Wall Lazy Suzan Cabinet,Gloss White,,specification_review,,,,,https://bluevalleycabinets.ca/product/wall-lazy-suzan-cabinet/?attribute_pa_height=42&attribute_pa_color=gw,Assembled W/H/D and configuration require further verification; shipping units are not used as cabinet measurements
bvc-3959,Blue Valley,WLS2442,Wall Lazy Suzan Cabinet,Dark Walnut,,specification_review,,,,,https://bluevalleycabinets.ca/product/wall-lazy-suzan-cabinet/?attribute_pa_height=42&attribute_pa_color=dw,Assembled W/H/D and configuration require further verification; shipping units are not used as cabinet measurements
bvc-3958,Blue Valley,WLS2436-WS,Wall Lazy Suzan Cabinet,White shaker,,specification_review,,,,,https://bluevalleycabinets.ca/product/wall-lazy-suzan-cabinet/?attribute_pa_height=36&attribute_pa_color=ws,Assembled W/H/D and configuration require further verification; shipping units are not used as cabinet measurements
bvc-3957,Blue Valley,WLS2436-NO,Wall Lazy Suzan Cabinet,Natural Oak,,specification_review,,,,,https://bluevalleycabinets.ca/product/wall-lazy-suzan-cabinet/?attribute_pa_height=36&attribute_pa_color=oak-2,Assembled W/H/D and configuration require further verification; shipping units are not used as cabinet measurements
bvc-3956,Blue Valley,WLS2436-GW,Wall Lazy Suzan Cabinet,Gloss White,,specification_review,,,,,https://bluevalleycabinets.ca/product/wall-lazy-suzan-cabinet/?attribute_pa_height=36&attribute_pa_color=gw,Assembled W/H/D and configuration require further verification; shipping units are not used as cabinet measurements
bvc-3955,Blue Valley,WLS2436,Wall Lazy Suzan Cabinet,Dark Walnut,,specification_review,,,,,https://bluevalleycabinets.ca/product/wall-lazy-suzan-cabinet/?attribute_pa_height=36&attribute_pa_color=dw,Assembled W/H/D and configuration require further verification; shipping units are not used as cabinet measurements
bvc-3954,Blue Valley,WLS2430-WS,Wall Lazy Suzan Cabinet,White shaker,,specification_review,,,,,https://bluevalleycabinets.ca/product/wall-lazy-suzan-cabinet/?attribute_pa_height=30&attribute_pa_color=ws,Assembled W/H/D and configuration require further verification; shipping units are not used as cabinet measurements
bvc-3953,Blue Valley,WLS2430-NO,Wall Lazy Suzan Cabinet,Natural Oak,,specification_review,,,,,https://bluevalleycabinets.ca/product/wall-lazy-suzan-cabinet/?attribute_pa_height=30&attribute_pa_color=oak-2,Assembled W/H/D and configuration require further verification; shipping units are not used as cabinet measurements
bvc-3952,Blue Valley,WLS2430-GW,Wall Lazy Suzan Cabinet,Gloss White,,specification_review,,,,,https://bluevalleycabinets.ca/product/wall-lazy-suzan-cabinet/?attribute_pa_height=30&attribute_pa_color=gw,Assembled W/H/D and configuration require further verification; shipping units are not used as cabinet measurements
bvc-3951,Blue Valley,WLS2430,Wall Lazy Suzan Cabinet,Dark Walnut,,specification_review,,,,,https://bluevalleycabinets.ca/product/wall-lazy-suzan-cabinet/?attribute_pa_height=30&attribute_pa_color=dw,Assembled W/H/D and configuration require further verification; shipping units are not used as cabinet measurements
bvc-3905,Blue Valley,W4230-WS,Wall Diagonal Cabinet,White shaker,,specification_review,,,,,https://bluevalleycabinets.ca/product/wall-diagonal-cabinet/?attribute_pa_width=42-3&attribute_pa_color=ws,Assembled W/H/D and configuration require further verification; shipping units are not used as cabinet measurements
bvc-3904,Blue Valley,W4230-NO,Wall Diagonal Cabinet,Natural Oak,,specification_review,,,,,https://bluevalleycabinets.ca/product/wall-diagonal-cabinet/?attribute_pa_width=42-3&attribute_pa_color=oak-2,Assembled W/H/D and configuration require further verification; shipping units are not used as cabinet measurements
bvc-3903,Blue Valley,W4230-GW,Wall Diagonal Cabinet,Gloss White,,specification_review,,,,,https://bluevalleycabinets.ca/product/wall-diagonal-cabinet/?attribute_pa_width=42-3&attribute_pa_color=gw,Assembled W/H/D and configuration require further verification; shipping units are not used as cabinet measurements
bvc-3902,Blue Valley,W4230-DW,Wall Diagonal Cabinet,Dark Walnut,,specification_review,,,,,https://bluevalleycabinets.ca/product/wall-diagonal-cabinet/?attribute_pa_width=42-3&attribute_pa_color=dw,Assembled W/H/D and configuration require further verification; shipping units are not used as cabinet measurements
bvc-3901,Blue Valley,WDC2436-WS,Wall Diagonal Cabinet,White shaker,,specification_review,,,,,https://bluevalleycabinets.ca/product/wall-diagonal-cabinet/?attribute_pa_width=36-w&attribute_pa_color=ws,Assembled W/H/D and configuration require further verification; shipping units are not used as cabinet measurements
bvc-3900,Blue Valley,WDC2436-NO,Wall Diagonal Cabinet,Natural Oak,,specification_review,,,,,https://bluevalleycabinets.ca/product/wall-diagonal-cabinet/?attribute_pa_width=36-w&attribute_pa_color=oak-2,Assembled W/H/D and configuration require further verification; shipping units are not used as cabinet measurements
bvc-3899,Blue Valley,WDC2436-GW,Wall Diagonal Cabinet,Gloss White,,specification_review,,,,,https://bluevalleycabinets.ca/product/wall-diagonal-cabinet/?attribute_pa_width=36-w&attribute_pa_color=gw,Assembled W/H/D and configuration require further verification; shipping units are not used as cabinet measurements
bvc-3898,Blue Valley,W3630-DW,Wall Diagonal Cabinet,Dark Walnut,,specification_review,,,,,https://bluevalleycabinets.ca/product/wall-diagonal-cabinet/?attribute_pa_width=36-w&attribute_pa_color=dw,Assembled W/H/D and configuration require further verification; shipping units are not used as cabinet measurements
bvc-3897,Blue Valley,WDC2430-WS,Wall Diagonal Cabinet,White shaker,,specification_review,,,,,https://bluevalleycabinets.ca/product/wall-diagonal-cabinet/?attribute_pa_width=30-w&attribute_pa_color=ws,Assembled W/H/D and configuration require further verification; shipping units are not used as cabinet measurements
bvc-3896,Blue Valley,WDC2430-NO,Wall Diagonal Cabinet,Natural Oak,,specification_review,,,,,https://bluevalleycabinets.ca/product/wall-diagonal-cabinet/?attribute_pa_width=30-w&attribute_pa_color=oak-2,Assembled W/H/D and configuration require further verification; shipping units are not used as cabinet measurements
bvc-3895,Blue Valley,WDC2430-GW,Wall Diagonal Cabinet,Gloss White,,specification_review,,,,,https://bluevalleycabinets.ca/product/wall-diagonal-cabinet/?attribute_pa_width=30-w&attribute_pa_color=gw,Assembled W/H/D and configuration require further verification; shipping units are not used as cabinet measurements
bvc-3894,Blue Valley,W3030-DW,Wall Diagonal Cabinet,Dark Walnut,,specification_review,,,,,https://bluevalleycabinets.ca/product/wall-diagonal-cabinet/?attribute_pa_width=30-w&attribute_pa_color=dw,Assembled W/H/D and configuration require further verification; shipping units are not used as cabinet measurements
bvc-3882,Blue Valley,FSM36-WS,Farming Sink Base Cabinet,White shaker,,specification_review,,,,,https://bluevalleycabinets.ca/product/farming-sink-base-cabinet/?attribute_pa_color=ws&attribute_pa_width=36-w,Assembled W/H/D and configuration require further verification; shipping units are not used as cabinet measurements
bvc-3881,Blue Valley,FSM36-NO,Farming Sink Base Cabinet,Natural Oak,,specification_review,,,,,https://bluevalleycabinets.ca/product/farming-sink-base-cabinet/?attribute_pa_color=oak-2&attribute_pa_width=36-w,Assembled W/H/D and configuration require further verification; shipping units are not used as cabinet measurements
bvc-3880,Blue Valley,FSM36-GW,Farming Sink Base Cabinet,Gloss White,,specification_review,,,,,https://bluevalleycabinets.ca/product/farming-sink-base-cabinet/?attribute_pa_color=gw&attribute_pa_width=36-w,Assembled W/H/D and configuration require further verification; shipping units are not used as cabinet measurements
bvc-3879,Blue Valley,FSM36,Farming Sink Base Cabinet,Dark Walnut,,specification_review,,,,,https://bluevalleycabinets.ca/product/farming-sink-base-cabinet/?attribute_pa_color=dw&attribute_pa_width=36-w,Assembled W/H/D and configuration require further verification; shipping units are not used as cabinet measurements
bvc-3871,Blue Valley,2DB3621-WS,2-Drawers Base Cabinet,White shaker,,model_ready,914.4,876.3,609.6,/cabinet-inventory/models/bvc-3871.glb,https://bluevalleycabinets.ca/product/2-drawers-base-cabinet/?attribute_pa_width=36-w&attribute_pa_color=ws,
bvc-3870,Blue Valley,2DB3621-NO,2-Drawers Base Cabinet,Natural Oak,,model_ready,914.4,876.3,609.6,/cabinet-inventory/models/bvc-3870.glb,https://bluevalleycabinets.ca/product/2-drawers-base-cabinet/?attribute_pa_width=36-w&attribute_pa_color=oak-2,
bvc-3869,Blue Valley,2DB3621-GW,2-Drawers Base Cabinet,Gloss White,,model_ready,914.4,876.3,609.6,/cabinet-inventory/models/bvc-3869.glb,https://bluevalleycabinets.ca/product/2-drawers-base-cabinet/?attribute_pa_width=36-w&attribute_pa_color=gw,
bvc-3868,Blue Valley,2DB3621-DW,2-Drawers Base Cabinet,Dark Walnut,,model_ready,914.4,876.3,609.6,/cabinet-inventory/models/bvc-3868.glb,https://bluevalleycabinets.ca/product/2-drawers-base-cabinet/?attribute_pa_width=36-w&attribute_pa_color=dw,
bvc-3862,Blue Valley,SS36D-PW,Closet Shoe Shelf with Front Bar (15° Angle),PREMIUM WHITE,,specification_review,,,,,https://bluevalleycabinets.ca/product/closet-shoe-shelf-with-front-bar-15-angle/?attribute_pa_depth=24-depth&attribute_pa_color=premium-white&attribute_pa_width=36-w,Assembled W/H/D and configuration require further verification; shipping units are not used as cabinet measurements
bvc-3861,Blue Valley,SS36D-LO,Closet Shoe Shelf with Front Bar (15° Angle),Light Oak,,specification_review,,,,,https://bluevalleycabinets.ca/product/closet-shoe-shelf-with-front-bar-15-angle/?attribute_pa_depth=24-depth&attribute_pa_color=light-oak&attribute_pa_width=36-w,Assembled W/H/D and configuration require further verification; shipping units are not used as cabinet measurements
bvc-3860,Blue Valley,SS36D,Closet Shoe Shelf with Front Bar (15° Angle),Kansas Oak,,specification_review,,,,,https://bluevalleycabinets.ca/product/closet-shoe-shelf-with-front-bar-15-angle/?attribute_pa_depth=24-depth&attribute_pa_color=kansas-oak&attribute_pa_width=36-w,Assembled W/H/D and configuration require further verification; shipping units are not used as cabinet measurements
bvc-3859,Blue Valley,SS36-PW,Closet Shoe Shelf with Front Bar (15° Angle),PREMIUM WHITE,,specification_review,,,,,https://bluevalleycabinets.ca/product/closet-shoe-shelf-with-front-bar-15-angle/?attribute_pa_depth=15-5-8-depth&attribute_pa_color=premium-white&attribute_pa_width=36-w,Assembled W/H/D and configuration require further verification; shipping units are not used as cabinet measurements
bvc-3858,Blue Valley,SS36-LO,Closet Shoe Shelf with Front Bar (15° Angle),Light Oak,,specification_review,,,,,https://bluevalleycabinets.ca/product/closet-shoe-shelf-with-front-bar-15-angle/?attribute_pa_depth=15-5-8-depth&attribute_pa_color=light-oak&attribute_pa_width=36-w,Assembled W/H/D and configuration require further verification; shipping units are not used as cabinet measurements
bvc-3857,Blue Valley,SS36,Closet Shoe Shelf with Front Bar (15° Angle),Kansas Oak,,specification_review,,,,,https://bluevalleycabinets.ca/product/closet-shoe-shelf-with-front-bar-15-angle/?attribute_pa_depth=15-5-8-depth&attribute_pa_color=kansas-oak&attribute_pa_width=36-w,Assembled W/H/D and configuration require further verification; shipping units are not used as cabinet measurements
bvc-3856,Blue Valley,SS30D-PW,Closet Shoe Shelf with Front Bar (15° Angle),PREMIUM WHITE,,specification_review,,,,,https://bluevalleycabinets.ca/product/closet-shoe-shelf-with-front-bar-15-angle/?attribute_pa_depth=24-depth&attribute_pa_color=premium-white&attribute_pa_width=30-w,Assembled W/H/D and configuration require further verification; shipping units are not used as cabinet measurements
bvc-3855,Blue Valley,SS30D-LO,Closet Shoe Shelf with Front Bar (15° Angle),Light Oak,,specification_review,,,,,https://bluevalleycabinets.ca/product/closet-shoe-shelf-with-front-bar-15-angle/?attribute_pa_depth=24-depth&attribute_pa_color=light-oak&attribute_pa_width=30-w,Assembled W/H/D and configuration require further verification; shipping units are not used as cabinet measurements
bvc-3854,Blue Valley,SS30D,Closet Shoe Shelf with Front Bar (15° Angle),Kansas Oak,,specification_review,,,,,https://bluevalleycabinets.ca/product/closet-shoe-shelf-with-front-bar-15-angle/?attribute_pa_depth=24-depth&attribute_pa_color=kansas-oak&attribute_pa_width=30-w,Assembled W/H/D and configuration require further verification; shipping units are not used as cabinet measurements
bvc-3853,Blue Valley,SS30-PW,Closet Shoe Shelf with Front Bar (15° Angle),PREMIUM WHITE,,specification_review,,,,,https://bluevalleycabinets.ca/product/closet-shoe-shelf-with-front-bar-15-angle/?attribute_pa_depth=15-5-8-depth&attribute_pa_color=premium-white&attribute_pa_width=30-w,Assembled W/H/D and configuration require further verification; shipping units are not used as cabinet measurements
bvc-3852,Blue Valley,SS30-LO,Closet Shoe Shelf with Front Bar (15° Angle),Light Oak,,specification_review,,,,,https://bluevalleycabinets.ca/product/closet-shoe-shelf-with-front-bar-15-angle/?attribute_pa_depth=15-5-8-depth&attribute_pa_color=light-oak&attribute_pa_width=30-w,Assembled W/H/D and configuration require further verification; shipping units are not used as cabinet measurements
bvc-3851,Blue Valley,SS30,Closet Shoe Shelf with Front Bar (15° Angle),Kansas Oak,,specification_review,,,,,https://bluevalleycabinets.ca/product/closet-shoe-shelf-with-front-bar-15-angle/?attribute_pa_depth=15-5-8-depth&attribute_pa_color=kansas-oak&attribute_pa_width=30-w,Assembled W/H/D and configuration require further verification; shipping units are not used as cabinet measurements
bvc-3850,Blue Valley,SS24D-PW,Closet Shoe Shelf with Front Bar (15° Angle),PREMIUM WHITE,,specification_review,,,,,https://bluevalleycabinets.ca/product/closet-shoe-shelf-with-front-bar-15-angle/?attribute_pa_depth=24-depth&attribute_pa_color=premium-white&attribute_pa_width=24-width,Assembled W/H/D and configuration require further verification; shipping units are not used as cabinet measurements
bvc-3849,Blue Valley,SS24D-LO,Closet Shoe Shelf with Front Bar (15° Angle),Light Oak,,specification_review,,,,,https://bluevalleycabinets.ca/product/closet-shoe-shelf-with-front-bar-15-angle/?attribute_pa_depth=24-depth&attribute_pa_color=light-oak&attribute_pa_width=24-width,Assembled W/H/D and configuration require further verification; shipping units are not used as cabinet measurements
bvc-3848,Blue Valley,SS24D,Closet Shoe Shelf with Front Bar (15° Angle),Kansas Oak,,specification_review,,,,,https://bluevalleycabinets.ca/product/closet-shoe-shelf-with-front-bar-15-angle/?attribute_pa_depth=24-depth&attribute_pa_color=kansas-oak&attribute_pa_width=24-width,Assembled W/H/D and configuration require further verification; shipping units are not used as cabinet measurements
bvc-3847,Blue Valley,SS24-PW,Closet Shoe Shelf with Front Bar (15° Angle),PREMIUM WHITE,,specification_review,,,,,https://bluevalleycabinets.ca/product/closet-shoe-shelf-with-front-bar-15-angle/?attribute_pa_depth=15-5-8-depth&attribute_pa_color=premium-white&attribute_pa_width=24-width,Assembled W/H/D and configuration require further verification; shipping units are not used as cabinet measurements
bvc-3846,Blue Valley,SS24-LO,Closet Shoe Shelf with Front Bar (15° Angle),Light Oak,,specification_review,,,,,https://bluevalleycabinets.ca/product/closet-shoe-shelf-with-front-bar-15-angle/?attribute_pa_depth=15-5-8-depth&attribute_pa_color=light-oak&attribute_pa_width=24-width,Assembled W/H/D and configuration require further verification; shipping units are not used as cabinet measurements
bvc-3845,Blue Valley,SS24,Closet Shoe Shelf with Front Bar (15° Angle),Kansas Oak,,specification_review,,,,,https://bluevalleycabinets.ca/product/closet-shoe-shelf-with-front-bar-15-angle/?attribute_pa_depth=15-5-8-depth&attribute_pa_color=kansas-oak&attribute_pa_width=24-width,Assembled W/H/D and configuration require further verification; shipping units are not used as cabinet measurements
bvc-3791,Blue Valley,V2732-WS,Vanity – 3 Drawers Base Cabinet,White shaker,,specification_review,,,,,https://bluevalleycabinets.ca/product/vanity-3-drawers-base-cabinet/?attribute_pa_width=vdb27-3&attribute_pa_color=ws,Assembled W/H/D and configuration require further verification; shipping units are not used as cabinet measurements
bvc-3790,Blue Valley,V2732-NO,Vanity – 3 Drawers Base Cabinet,Natural Oak,,specification_review,,,,,https://bluevalleycabinets.ca/product/vanity-3-drawers-base-cabinet/?attribute_pa_width=vdb27-3&attribute_pa_color=oak-2,Assembled W/H/D and configuration require further verification; shipping units are not used as cabinet measurements
bvc-3789,Blue Valley,V2732-GW,Vanity – 3 Drawers Base Cabinet,Gloss White,,specification_review,,,,,https://bluevalleycabinets.ca/product/vanity-3-drawers-base-cabinet/?attribute_pa_width=vdb27-3&attribute_pa_color=gw,Assembled W/H/D and configuration require further verification; shipping units are not used as cabinet measurements
bvc-3788,Blue Valley,V2732-DW,Vanity – 3 Drawers Base Cabinet,Dark Walnut,,specification_review,,,,,https://bluevalleycabinets.ca/product/vanity-3-drawers-base-cabinet/?attribute_pa_width=vdb27-3&attribute_pa_color=dw,Assembled W/H/D and configuration require further verification; shipping units are not used as cabinet measurements
bvc-3787,Blue Valley,V2432-WS,Vanity – 3 Drawers Base Cabinet,White shaker,,specification_review,,,,,https://bluevalleycabinets.ca/product/vanity-3-drawers-base-cabinet/?attribute_pa_width=vdb24-3&attribute_pa_color=ws,Assembled W/H/D and configuration require further verification; shipping units are not used as cabinet measurements
bvc-3786,Blue Valley,V2432-NO,Vanity – 3 Drawers Base Cabinet,Natural Oak,,specification_review,,,,,https://bluevalleycabinets.ca/product/vanity-3-drawers-base-cabinet/?attribute_pa_width=vdb24-3&attribute_pa_color=oak-2,Assembled W/H/D and configuration require further verification; shipping units are not used as cabinet measurements
bvc-3785,Blue Valley,V2432-GW,Vanity – 3 Drawers Base Cabinet,Gloss White,,specification_review,,,,,https://bluevalleycabinets.ca/product/vanity-3-drawers-base-cabinet/?attribute_pa_width=vdb24-3&attribute_pa_color=gw,Assembled W/H/D and configuration require further verification; shipping units are not used as cabinet measurements
bvc-3784,Blue Valley,V2432-DW,Vanity – 3 Drawers Base Cabinet,Dark Walnut,,specification_review,,,,,https://bluevalleycabinets.ca/product/vanity-3-drawers-base-cabinet/?attribute_pa_width=vdb24-3&attribute_pa_color=dw,Assembled W/H/D and configuration require further verification; shipping units are not used as cabinet measurements
bvc-3783,Blue Valley,V2132-WS,Vanity – 3 Drawers Base Cabinet,White shaker,,specification_review,,,,,https://bluevalleycabinets.ca/product/vanity-3-drawers-base-cabinet/?attribute_pa_width=vdb21-3&attribute_pa_color=ws,Assembled W/H/D and configuration require further verification; shipping units are not used as cabinet measurements
bvc-3782,Blue Valley,V2132-NO,Vanity – 3 Drawers Base Cabinet,Natural Oak,,specification_review,,,,,https://bluevalleycabinets.ca/product/vanity-3-drawers-base-cabinet/?attribute_pa_width=vdb21-3&attribute_pa_color=oak-2,Assembled W/H/D and configuration require further verification; shipping units are not used as cabinet measurements
bvc-3781,Blue Valley,V2132-GW,Vanity – 3 Drawers Base Cabinet,Gloss White,,specification_review,,,,,https://bluevalleycabinets.ca/product/vanity-3-drawers-base-cabinet/?attribute_pa_width=vdb21-3&attribute_pa_color=gw,Assembled W/H/D and configuration require further verification; shipping units are not used as cabinet measurements
bvc-3780,Blue Valley,V2132-DW,Vanity – 3 Drawers Base Cabinet,Dark Walnut,,specification_review,,,,,https://bluevalleycabinets.ca/product/vanity-3-drawers-base-cabinet/?attribute_pa_width=vdb21-3&attribute_pa_color=dw,Assembled W/H/D and configuration require further verification; shipping units are not used as cabinet measurements
bvc-3779,Blue Valley,V1832-WS,Vanity – 3 Drawers Base Cabinet,White shaker,,specification_review,,,,,https://bluevalleycabinets.ca/product/vanity-3-drawers-base-cabinet/?attribute_pa_width=vdb18-3&attribute_pa_color=ws,Assembled W/H/D and configuration require further verification; shipping units are not used as cabinet measurements
bvc-3778,Blue Valley,V1832-NO,Vanity – 3 Drawers Base Cabinet,Natural Oak,,specification_review,,,,,https://bluevalleycabinets.ca/product/vanity-3-drawers-base-cabinet/?attribute_pa_width=vdb18-3&attribute_pa_color=oak-2,Assembled W/H/D and configuration require further verification; shipping units are not used as cabinet measurements
bvc-3777,Blue Valley,V1832-GW,Vanity – 3 Drawers Base Cabinet,Gloss White,,specification_review,,,,,https://bluevalleycabinets.ca/product/vanity-3-drawers-base-cabinet/?attribute_pa_width=vdb18-3&attribute_pa_color=gw,Assembled W/H/D and configuration require further verification; shipping units are not used as cabinet measurements
bvc-3776,Blue Valley,V1832-DW,Vanity – 3 Drawers Base Cabinet,Dark Walnut,,specification_review,,,,,https://bluevalleycabinets.ca/product/vanity-3-drawers-base-cabinet/?attribute_pa_width=vdb18-3&attribute_pa_color=dw,Assembled W/H/D and configuration require further verification; shipping units are not used as cabinet measurements
bvc-3775,Blue Valley,V1532-WS,Vanity – 3 Drawers Base Cabinet,White shaker,,specification_review,,,,,https://bluevalleycabinets.ca/product/vanity-3-drawers-base-cabinet/?attribute_pa_width=vdb15-3&attribute_pa_color=ws,Assembled W/H/D and configuration require further verification; shipping units are not used as cabinet measurements
bvc-3774,Blue Valley,V1532-NO,Vanity – 3 Drawers Base Cabinet,Natural Oak,,specification_review,,,,,https://bluevalleycabinets.ca/product/vanity-3-drawers-base-cabinet/?attribute_pa_width=vdb15-3&attribute_pa_color=oak-2,Assembled W/H/D and configuration require further verification; shipping units are not used as cabinet measurements
bvc-3773,Blue Valley,V1532-GW,Vanity – 3 Drawers Base Cabinet,Gloss White,,specification_review,,,,,https://bluevalleycabinets.ca/product/vanity-3-drawers-base-cabinet/?attribute_pa_width=vdb15-3&attribute_pa_color=gw,Assembled W/H/D and configuration require further verification; shipping units are not used as cabinet measurements
bvc-3772,Blue Valley,V1532-DW,Vanity – 3 Drawers Base Cabinet,Dark Walnut,,specification_review,,,,,https://bluevalleycabinets.ca/product/vanity-3-drawers-base-cabinet/?attribute_pa_width=vdb15-3&attribute_pa_color=dw,Assembled W/H/D and configuration require further verification; shipping units are not used as cabinet measurements
bvc-3771,Blue Valley,V1232-WS,Vanity – 3 Drawers Base Cabinet,White shaker,,specification_review,,,,,https://bluevalleycabinets.ca/product/vanity-3-drawers-base-cabinet/?attribute_pa_width=vdb12-3&attribute_pa_color=ws,Assembled W/H/D and configuration require further verification; shipping units are not used as cabinet measurements
bvc-3770,Blue Valley,V1232-NO,Vanity – 3 Drawers Base Cabinet,Natural Oak,,specification_review,,,,,https://bluevalleycabinets.ca/product/vanity-3-drawers-base-cabinet/?attribute_pa_width=vdb12-3&attribute_pa_color=oak-2,Assembled W/H/D and configuration require further verification; shipping units are not used as cabinet measurements
bvc-3769,Blue Valley,V1232-GW,Vanity – 3 Drawers Base Cabinet,Gloss White,,specification_review,,,,,https://bluevalleycabinets.ca/product/vanity-3-drawers-base-cabinet/?attribute_pa_width=vdb12-3&attribute_pa_color=gw,Assembled W/H/D and configuration require further verification; shipping units are not used as cabinet measurements
bvc-3768,Blue Valley,V1232-DW,Vanity – 3 Drawers Base Cabinet,Dark Walnut,,specification_review,,,,,https://bluevalleycabinets.ca/product/vanity-3-drawers-base-cabinet/?attribute_pa_width=vdb12-3&attribute_pa_color=dw,Assembled W/H/D and configuration require further verification; shipping units are not used as cabinet measurements
bvc-3736,Blue Valley,DK36DH-PW,"Closet’s Drawer Box – 20"" Depth, 12-5/8"" Height",PREMIUM WHITE,,specification_review,,,,,https://bluevalleycabinets.ca/product/drawer-box-20%e2%80%b3-depth-12-5-8%e2%80%b3-height/?attribute_pa_width=36-w&attribute_pa_color=premium-white,Assembled W/H/D and configuration require further verification; shipping units are not used as cabinet measurements
bvc-3735,Blue Valley,DK36DH-LO,"Closet’s Drawer Box – 20"" Depth, 12-5/8"" Height",Light Oak,,specification_review,,,,,https://bluevalleycabinets.ca/product/drawer-box-20%e2%80%b3-depth-12-5-8%e2%80%b3-height/?attribute_pa_width=36-w&attribute_pa_color=light-oak,Assembled W/H/D and configuration require further verification; shipping units are not used as cabinet measurements
bvc-3734,Blue Valley,DK36DH,"Closet’s Drawer Box – 20"" Depth, 12-5/8"" Height",Kansas Oak,,specification_review,,,,,https://bluevalleycabinets.ca/product/drawer-box-20%e2%80%b3-depth-12-5-8%e2%80%b3-height/?attribute_pa_width=36-w&attribute_pa_color=kansas-oak,Assembled W/H/D and configuration require further verification; shipping units are not used as cabinet measurements
bvc-3733,Blue Valley,DK30DH-PW,"Closet’s Drawer Box – 20"" Depth, 12-5/8"" Height",PREMIUM WHITE,,specification_review,,,,,https://bluevalleycabinets.ca/product/drawer-box-20%e2%80%b3-depth-12-5-8%e2%80%b3-height/?attribute_pa_width=30-w&attribute_pa_color=premium-white,Assembled W/H/D and configuration require further verification; shipping units are not used as cabinet measurements
bvc-3732,Blue Valley,DK30DH-LO,"Closet’s Drawer Box – 20"" Depth, 12-5/8"" Height",Light Oak,,specification_review,,,,,https://bluevalleycabinets.ca/product/drawer-box-20%e2%80%b3-depth-12-5-8%e2%80%b3-height/?attribute_pa_width=30-w&attribute_pa_color=light-oak,Assembled W/H/D and configuration require further verification; shipping units are not used as cabinet measurements
bvc-3731,Blue Valley,DK30DH,"Closet’s Drawer Box – 20"" Depth, 12-5/8"" Height",Kansas Oak,,specification_review,,,,,https://bluevalleycabinets.ca/product/drawer-box-20%e2%80%b3-depth-12-5-8%e2%80%b3-height/?attribute_pa_width=30-w&attribute_pa_color=kansas-oak,Assembled W/H/D and configuration require further verification; shipping units are not used as cabinet measurements
bvc-3730,Blue Valley,DK24DH-PW,"Closet’s Drawer Box – 20"" Depth, 12-5/8"" Height",PREMIUM WHITE,,specification_review,,,,,https://bluevalleycabinets.ca/product/drawer-box-20%e2%80%b3-depth-12-5-8%e2%80%b3-height/?attribute_pa_width=24-width&attribute_pa_color=premium-white,Assembled W/H/D and configuration require further verification; shipping units are not used as cabinet measurements
bvc-3729,Blue Valley,DK24DH-LO,"Closet’s Drawer Box – 20"" Depth, 12-5/8"" Height",Light Oak,,specification_review,,,,,https://bluevalleycabinets.ca/product/drawer-box-20%e2%80%b3-depth-12-5-8%e2%80%b3-height/?attribute_pa_width=24-width&attribute_pa_color=light-oak,Assembled W/H/D and configuration require further verification; shipping units are not used as cabinet measurements
bvc-3728,Blue Valley,DK24DH,"Closet’s Drawer Box – 20"" Depth, 12-5/8"" Height",Kansas Oak,,specification_review,,,,,https://bluevalleycabinets.ca/product/drawer-box-20%e2%80%b3-depth-12-5-8%e2%80%b3-height/?attribute_pa_width=24-width&attribute_pa_color=kansas-oak,Assembled W/H/D and configuration require further verification; shipping units are not used as cabinet measurements
bvc-3727,Blue Valley,DK21DH-PW,"Closet’s Drawer Box – 20"" Depth, 12-5/8"" Height",PREMIUM WHITE,,specification_review,,,,,https://bluevalleycabinets.ca/product/drawer-box-20%e2%80%b3-depth-12-5-8%e2%80%b3-height/?attribute_pa_width=21-w&attribute_pa_color=premium-white,Assembled W/H/D and configuration require further verification; shipping units are not used as cabinet measurements
bvc-3726,Blue Valley,DK21DH-LO,"Closet’s Drawer Box – 20"" Depth, 12-5/8"" Height",Light Oak,,specification_review,,,,,https://bluevalleycabinets.ca/product/drawer-box-20%e2%80%b3-depth-12-5-8%e2%80%b3-height/?attribute_pa_width=21-w&attribute_pa_color=light-oak,Assembled W/H/D and configuration require further verification; shipping units are not used as cabinet measurements
bvc-3725,Blue Valley,DK21DH,"Closet’s Drawer Box – 20"" Depth, 12-5/8"" Height",Kansas Oak,,specification_review,,,,,https://bluevalleycabinets.ca/product/drawer-box-20%e2%80%b3-depth-12-5-8%e2%80%b3-height/?attribute_pa_width=21-w&attribute_pa_color=kansas-oak,Assembled W/H/D and configuration require further verification; shipping units are not used as cabinet measurements
bvc-3724,Blue Valley,DK18DH-PW,"Closet’s Drawer Box – 20"" Depth, 12-5/8"" Height",PREMIUM WHITE,,specification_review,,,,,https://bluevalleycabinets.ca/product/drawer-box-20%e2%80%b3-depth-12-5-8%e2%80%b3-height/?attribute_pa_width=18-w&attribute_pa_color=premium-white,Assembled W/H/D and configuration require further verification; shipping units are not used as cabinet measurements
bvc-3723,Blue Valley,DK18DH-LO,"Closet’s Drawer Box – 20"" Depth, 12-5/8"" Height",Light Oak,,specification_review,,,,,https://bluevalleycabinets.ca/product/drawer-box-20%e2%80%b3-depth-12-5-8%e2%80%b3-height/?attribute_pa_width=18-w&attribute_pa_color=light-oak,Assembled W/H/D and configuration require further verification; shipping units are not used as cabinet measurements
bvc-3722,Blue Valley,DK18DH,"Closet’s Drawer Box – 20"" Depth, 12-5/8"" Height",Kansas Oak,,specification_review,,,,,https://bluevalleycabinets.ca/product/drawer-box-20%e2%80%b3-depth-12-5-8%e2%80%b3-height/?attribute_pa_width=18-w&attribute_pa_color=kansas-oak,Assembled W/H/D and configuration require further verification; shipping units are not used as cabinet measurements
bvc-3721,Blue Valley,DK15DH-PW,"Closet’s Drawer Box – 20"" Depth, 12-5/8"" Height",PREMIUM WHITE,,specification_review,,,,,https://bluevalleycabinets.ca/product/drawer-box-20%e2%80%b3-depth-12-5-8%e2%80%b3-height/?attribute_pa_width=15-4&attribute_pa_color=premium-white,Assembled W/H/D and configuration require further verification; shipping units are not used as cabinet measurements
bvc-3720,Blue Valley,DK15DH-LO,"Closet’s Drawer Box – 20"" Depth, 12-5/8"" Height",Light Oak,,specification_review,,,,,https://bluevalleycabinets.ca/product/drawer-box-20%e2%80%b3-depth-12-5-8%e2%80%b3-height/?attribute_pa_width=15-4&attribute_pa_color=light-oak,Assembled W/H/D and configuration require further verification; shipping units are not used as cabinet measurements
bvc-3719,Blue Valley,DK15DH,"Closet’s Drawer Box – 20"" Depth, 12-5/8"" Height",Kansas Oak,,specification_review,,,,,https://bluevalleycabinets.ca/product/drawer-box-20%e2%80%b3-depth-12-5-8%e2%80%b3-height/?attribute_pa_width=15-4&attribute_pa_color=kansas-oak,Assembled W/H/D and configuration require further verification; shipping units are not used as cabinet measurements
bvc-3715,Blue Valley,DK36DN-PW,"Closet’s Drawer Box – 20"" Depth, 6 – 5/16"" Height",PREMIUM WHITE,,specification_review,,,,,https://bluevalleycabinets.ca/product/drawer-box-20%e2%80%b3-depth-6-5-16%e2%80%b3-height/?attribute_pa_width=36-w&attribute_pa_color=premium-white,Assembled W/H/D and configuration require further verification; shipping units are not used as cabinet measurements
bvc-3714,Blue Valley,DK36DN-LO,"Closet’s Drawer Box – 20"" Depth, 6 – 5/16"" Height",Light Oak,,specification_review,,,,,https://bluevalleycabinets.ca/product/drawer-box-20%e2%80%b3-depth-6-5-16%e2%80%b3-height/?attribute_pa_width=36-w&attribute_pa_color=light-oak,Assembled W/H/D and configuration require further verification; shipping units are not used as cabinet measurements
bvc-3713,Blue Valley,DK36DN,"Closet’s Drawer Box – 20"" Depth, 6 – 5/16"" Height",Kansas Oak,,specification_review,,,,,https://bluevalleycabinets.ca/product/drawer-box-20%e2%80%b3-depth-6-5-16%e2%80%b3-height/?attribute_pa_width=36-w&attribute_pa_color=kansas-oak,Assembled W/H/D and configuration require further verification; shipping units are not used as cabinet measurements
bvc-3712,Blue Valley,DK30DN-PW,"Closet’s Drawer Box – 20"" Depth, 6 – 5/16"" Height",PREMIUM WHITE,,specification_review,,,,,https://bluevalleycabinets.ca/product/drawer-box-20%e2%80%b3-depth-6-5-16%e2%80%b3-height/?attribute_pa_width=30-w&attribute_pa_color=premium-white,Assembled W/H/D and configuration require further verification; shipping units are not used as cabinet measurements
bvc-3711,Blue Valley,DK30DN-LO,"Closet’s Drawer Box – 20"" Depth, 6 – 5/16"" Height",Light Oak,,specification_review,,,,,https://bluevalleycabinets.ca/product/drawer-box-20%e2%80%b3-depth-6-5-16%e2%80%b3-height/?attribute_pa_width=30-w&attribute_pa_color=light-oak,Assembled W/H/D and configuration require further verification; shipping units are not used as cabinet measurements
bvc-3710,Blue Valley,DK30DN,"Closet’s Drawer Box – 20"" Depth, 6 – 5/16"" Height",Kansas Oak,,specification_review,,,,,https://bluevalleycabinets.ca/product/drawer-box-20%e2%80%b3-depth-6-5-16%e2%80%b3-height/?attribute_pa_width=30-w&attribute_pa_color=kansas-oak,Assembled W/H/D and configuration require further verification; shipping units are not used as cabinet measurements
bvc-3709,Blue Valley,DK24DN-PW,"Closet’s Drawer Box – 20"" Depth, 6 – 5/16"" Height",PREMIUM WHITE,,specification_review,,,,,https://bluevalleycabinets.ca/product/drawer-box-20%e2%80%b3-depth-6-5-16%e2%80%b3-height/?attribute_pa_width=24-width&attribute_pa_color=premium-white,Assembled W/H/D and configuration require further verification; shipping units are not used as cabinet measurements
bvc-3708,Blue Valley,DK24DN-LO,"Closet’s Drawer Box – 20"" Depth, 6 – 5/16"" Height",Light Oak,,specification_review,,,,,https://bluevalleycabinets.ca/product/drawer-box-20%e2%80%b3-depth-6-5-16%e2%80%b3-height/?attribute_pa_width=24-width&attribute_pa_color=light-oak,Assembled W/H/D and configuration require further verification; shipping units are not used as cabinet measurements
bvc-3707,Blue Valley,DK24DN,"Closet’s Drawer Box – 20"" Depth, 6 – 5/16"" Height",Kansas Oak,,specification_review,,,,,https://bluevalleycabinets.ca/product/drawer-box-20%e2%80%b3-depth-6-5-16%e2%80%b3-height/?attribute_pa_width=24-width&attribute_pa_color=kansas-oak,Assembled W/H/D and configuration require further verification; shipping units are not used as cabinet measurements
bvc-3706,Blue Valley,DK21DN-PW,"Closet’s Drawer Box – 20"" Depth, 6 – 5/16"" Height",PREMIUM WHITE,,specification_review,,,,,https://bluevalleycabinets.ca/product/drawer-box-20%e2%80%b3-depth-6-5-16%e2%80%b3-height/?attribute_pa_width=21-w&attribute_pa_color=premium-white,Assembled W/H/D and configuration require further verification; shipping units are not used as cabinet measurements
bvc-3705,Blue Valley,DK21DN-LO,"Closet’s Drawer Box – 20"" Depth, 6 – 5/16"" Height",Light Oak,,specification_review,,,,,https://bluevalleycabinets.ca/product/drawer-box-20%e2%80%b3-depth-6-5-16%e2%80%b3-height/?attribute_pa_width=21-w&attribute_pa_color=light-oak,Assembled W/H/D and configuration require further verification; shipping units are not used as cabinet measurements
bvc-3704,Blue Valley,DK21DN,"Closet’s Drawer Box – 20"" Depth, 6 – 5/16"" Height",Kansas Oak,,specification_review,,,,,https://bluevalleycabinets.ca/product/drawer-box-20%e2%80%b3-depth-6-5-16%e2%80%b3-height/?attribute_pa_width=21-w&attribute_pa_color=kansas-oak,Assembled W/H/D and configuration require further verification; shipping units are not used as cabinet measurements
bvc-3703,Blue Valley,DK18DN-PW,"Closet’s Drawer Box – 20"" Depth, 6 – 5/16"" Height",PREMIUM WHITE,,specification_review,,,,,https://bluevalleycabinets.ca/product/drawer-box-20%e2%80%b3-depth-6-5-16%e2%80%b3-height/?attribute_pa_width=18-w&attribute_pa_color=premium-white,Assembled W/H/D and configuration require further verification; shipping units are not used as cabinet measurements
bvc-3702,Blue Valley,DK18DN-LO,"Closet’s Drawer Box – 20"" Depth, 6 – 5/16"" Height",Light Oak,,specification_review,,,,,https://bluevalleycabinets.ca/product/drawer-box-20%e2%80%b3-depth-6-5-16%e2%80%b3-height/?attribute_pa_width=18-w&attribute_pa_color=light-oak,Assembled W/H/D and configuration require further verification; shipping units are not used as cabinet measurements
bvc-3701,Blue Valley,DK18DN,"Closet’s Drawer Box – 20"" Depth, 6 – 5/16"" Height",Kansas Oak,,specification_review,,,,,https://bluevalleycabinets.ca/product/drawer-box-20%e2%80%b3-depth-6-5-16%e2%80%b3-height/?attribute_pa_width=18-w&attribute_pa_color=kansas-oak,Assembled W/H/D and configuration require further verification; shipping units are not used as cabinet measurements
bvc-3700,Blue Valley,DK15DN-PW,"Closet’s Drawer Box – 20"" Depth, 6 – 5/16"" Height",PREMIUM WHITE,,specification_review,,,,,https://bluevalleycabinets.ca/product/drawer-box-20%e2%80%b3-depth-6-5-16%e2%80%b3-height/?attribute_pa_width=15-4&attribute_pa_color=premium-white,Assembled W/H/D and configuration require further verification; shipping units are not used as cabinet measurements
bvc-3699,Blue Valley,DK15DN-LO,"Closet’s Drawer Box – 20"" Depth, 6 – 5/16"" Height",Light Oak,,specification_review,,,,,https://bluevalleycabinets.ca/product/drawer-box-20%e2%80%b3-depth-6-5-16%e2%80%b3-height/?attribute_pa_width=15-4&attribute_pa_color=light-oak,Assembled W/H/D and configuration require further verification; shipping units are not used as cabinet measurements
bvc-3698,Blue Valley,DK15DN,"Closet’s Drawer Box – 20"" Depth, 6 – 5/16"" Height",Kansas Oak,,specification_review,,,,,https://bluevalleycabinets.ca/product/drawer-box-20%e2%80%b3-depth-6-5-16%e2%80%b3-height/?attribute_pa_width=15-4&attribute_pa_color=kansas-oak,Assembled W/H/D and configuration require further verification; shipping units are not used as cabinet measurements
bvc-3691,Blue Valley,DK36N-PW,"Closet’s Drawer Box – 12"" Depth, 6 -1/4"" Height",PREMIUM WHITE,,specification_review,,,,,https://bluevalleycabinets.ca/product/drawer-box-12%e2%80%b3-depth-160-mm-6-1-4%e2%80%b3-front-height-soft-close/?attribute_pa_width=36-w&attribute_pa_color=premium-white,Assembled W/H/D and configuration require further verification; shipping units are not used as cabinet measurements
bvc-3690,Blue Valley,DK36N-LO,"Closet’s Drawer Box – 12"" Depth, 6 -1/4"" Height",Light Oak,,specification_review,,,,,https://bluevalleycabinets.ca/product/drawer-box-12%e2%80%b3-depth-160-mm-6-1-4%e2%80%b3-front-height-soft-close/?attribute_pa_width=36-w&attribute_pa_color=light-oak,Assembled W/H/D and configuration require further verification; shipping units are not used as cabinet measurements
bvc-3689,Blue Valley,DK36N,"Closet’s Drawer Box – 12"" Depth, 6 -1/4"" Height",Kansas Oak,,specification_review,,,,,https://bluevalleycabinets.ca/product/drawer-box-12%e2%80%b3-depth-160-mm-6-1-4%e2%80%b3-front-height-soft-close/?attribute_pa_width=36-w&attribute_pa_color=kansas-oak,Assembled W/H/D and configuration require further verification; shipping units are not used as cabinet measurements
bvc-3688,Blue Valley,DK30N-PW,"Closet’s Drawer Box – 12"" Depth, 6 -1/4"" Height",PREMIUM WHITE,,specification_review,,,,,https://bluevalleycabinets.ca/product/drawer-box-12%e2%80%b3-depth-160-mm-6-1-4%e2%80%b3-front-height-soft-close/?attribute_pa_width=30-w&attribute_pa_color=premium-white,Assembled W/H/D and configuration require further verification; shipping units are not used as cabinet measurements
bvc-3687,Blue Valley,DK30N-LO,"Closet’s Drawer Box – 12"" Depth, 6 -1/4"" Height",Light Oak,,specification_review,,,,,https://bluevalleycabinets.ca/product/drawer-box-12%e2%80%b3-depth-160-mm-6-1-4%e2%80%b3-front-height-soft-close/?attribute_pa_width=30-w&attribute_pa_color=light-oak,Assembled W/H/D and configuration require further verification; shipping units are not used as cabinet measurements
bvc-3686,Blue Valley,DK30N,"Closet’s Drawer Box – 12"" Depth, 6 -1/4"" Height",Kansas Oak,,specification_review,,,,,https://bluevalleycabinets.ca/product/drawer-box-12%e2%80%b3-depth-160-mm-6-1-4%e2%80%b3-front-height-soft-close/?attribute_pa_width=30-w&attribute_pa_color=kansas-oak,Assembled W/H/D and configuration require further verification; shipping units are not used as cabinet measurements
bvc-3685,Blue Valley,DK24N-PW,"Closet’s Drawer Box – 12"" Depth, 6 -1/4"" Height",PREMIUM WHITE,,specification_review,,,,,https://bluevalleycabinets.ca/product/drawer-box-12%e2%80%b3-depth-160-mm-6-1-4%e2%80%b3-front-height-soft-close/?attribute_pa_width=24-width&attribute_pa_color=premium-white,Assembled W/H/D and configuration require further verification; shipping units are not used as cabinet measurements
bvc-3684,Blue Valley,DK24N-LO,"Closet’s Drawer Box – 12"" Depth, 6 -1/4"" Height",Light Oak,,specification_review,,,,,https://bluevalleycabinets.ca/product/drawer-box-12%e2%80%b3-depth-160-mm-6-1-4%e2%80%b3-front-height-soft-close/?attribute_pa_width=24-width&attribute_pa_color=light-oak,Assembled W/H/D and configuration require further verification; shipping units are not used as cabinet measurements
bvc-3683,Blue Valley,DK24N,"Closet’s Drawer Box – 12"" Depth, 6 -1/4"" Height",Kansas Oak,,specification_review,,,,,https://bluevalleycabinets.ca/product/drawer-box-12%e2%80%b3-depth-160-mm-6-1-4%e2%80%b3-front-height-soft-close/?attribute_pa_width=24-width&attribute_pa_color=kansas-oak,Assembled W/H/D and configuration require further verification; shipping units are not used as cabinet measurements
bvc-3682,Blue Valley,DK21N-PW,"Closet’s Drawer Box – 12"" Depth, 6 -1/4"" Height",PREMIUM WHITE,,specification_review,,,,,https://bluevalleycabinets.ca/product/drawer-box-12%e2%80%b3-depth-160-mm-6-1-4%e2%80%b3-front-height-soft-close/?attribute_pa_width=21-w&attribute_pa_color=premium-white,Assembled W/H/D and configuration require further verification; shipping units are not used as cabinet measurements
bvc-3681,Blue Valley,DK21N-LO,"Closet’s Drawer Box – 12"" Depth, 6 -1/4"" Height",Light Oak,,specification_review,,,,,https://bluevalleycabinets.ca/product/drawer-box-12%e2%80%b3-depth-160-mm-6-1-4%e2%80%b3-front-height-soft-close/?attribute_pa_width=21-w&attribute_pa_color=light-oak,Assembled W/H/D and configuration require further verification; shipping units are not used as cabinet measurements
bvc-3680,Blue Valley,DK21N,"Closet’s Drawer Box – 12"" Depth, 6 -1/4"" Height",Kansas Oak,,specification_review,,,,,https://bluevalleycabinets.ca/product/drawer-box-12%e2%80%b3-depth-160-mm-6-1-4%e2%80%b3-front-height-soft-close/?attribute_pa_width=21-w&attribute_pa_color=kansas-oak,Assembled W/H/D and configuration require further verification; shipping units are not used as cabinet measurements
bvc-3679,Blue Valley,DK18N-PW,"Closet’s Drawer Box – 12"" Depth, 6 -1/4"" Height",PREMIUM WHITE,,specification_review,,,,,https://bluevalleycabinets.ca/product/drawer-box-12%e2%80%b3-depth-160-mm-6-1-4%e2%80%b3-front-height-soft-close/?attribute_pa_width=18-w&attribute_pa_color=premium-white,Assembled W/H/D and configuration require further verification; shipping units are not used as cabinet measurements
bvc-3678,Blue Valley,DK18N-LO,"Closet’s Drawer Box – 12"" Depth, 6 -1/4"" Height",Light Oak,,specification_review,,,,,https://bluevalleycabinets.ca/product/drawer-box-12%e2%80%b3-depth-160-mm-6-1-4%e2%80%b3-front-height-soft-close/?attribute_pa_width=18-w&attribute_pa_color=light-oak,Assembled W/H/D and configuration require further verification; shipping units are not used as cabinet measurements
bvc-3677,Blue Valley,DK18N,"Closet’s Drawer Box – 12"" Depth, 6 -1/4"" Height",Kansas Oak,,specification_review,,,,,https://bluevalleycabinets.ca/product/drawer-box-12%e2%80%b3-depth-160-mm-6-1-4%e2%80%b3-front-height-soft-close/?attribute_pa_width=18-w&attribute_pa_color=kansas-oak,Assembled W/H/D and configuration require further verification; shipping units are not used as cabinet measurements
bvc-3676,Blue Valley,DK15N-PW,"Closet’s Drawer Box – 12"" Depth, 6 -1/4"" Height",PREMIUM WHITE,,specification_review,,,,,https://bluevalleycabinets.ca/product/drawer-box-12%e2%80%b3-depth-160-mm-6-1-4%e2%80%b3-front-height-soft-close/?attribute_pa_width=15-4&attribute_pa_color=premium-white,Assembled W/H/D and configuration require further verification; shipping units are not used as cabinet measurements
bvc-3675,Blue Valley,DK15N-LO,"Closet’s Drawer Box – 12"" Depth, 6 -1/4"" Height",Light Oak,,specification_review,,,,,https://bluevalleycabinets.ca/product/drawer-box-12%e2%80%b3-depth-160-mm-6-1-4%e2%80%b3-front-height-soft-close/?attribute_pa_width=15-4&attribute_pa_color=light-oak,Assembled W/H/D and configuration require further verification; shipping units are not used as cabinet measurements
bvc-3674,Blue Valley,DK15N,"Closet’s Drawer Box – 12"" Depth, 6 -1/4"" Height",Kansas Oak,,specification_review,,,,,https://bluevalleycabinets.ca/product/drawer-box-12%e2%80%b3-depth-160-mm-6-1-4%e2%80%b3-front-height-soft-close/?attribute_pa_width=15-4&attribute_pa_color=kansas-oak,Assembled W/H/D and configuration require further verification; shipping units are not used as cabinet measurements
bvc-3664,Blue Valley,DK36H-PW,"Closet’s Drawer Box – 12"" Depth, 12-5/8"" Height",PREMIUM WHITE,,specification_review,,,,,https://bluevalleycabinets.ca/product/drawer-box-12%e2%80%b3-depth-12-5-8%e2%80%b3-front-height-soft-close/?attribute_pa_color=premium-white&attribute_pa_width=36-w,Assembled W/H/D and configuration require further verification; shipping units are not used as cabinet measurements
bvc-3663,Blue Valley,DK36H-LO,"Closet’s Drawer Box – 12"" Depth, 12-5/8"" Height",Light Oak,,specification_review,,,,,https://bluevalleycabinets.ca/product/drawer-box-12%e2%80%b3-depth-12-5-8%e2%80%b3-front-height-soft-close/?attribute_pa_color=light-oak&attribute_pa_width=36-w,Assembled W/H/D and configuration require further verification; shipping units are not used as cabinet measurements
bvc-3662,Blue Valley,DK36H,"Closet’s Drawer Box – 12"" Depth, 12-5/8"" Height",Kansas Oak,,specification_review,,,,,https://bluevalleycabinets.ca/product/drawer-box-12%e2%80%b3-depth-12-5-8%e2%80%b3-front-height-soft-close/?attribute_pa_color=kansas-oak&attribute_pa_width=36-w,Assembled W/H/D and configuration require further verification; shipping units are not used as cabinet measurements
bvc-3661,Blue Valley,DK30H-PW,"Closet’s Drawer Box – 12"" Depth, 12-5/8"" Height",PREMIUM WHITE,,specification_review,,,,,https://bluevalleycabinets.ca/product/drawer-box-12%e2%80%b3-depth-12-5-8%e2%80%b3-front-height-soft-close/?attribute_pa_color=premium-white&attribute_pa_width=30-w,Assembled W/H/D and configuration require further verification; shipping units are not used as cabinet measurements
bvc-3660,Blue Valley,DK30H-LO,"Closet’s Drawer Box – 12"" Depth, 12-5/8"" Height",Light Oak,,specification_review,,,,,https://bluevalleycabinets.ca/product/drawer-box-12%e2%80%b3-depth-12-5-8%e2%80%b3-front-height-soft-close/?attribute_pa_color=light-oak&attribute_pa_width=30-w,Assembled W/H/D and configuration require further verification; shipping units are not used as cabinet measurements
bvc-3659,Blue Valley,DK30H,"Closet’s Drawer Box – 12"" Depth, 12-5/8"" Height",Kansas Oak,,specification_review,,,,,https://bluevalleycabinets.ca/product/drawer-box-12%e2%80%b3-depth-12-5-8%e2%80%b3-front-height-soft-close/?attribute_pa_color=kansas-oak&attribute_pa_width=30-w,Assembled W/H/D and configuration require further verification; shipping units are not used as cabinet measurements
bvc-3658,Blue Valley,DK24H-PW,"Closet’s Drawer Box – 12"" Depth, 12-5/8"" Height",PREMIUM WHITE,,specification_review,,,,,https://bluevalleycabinets.ca/product/drawer-box-12%e2%80%b3-depth-12-5-8%e2%80%b3-front-height-soft-close/?attribute_pa_color=premium-white&attribute_pa_width=24-width,Assembled W/H/D and configuration require further verification; shipping units are not used as cabinet measurements
bvc-3657,Blue Valley,DK24H-LO,"Closet’s Drawer Box – 12"" Depth, 12-5/8"" Height",Light Oak,,specification_review,,,,,https://bluevalleycabinets.ca/product/drawer-box-12%e2%80%b3-depth-12-5-8%e2%80%b3-front-height-soft-close/?attribute_pa_color=light-oak&attribute_pa_width=24-width,Assembled W/H/D and configuration require further verification; shipping units are not used as cabinet measurements
bvc-3656,Blue Valley,DK24H,"Closet’s Drawer Box – 12"" Depth, 12-5/8"" Height",Kansas Oak,,specification_review,,,,,https://bluevalleycabinets.ca/product/drawer-box-12%e2%80%b3-depth-12-5-8%e2%80%b3-front-height-soft-close/?attribute_pa_color=kansas-oak&attribute_pa_width=24-width,Assembled W/H/D and configuration require further verification; shipping units are not used as cabinet measurements
bvc-3655,Blue Valley,DK21H-PW,"Closet’s Drawer Box – 12"" Depth, 12-5/8"" Height",PREMIUM WHITE,,specification_review,,,,,https://bluevalleycabinets.ca/product/drawer-box-12%e2%80%b3-depth-12-5-8%e2%80%b3-front-height-soft-close/?attribute_pa_color=premium-white&attribute_pa_width=21-w,Assembled W/H/D and configuration require further verification; shipping units are not used as cabinet measurements
bvc-3654,Blue Valley,DK21H-LO,"Closet’s Drawer Box – 12"" Depth, 12-5/8"" Height",Light Oak,,specification_review,,,,,https://bluevalleycabinets.ca/product/drawer-box-12%e2%80%b3-depth-12-5-8%e2%80%b3-front-height-soft-close/?attribute_pa_color=light-oak&attribute_pa_width=21-w,Assembled W/H/D and configuration require further verification; shipping units are not used as cabinet measurements
bvc-3653,Blue Valley,DK21H,"Closet’s Drawer Box – 12"" Depth, 12-5/8"" Height",Kansas Oak,,specification_review,,,,,https://bluevalleycabinets.ca/product/drawer-box-12%e2%80%b3-depth-12-5-8%e2%80%b3-front-height-soft-close/?attribute_pa_color=kansas-oak&attribute_pa_width=21-w,Assembled W/H/D and configuration require further verification; shipping units are not used as cabinet measurements
bvc-3652,Blue Valley,DK18H-PW,"Closet’s Drawer Box – 12"" Depth, 12-5/8"" Height",PREMIUM WHITE,,specification_review,,,,,https://bluevalleycabinets.ca/product/drawer-box-12%e2%80%b3-depth-12-5-8%e2%80%b3-front-height-soft-close/?attribute_pa_color=premium-white&attribute_pa_width=18-w,Assembled W/H/D and configuration require further verification; shipping units are not used as cabinet measurements
bvc-3651,Blue Valley,DK18H-LO,"Closet’s Drawer Box – 12"" Depth, 12-5/8"" Height",Light Oak,,specification_review,,,,,https://bluevalleycabinets.ca/product/drawer-box-12%e2%80%b3-depth-12-5-8%e2%80%b3-front-height-soft-close/?attribute_pa_color=light-oak&attribute_pa_width=18-w,Assembled W/H/D and configuration require further verification; shipping units are not used as cabinet measurements
bvc-3650,Blue Valley,DK18H,"Closet’s Drawer Box – 12"" Depth, 12-5/8"" Height",Kansas Oak,,specification_review,,,,,https://bluevalleycabinets.ca/product/drawer-box-12%e2%80%b3-depth-12-5-8%e2%80%b3-front-height-soft-close/?attribute_pa_color=kansas-oak&attribute_pa_width=18-w,Assembled W/H/D and configuration require further verification; shipping units are not used as cabinet measurements
bvc-3649,Blue Valley,DK15H-PW,"Closet’s Drawer Box – 12"" Depth, 12-5/8"" Height",PREMIUM WHITE,,specification_review,,,,,https://bluevalleycabinets.ca/product/drawer-box-12%e2%80%b3-depth-12-5-8%e2%80%b3-front-height-soft-close/?attribute_pa_color=premium-white&attribute_pa_width=15-4,Assembled W/H/D and configuration require further verification; shipping units are not used as cabinet measurements
bvc-3648,Blue Valley,DK15H-LO,"Closet’s Drawer Box – 12"" Depth, 12-5/8"" Height",Light Oak,,specification_review,,,,,https://bluevalleycabinets.ca/product/drawer-box-12%e2%80%b3-depth-12-5-8%e2%80%b3-front-height-soft-close/?attribute_pa_color=light-oak&attribute_pa_width=15-4,Assembled W/H/D and configuration require further verification; shipping units are not used as cabinet measurements
bvc-3647,Blue Valley,DK15H,"Closet’s Drawer Box – 12"" Depth, 12-5/8"" Height",Kansas Oak,,specification_review,,,,,https://bluevalleycabinets.ca/product/drawer-box-12%e2%80%b3-depth-12-5-8%e2%80%b3-front-height-soft-close/?attribute_pa_color=kansas-oak&attribute_pa_width=15-4,Assembled W/H/D and configuration require further verification; shipping units are not used as cabinet measurements
bvc-3595,Blue Valley,W3330-WS,"Wall Cabinets – 30"" Height",White shaker,,specification_review,,,,,https://bluevalleycabinets.ca/product/kitchen-wall-cabinet-30-height-2-adjustable-shelves/?attribute_pa_width=33-width&attribute_pa_color=ws,Title says 30-inch wall cabinet but description says 34.5-inch height / 24-inch depth; Assembled W/H/D and configuration require further verification; shipping units are not used as cabinet measurements
bvc-3594,Blue Valley,W3330-GW,"Wall Cabinets – 30"" Height",Gloss White,,specification_review,,,,,https://bluevalleycabinets.ca/product/kitchen-wall-cabinet-30-height-2-adjustable-shelves/?attribute_pa_width=33-width&attribute_pa_color=gw,Title says 30-inch wall cabinet but description says 34.5-inch height / 24-inch depth; Assembled W/H/D and configuration require further verification; shipping units are not used as cabinet measurements
bvc-3593,Blue Valley,W3330-NO,"Wall Cabinets – 30"" Height",Natural Oak,,specification_review,,,,,https://bluevalleycabinets.ca/product/kitchen-wall-cabinet-30-height-2-adjustable-shelves/?attribute_pa_width=33-width&attribute_pa_color=oak-2,Title says 30-inch wall cabinet but description says 34.5-inch height / 24-inch depth; Assembled W/H/D and configuration require further verification; shipping units are not used as cabinet measurements
bvc-3592,Blue Valley,W3330,"Wall Cabinets – 30"" Height",Dark Walnut,,specification_review,,,,,https://bluevalleycabinets.ca/product/kitchen-wall-cabinet-30-height-2-adjustable-shelves/?attribute_pa_width=33-width&attribute_pa_color=dw,Title says 30-inch wall cabinet but description says 34.5-inch height / 24-inch depth; Assembled W/H/D and configuration require further verification; shipping units are not used as cabinet measurements
bvc-3493,Blue Valley,BBC-Tray-R,Base Blind Corner Tray,,,specification_review,,,,,https://bluevalleycabinets.ca/product/base-blind-corner-tray/?attribute_pa_tray-opening-direction=right-pull-out,Assembled W/H/D and configuration require further verification; shipping units are not used as cabinet measurements
bvc-3492,Blue Valley,BBC-Tray-L,Base Blind Corner Tray,,,specification_review,,,,,https://bluevalleycabinets.ca/product/base-blind-corner-tray/?attribute_pa_tray-opening-direction=left-pull-out,Assembled W/H/D and configuration require further verification; shipping units are not used as cabinet measurements
bvc-3455,Blue Valley,W36-WS,Handleless Bottom Panel (Gola Base Panel),White shaker,,specification_review,,,,,https://bluevalleycabinets.ca/product/handleless-bottom-panel-gola-base-panel/?attribute_pa_width=w36&attribute_pa_color=ws,Assembled W/H/D and configuration require further verification; shipping units are not used as cabinet measurements
bvc-3454,Blue Valley,W36-NO,Handleless Bottom Panel (Gola Base Panel),Natural Oak,,specification_review,,,,,https://bluevalleycabinets.ca/product/handleless-bottom-panel-gola-base-panel/?attribute_pa_width=w36&attribute_pa_color=oak-2,Assembled W/H/D and configuration require further verification; shipping units are not used as cabinet measurements
bvc-3453,Blue Valley,W36-GW,Handleless Bottom Panel (Gola Base Panel),Gloss White,,specification_review,,,,,https://bluevalleycabinets.ca/product/handleless-bottom-panel-gola-base-panel/?attribute_pa_width=w36&attribute_pa_color=gw,Assembled W/H/D and configuration require further verification; shipping units are not used as cabinet measurements
bvc-3452,Blue Valley,W36,Handleless Bottom Panel (Gola Base Panel),Dark Walnut,,specification_review,,,,,https://bluevalleycabinets.ca/product/handleless-bottom-panel-gola-base-panel/?attribute_pa_width=w36&attribute_pa_color=dw,Assembled W/H/D and configuration require further verification; shipping units are not used as cabinet measurements
bvc-3451,Blue Valley,B3021-WS,Handleless Bottom Panel (Gola Base Panel),White shaker,,specification_review,,,,,https://bluevalleycabinets.ca/product/handleless-bottom-panel-gola-base-panel/?attribute_pa_width=w30&attribute_pa_color=ws,Assembled W/H/D and configuration require further verification; shipping units are not used as cabinet measurements
bvc-3450,Blue Valley,B3021-NO,Handleless Bottom Panel (Gola Base Panel),Natural Oak,,specification_review,,,,,https://bluevalleycabinets.ca/product/handleless-bottom-panel-gola-base-panel/?attribute_pa_width=w30&attribute_pa_color=oak-2,Assembled W/H/D and configuration require further verification; shipping units are not used as cabinet measurements
bvc-3449,Blue Valley,B3021-GW,Handleless Bottom Panel (Gola Base Panel),Gloss White,,specification_review,,,,,https://bluevalleycabinets.ca/product/handleless-bottom-panel-gola-base-panel/?attribute_pa_width=w30&attribute_pa_color=gw,Assembled W/H/D and configuration require further verification; shipping units are not used as cabinet measurements
bvc-3448,Blue Valley,B3021-DW,Handleless Bottom Panel (Gola Base Panel),Dark Walnut,,specification_review,,,,,https://bluevalleycabinets.ca/product/handleless-bottom-panel-gola-base-panel/?attribute_pa_width=w30&attribute_pa_color=dw,Assembled W/H/D and configuration require further verification; shipping units are not used as cabinet measurements
bvc-3447,Blue Valley,B2421-WS,Handleless Bottom Panel (Gola Base Panel),White shaker,,specification_review,,,,,https://bluevalleycabinets.ca/product/handleless-bottom-panel-gola-base-panel/?attribute_pa_width=w24&attribute_pa_color=ws,Assembled W/H/D and configuration require further verification; shipping units are not used as cabinet measurements
bvc-3446,Blue Valley,B2421-NO,Handleless Bottom Panel (Gola Base Panel),Natural Oak,,specification_review,,,,,https://bluevalleycabinets.ca/product/handleless-bottom-panel-gola-base-panel/?attribute_pa_width=w24&attribute_pa_color=oak-2,Assembled W/H/D and configuration require further verification; shipping units are not used as cabinet measurements
bvc-3445,Blue Valley,B2421-GW,Handleless Bottom Panel (Gola Base Panel),Gloss White,,specification_review,,,,,https://bluevalleycabinets.ca/product/handleless-bottom-panel-gola-base-panel/?attribute_pa_width=w24&attribute_pa_color=gw,Assembled W/H/D and configuration require further verification; shipping units are not used as cabinet measurements
bvc-3444,Blue Valley,B2421-DW,Handleless Bottom Panel (Gola Base Panel),Dark Walnut,,specification_review,,,,,https://bluevalleycabinets.ca/product/handleless-bottom-panel-gola-base-panel/?attribute_pa_width=w24&attribute_pa_color=dw,Assembled W/H/D and configuration require further verification; shipping units are not used as cabinet measurements
bvc-3443,Blue Valley,B1821-WS,Handleless Bottom Panel (Gola Base Panel),White shaker,,specification_review,,,,,https://bluevalleycabinets.ca/product/handleless-bottom-panel-gola-base-panel/?attribute_pa_width=w18&attribute_pa_color=ws,Assembled W/H/D and configuration require further verification; shipping units are not used as cabinet measurements
bvc-3442,Blue Valley,B1821-NO,Handleless Bottom Panel (Gola Base Panel),Natural Oak,,specification_review,,,,,https://bluevalleycabinets.ca/product/handleless-bottom-panel-gola-base-panel/?attribute_pa_width=w18&attribute_pa_color=oak-2,Assembled W/H/D and configuration require further verification; shipping units are not used as cabinet measurements
bvc-3441,Blue Valley,B1821-GW,Handleless Bottom Panel (Gola Base Panel),Gloss White,,specification_review,,,,,https://bluevalleycabinets.ca/product/handleless-bottom-panel-gola-base-panel/?attribute_pa_width=w18&attribute_pa_color=gw,Assembled W/H/D and configuration require further verification; shipping units are not used as cabinet measurements
bvc-3440,Blue Valley,B1821-DW,Handleless Bottom Panel (Gola Base Panel),Dark Walnut,,specification_review,,,,,https://bluevalleycabinets.ca/product/handleless-bottom-panel-gola-base-panel/?attribute_pa_width=w18&attribute_pa_color=dw,Assembled W/H/D and configuration require further verification; shipping units are not used as cabinet measurements
bvc-3439,Blue Valley,B1521-WS,Handleless Bottom Panel (Gola Base Panel),White shaker,,specification_review,,,,,https://bluevalleycabinets.ca/product/handleless-bottom-panel-gola-base-panel/?attribute_pa_width=w15&attribute_pa_color=ws,Assembled W/H/D and configuration require further verification; shipping units are not used as cabinet measurements
bvc-3438,Blue Valley,B1521-NO,Handleless Bottom Panel (Gola Base Panel),Natural Oak,,specification_review,,,,,https://bluevalleycabinets.ca/product/handleless-bottom-panel-gola-base-panel/?attribute_pa_width=w15&attribute_pa_color=oak-2,Assembled W/H/D and configuration require further verification; shipping units are not used as cabinet measurements
bvc-3437,Blue Valley,B1521-GW,Handleless Bottom Panel (Gola Base Panel),Gloss White,,specification_review,,,,,https://bluevalleycabinets.ca/product/handleless-bottom-panel-gola-base-panel/?attribute_pa_width=w15&attribute_pa_color=gw,Assembled W/H/D and configuration require further verification; shipping units are not used as cabinet measurements
bvc-3436,Blue Valley,B1521-DW,Handleless Bottom Panel (Gola Base Panel),Dark Walnut,,specification_review,,,,,https://bluevalleycabinets.ca/product/handleless-bottom-panel-gola-base-panel/?attribute_pa_width=w15&attribute_pa_color=dw,Assembled W/H/D and configuration require further verification; shipping units are not used as cabinet measurements
bvc-3435,Blue Valley,B1221-WS,Handleless Bottom Panel (Gola Base Panel),White shaker,,specification_review,,,,,https://bluevalleycabinets.ca/product/handleless-bottom-panel-gola-base-panel/?attribute_pa_width=w12&attribute_pa_color=ws,Assembled W/H/D and configuration require further verification; shipping units are not used as cabinet measurements
bvc-3434,Blue Valley,B1221-NO,Handleless Bottom Panel (Gola Base Panel),Natural Oak,,specification_review,,,,,https://bluevalleycabinets.ca/product/handleless-bottom-panel-gola-base-panel/?attribute_pa_width=w12&attribute_pa_color=oak-2,Assembled W/H/D and configuration require further verification; shipping units are not used as cabinet measurements
bvc-3433,Blue Valley,B1221-GW,Handleless Bottom Panel (Gola Base Panel),Gloss White,,specification_review,,,,,https://bluevalleycabinets.ca/product/handleless-bottom-panel-gola-base-panel/?attribute_pa_width=w12&attribute_pa_color=gw,Assembled W/H/D and configuration require further verification; shipping units are not used as cabinet measurements
bvc-3432,Blue Valley,B1221-DW,Handleless Bottom Panel (Gola Base Panel),Dark Walnut,,specification_review,,,,,https://bluevalleycabinets.ca/product/handleless-bottom-panel-gola-base-panel/?attribute_pa_width=w12&attribute_pa_color=dw,Assembled W/H/D and configuration require further verification; shipping units are not used as cabinet measurements
bvc-3371,Blue Valley,VFD22-WS,Vanity Full-Height Door-Match End Panel,White shaker,,specification_review,,,,,https://bluevalleycabinets.ca/product/vanity-full-height-door-match-end-panel-vfd22/?attribute_pa_color=ws,Assembled W/H/D and configuration require further verification; shipping units are not used as cabinet measurements
bvc-3370,Blue Valley,VFD22-NO,Vanity Full-Height Door-Match End Panel,Natural Oak,,specification_review,,,,,https://bluevalleycabinets.ca/product/vanity-full-height-door-match-end-panel-vfd22/?attribute_pa_color=oak-2,Assembled W/H/D and configuration require further verification; shipping units are not used as cabinet measurements
bvc-3369,Blue Valley,VFD22-GW,Vanity Full-Height Door-Match End Panel,Gloss White,,specification_review,,,,,https://bluevalleycabinets.ca/product/vanity-full-height-door-match-end-panel-vfd22/?attribute_pa_color=gw,Assembled W/H/D and configuration require further verification; shipping units are not used as cabinet measurements
bvc-3368,Blue Valley,VFD22,Vanity Full-Height Door-Match End Panel,Dark Walnut,,specification_review,,,,,https://bluevalleycabinets.ca/product/vanity-full-height-door-match-end-panel-vfd22/?attribute_pa_color=dw,Assembled W/H/D and configuration require further verification; shipping units are not used as cabinet measurements
bvc-3158,Blue Valley,ER3621-PW,Corner Closet Top Box,PREMIUM WHITE,,specification_review,,,,,https://bluevalleycabinets.ca/product/corner-top-closet-cabinet-top-box/?attribute_pa_color=premium-white&attribute_pa_width=er3621,Assembled W/H/D and configuration require further verification; shipping units are not used as cabinet measurements
bvc-3157,Blue Valley,ER3021-PW,Corner Closet Top Box,PREMIUM WHITE,,specification_review,,,,,https://bluevalleycabinets.ca/product/corner-top-closet-cabinet-top-box/?attribute_pa_color=premium-white&attribute_pa_width=er3021,Assembled W/H/D and configuration require further verification; shipping units are not used as cabinet measurements
bvc-3156,Blue Valley,ER3621-LO,Corner Closet Top Box,Light Oak,,specification_review,,,,,https://bluevalleycabinets.ca/product/corner-top-closet-cabinet-top-box/?attribute_pa_color=light-oak&attribute_pa_width=er3621,Assembled W/H/D and configuration require further verification; shipping units are not used as cabinet measurements
bvc-3155,Blue Valley,ER3021-LO,Corner Closet Top Box,Light Oak,,specification_review,,,,,https://bluevalleycabinets.ca/product/corner-top-closet-cabinet-top-box/?attribute_pa_color=light-oak&attribute_pa_width=er3021,Assembled W/H/D and configuration require further verification; shipping units are not used as cabinet measurements
bvc-3154,Blue Valley,ER3621,Corner Closet Top Box,Kansas Oak,,specification_review,,,,,https://bluevalleycabinets.ca/product/corner-top-closet-cabinet-top-box/?attribute_pa_color=kansas-oak&attribute_pa_width=er3621,Assembled W/H/D and configuration require further verification; shipping units are not used as cabinet measurements
bvc-3153,Blue Valley,ER3021,Corner Closet Top Box,Kansas Oak,,specification_review,,,,,https://bluevalleycabinets.ca/product/corner-top-closet-cabinet-top-box/?attribute_pa_color=kansas-oak&attribute_pa_width=er3021,Assembled W/H/D and configuration require further verification; shipping units are not used as cabinet measurements
bvc-3146,Blue Valley,ER3684F-W,Corner Closet,PREMIUM WHITE,,specification_review,,,,,https://bluevalleycabinets.ca/product/corner-closet/?attribute_pa_color=premium-white&attribute_pa_width=er3684f,Assembled W/H/D and configuration require further verification; shipping units are not used as cabinet measurements
bvc-3145,Blue Valley,ER3084F-W,Corner Closet,PREMIUM WHITE,,specification_review,,,,,https://bluevalleycabinets.ca/product/corner-closet/?attribute_pa_color=premium-white&attribute_pa_width=er3084f,Assembled W/H/D and configuration require further verification; shipping units are not used as cabinet measurements
bvc-3144,Blue Valley,ER3684F-NO,Corner Closet,Natural Oak,,specification_review,,,,,https://bluevalleycabinets.ca/product/corner-closet/?attribute_pa_color=oak-2&attribute_pa_width=er3684f,Assembled W/H/D and configuration require further verification; shipping units are not used as cabinet measurements
bvc-3143,Blue Valley,ER3084F-NO,Corner Closet,Natural Oak,,specification_review,,,,,https://bluevalleycabinets.ca/product/corner-closet/?attribute_pa_color=oak-2&attribute_pa_width=er3084f,Assembled W/H/D and configuration require further verification; shipping units are not used as cabinet measurements
bvc-3142,Blue Valley,ER3684F,Corner Closet,Kansas Oak,,specification_review,,,,,https://bluevalleycabinets.ca/product/corner-closet/?attribute_pa_color=kansas-oak&attribute_pa_width=er3684f,Assembled W/H/D and configuration require further verification; shipping units are not used as cabinet measurements
bvc-3141,Blue Valley,ER3084F,Corner Closet,Kansas Oak,,specification_review,,,,,https://bluevalleycabinets.ca/product/corner-closet/?attribute_pa_color=kansas-oak&attribute_pa_width=er3084f,Assembled W/H/D and configuration require further verification; shipping units are not used as cabinet measurements
bvc-3116,Blue Valley,HR36,Closet Hanging ROD,,,specification_review,,,,,https://bluevalleycabinets.ca/product/closet-hanging-rod/?attribute_pa_width=hr36,Assembled W/H/D and configuration require further verification; shipping units are not used as cabinet measurements
bvc-3115,Blue Valley,HR30,Closet Hanging ROD,,,specification_review,,,,,https://bluevalleycabinets.ca/product/closet-hanging-rod/?attribute_pa_width=hr30,Assembled W/H/D and configuration require further verification; shipping units are not used as cabinet measurements
bvc-3114,Blue Valley,HR24,Closet Hanging ROD,,,specification_review,,,,,https://bluevalleycabinets.ca/product/closet-hanging-rod/?attribute_pa_width=hr24,Assembled W/H/D and configuration require further verification; shipping units are not used as cabinet measurements
bvc-3113,Blue Valley,HR21,Closet Hanging ROD,,,specification_review,,,,,https://bluevalleycabinets.ca/product/closet-hanging-rod/?attribute_pa_width=hr21,Assembled W/H/D and configuration require further verification; shipping units are not used as cabinet measurements
bvc-3112,Blue Valley,HR18,Closet Hanging ROD,,,specification_review,,,,,https://bluevalleycabinets.ca/product/closet-hanging-rod/?attribute_pa_width=hr18,Assembled W/H/D and configuration require further verification; shipping units are not used as cabinet measurements
bvc-3111,Blue Valley,HR15,Closet Hanging ROD,,,specification_review,,,,,https://bluevalleycabinets.ca/product/closet-hanging-rod/?attribute_pa_width=hr15,Assembled W/H/D and configuration require further verification; shipping units are not used as cabinet measurements
bvc-3104,Blue Valley,W3624-WS,"24"" Height Cabinet – 12D",White shaker,,specification_review,,,,,https://bluevalleycabinets.ca/product/24-height-cabinet-12d/?attribute_pa_width=w3624&attribute_pa_color=ws,Selected width missing or outside explicitly documented range
bvc-3103,Blue Valley,W3024-WS,"24"" Height Cabinet – 12D",White shaker,,specification_review,,,,,https://bluevalleycabinets.ca/product/24-height-cabinet-12d/?attribute_pa_width=w3024&attribute_pa_color=ws,Selected width missing or outside explicitly documented range
bvc-3102,Blue Valley,W3624-NO,"24"" Height Cabinet – 12D",Natural Oak,,specification_review,,,,,https://bluevalleycabinets.ca/product/24-height-cabinet-12d/?attribute_pa_width=w3624&attribute_pa_color=oak-2,Selected width missing or outside explicitly documented range
bvc-3101,Blue Valley,W3024-NO,"24"" Height Cabinet – 12D",Natural Oak,,specification_review,,,,,https://bluevalleycabinets.ca/product/24-height-cabinet-12d/?attribute_pa_width=w3024&attribute_pa_color=oak-2,Selected width missing or outside explicitly documented range
bvc-3100,Blue Valley,W3624-GW,"24"" Height Cabinet – 12D",Gloss White,,specification_review,,,,,https://bluevalleycabinets.ca/product/24-height-cabinet-12d/?attribute_pa_width=w3624&attribute_pa_color=gw,Selected width missing or outside explicitly documented range
bvc-3099,Blue Valley,W3024-GW,"24"" Height Cabinet – 12D",Gloss White,,specification_review,,,,,https://bluevalleycabinets.ca/product/24-height-cabinet-12d/?attribute_pa_width=w3024&attribute_pa_color=gw,Selected width missing or outside explicitly documented range
bvc-3098,Blue Valley,W3624,"24"" Height Cabinet – 12D",Dark Walnut,,specification_review,,,,,https://bluevalleycabinets.ca/product/24-height-cabinet-12d/?attribute_pa_width=w3624&attribute_pa_color=dw,Selected width missing or outside explicitly documented range
bvc-3097,Blue Valley,W3024,"24"" Height Cabinet – 12D",Dark Walnut,,specification_review,,,,,https://bluevalleycabinets.ca/product/24-height-cabinet-12d/?attribute_pa_width=w3024&attribute_pa_color=dw,Selected width missing or outside explicitly documented range
bvc-3095,Blue Valley,W36212430-WS,"12""-21"" Height Wall Cabinet – 24D",White shaker,,specification_review,,,,,https://bluevalleycabinets.ca/product/12-21-height-wall-cabinet-24d/?attribute_pa_width=w362124&attribute_pa_color=ws,Selected width missing or outside explicitly documented range; Selected height lacks a verified dimensional specification
bvc-3094,Blue Valley,W36182430-WS,"12""-21"" Height Wall Cabinet – 24D",White shaker,,specification_review,,,,,https://bluevalleycabinets.ca/product/12-21-height-wall-cabinet-24d/?attribute_pa_width=w361824&attribute_pa_color=ws,Selected width missing or outside explicitly documented range; Selected height lacks a verified dimensional specification
bvc-3093,Blue Valley,W36152430-WS,"12""-21"" Height Wall Cabinet – 24D",White shaker,,specification_review,,,,,https://bluevalleycabinets.ca/product/12-21-height-wall-cabinet-24d/?attribute_pa_width=w361524&attribute_pa_color=ws,Selected width missing or outside explicitly documented range; Selected height lacks a verified dimensional specification
bvc-3092,Blue Valley,W36122430-WS,"12""-21"" Height Wall Cabinet – 24D",White shaker,,specification_review,,,,,https://bluevalleycabinets.ca/product/12-21-height-wall-cabinet-24d/?attribute_pa_width=w361224&attribute_pa_color=ws,Selected width missing or outside explicitly documented range; Selected height lacks a verified dimensional specification
bvc-3091,Blue Valley,W30212430-WS,"12""-21"" Height Wall Cabinet – 24D",White shaker,,specification_review,,,,,https://bluevalleycabinets.ca/product/12-21-height-wall-cabinet-24d/?attribute_pa_width=w302124&attribute_pa_color=ws,Selected width missing or outside explicitly documented range; Selected height lacks a verified dimensional specification
bvc-3090,Blue Valley,W30182430-WS,"12""-21"" Height Wall Cabinet – 24D",White shaker,,specification_review,,,,,https://bluevalleycabinets.ca/product/12-21-height-wall-cabinet-24d/?attribute_pa_width=w301824&attribute_pa_color=ws,Selected width missing or outside explicitly documented range; Selected height lacks a verified dimensional specification
bvc-3089,Blue Valley,W30152430-WS,"12""-21"" Height Wall Cabinet – 24D",White shaker,,specification_review,,,,,https://bluevalleycabinets.ca/product/12-21-height-wall-cabinet-24d/?attribute_pa_width=w301524&attribute_pa_color=ws,Selected width missing or outside explicitly documented range; Selected height lacks a verified dimensional specification
bvc-3088,Blue Valley,W30122430-WS,"12""-21"" Height Wall Cabinet – 24D",White shaker,,specification_review,,,,,https://bluevalleycabinets.ca/product/12-21-height-wall-cabinet-24d/?attribute_pa_width=w301224&attribute_pa_color=ws,Selected width missing or outside explicitly documented range; Selected height lacks a verified dimensional specification
bvc-3087,Blue Valley,W36212430-NO,"12""-21"" Height Wall Cabinet – 24D",Natural Oak,,specification_review,,,,,https://bluevalleycabinets.ca/product/12-21-height-wall-cabinet-24d/?attribute_pa_width=w362124&attribute_pa_color=oak-2,Selected width missing or outside explicitly documented range; Selected height lacks a verified dimensional specification
bvc-3086,Blue Valley,W36182430-NO,"12""-21"" Height Wall Cabinet – 24D",Natural Oak,,specification_review,,,,,https://bluevalleycabinets.ca/product/12-21-height-wall-cabinet-24d/?attribute_pa_width=w361824&attribute_pa_color=oak-2,Selected width missing or outside explicitly documented range; Selected height lacks a verified dimensional specification
bvc-3085,Blue Valley,W36152430-NO,"12""-21"" Height Wall Cabinet – 24D",Natural Oak,,specification_review,,,,,https://bluevalleycabinets.ca/product/12-21-height-wall-cabinet-24d/?attribute_pa_width=w361524&attribute_pa_color=oak-2,Selected width missing or outside explicitly documented range; Selected height lacks a verified dimensional specification
bvc-3084,Blue Valley,W36122430-NO,"12""-21"" Height Wall Cabinet – 24D",Natural Oak,,specification_review,,,,,https://bluevalleycabinets.ca/product/12-21-height-wall-cabinet-24d/?attribute_pa_width=w361224&attribute_pa_color=oak-2,Selected width missing or outside explicitly documented range; Selected height lacks a verified dimensional specification
bvc-3083,Blue Valley,W30212430-NO,"12""-21"" Height Wall Cabinet – 24D",Natural Oak,,specification_review,,,,,https://bluevalleycabinets.ca/product/12-21-height-wall-cabinet-24d/?attribute_pa_width=w302124&attribute_pa_color=oak-2,Selected width missing or outside explicitly documented range; Selected height lacks a verified dimensional specification
bvc-3082,Blue Valley,W30182430-NO,"12""-21"" Height Wall Cabinet – 24D",Natural Oak,,specification_review,,,,,https://bluevalleycabinets.ca/product/12-21-height-wall-cabinet-24d/?attribute_pa_width=w301824&attribute_pa_color=oak-2,Selected width missing or outside explicitly documented range; Selected height lacks a verified dimensional specification
bvc-3081,Blue Valley,W30152430-NO,"12""-21"" Height Wall Cabinet – 24D",Natural Oak,,specification_review,,,,,https://bluevalleycabinets.ca/product/12-21-height-wall-cabinet-24d/?attribute_pa_width=w301524&attribute_pa_color=oak-2,Selected width missing or outside explicitly documented range; Selected height lacks a verified dimensional specification
bvc-3080,Blue Valley,W30122430-NO,"12""-21"" Height Wall Cabinet – 24D",Natural Oak,,specification_review,,,,,https://bluevalleycabinets.ca/product/12-21-height-wall-cabinet-24d/?attribute_pa_width=w301224&attribute_pa_color=oak-2,Selected width missing or outside explicitly documented range; Selected height lacks a verified dimensional specification
bvc-3079,Blue Valley,W36212430-GW,"12""-21"" Height Wall Cabinet – 24D",Gloss White,,specification_review,,,,,https://bluevalleycabinets.ca/product/12-21-height-wall-cabinet-24d/?attribute_pa_width=w362124&attribute_pa_color=gw,Selected width missing or outside explicitly documented range; Selected height lacks a verified dimensional specification
bvc-3078,Blue Valley,W36182430-GW,"12""-21"" Height Wall Cabinet – 24D",Gloss White,,specification_review,,,,,https://bluevalleycabinets.ca/product/12-21-height-wall-cabinet-24d/?attribute_pa_width=w361824&attribute_pa_color=gw,Selected width missing or outside explicitly documented range; Selected height lacks a verified dimensional specification
bvc-3077,Blue Valley,W36152430-GW,"12""-21"" Height Wall Cabinet – 24D",Gloss White,,specification_review,,,,,https://bluevalleycabinets.ca/product/12-21-height-wall-cabinet-24d/?attribute_pa_width=w361524&attribute_pa_color=gw,Selected width missing or outside explicitly documented range; Selected height lacks a verified dimensional specification
bvc-3076,Blue Valley,W36122430-GW,"12""-21"" Height Wall Cabinet – 24D",Gloss White,,specification_review,,,,,https://bluevalleycabinets.ca/product/12-21-height-wall-cabinet-24d/?attribute_pa_width=w361224&attribute_pa_color=gw,Selected width missing or outside explicitly documented range; Selected height lacks a verified dimensional specification
bvc-3075,Blue Valley,W30212430-GW,"12""-21"" Height Wall Cabinet – 24D",Gloss White,,specification_review,,,,,https://bluevalleycabinets.ca/product/12-21-height-wall-cabinet-24d/?attribute_pa_width=w302124&attribute_pa_color=gw,Selected width missing or outside explicitly documented range; Selected height lacks a verified dimensional specification
bvc-3074,Blue Valley,W30182430-GW,"12""-21"" Height Wall Cabinet – 24D",Gloss White,,specification_review,,,,,https://bluevalleycabinets.ca/product/12-21-height-wall-cabinet-24d/?attribute_pa_width=w301824&attribute_pa_color=gw,Selected width missing or outside explicitly documented range; Selected height lacks a verified dimensional specification
bvc-3073,Blue Valley,W30152430-GW,"12""-21"" Height Wall Cabinet – 24D",Gloss White,,specification_review,,,,,https://bluevalleycabinets.ca/product/12-21-height-wall-cabinet-24d/?attribute_pa_width=w301524&attribute_pa_color=gw,Selected width missing or outside explicitly documented range; Selected height lacks a verified dimensional specification
bvc-3072,Blue Valley,W30122430-GW,"12""-21"" Height Wall Cabinet – 24D",Gloss White,,specification_review,,,,,https://bluevalleycabinets.ca/product/12-21-height-wall-cabinet-24d/?attribute_pa_width=w301224&attribute_pa_color=gw,Selected width missing or outside explicitly documented range; Selected height lacks a verified dimensional specification
bvc-3071,Blue Valley,W36212430-DW,"12""-21"" Height Wall Cabinet – 24D",Dark Walnut,,specification_review,,,,,https://bluevalleycabinets.ca/product/12-21-height-wall-cabinet-24d/?attribute_pa_width=w362124&attribute_pa_color=dw,Selected width missing or outside explicitly documented range; Selected height lacks a verified dimensional specification
bvc-3070,Blue Valley,W36182430-DW,"12""-21"" Height Wall Cabinet – 24D",Dark Walnut,,specification_review,,,,,https://bluevalleycabinets.ca/product/12-21-height-wall-cabinet-24d/?attribute_pa_width=w361824&attribute_pa_color=dw,Selected width missing or outside explicitly documented range; Selected height lacks a verified dimensional specification
bvc-3069,Blue Valley,W36152430-DW,"12""-21"" Height Wall Cabinet – 24D",Dark Walnut,,specification_review,,,,,https://bluevalleycabinets.ca/product/12-21-height-wall-cabinet-24d/?attribute_pa_width=w361524&attribute_pa_color=dw,Selected width missing or outside explicitly documented range; Selected height lacks a verified dimensional specification
bvc-3068,Blue Valley,W36122430-DW,"12""-21"" Height Wall Cabinet – 24D",Dark Walnut,,specification_review,,,,,https://bluevalleycabinets.ca/product/12-21-height-wall-cabinet-24d/?attribute_pa_width=w361224&attribute_pa_color=dw,Selected width missing or outside explicitly documented range; Selected height lacks a verified dimensional specification
bvc-3067,Blue Valley,W30212430-DW,"12""-21"" Height Wall Cabinet – 24D",Dark Walnut,,specification_review,,,,,https://bluevalleycabinets.ca/product/12-21-height-wall-cabinet-24d/?attribute_pa_width=w302124&attribute_pa_color=dw,Selected width missing or outside explicitly documented range; Selected height lacks a verified dimensional specification
bvc-3066,Blue Valley,W30182430-DW,"12""-21"" Height Wall Cabinet – 24D",Dark Walnut,,specification_review,,,,,https://bluevalleycabinets.ca/product/12-21-height-wall-cabinet-24d/?attribute_pa_width=w301824&attribute_pa_color=dw,Selected width missing or outside explicitly documented range; Selected height lacks a verified dimensional specification
bvc-3065,Blue Valley,W30152430-DW,"12""-21"" Height Wall Cabinet – 24D",Dark Walnut,,specification_review,,,,,https://bluevalleycabinets.ca/product/12-21-height-wall-cabinet-24d/?attribute_pa_width=w301524&attribute_pa_color=dw,Selected width missing or outside explicitly documented range; Selected height lacks a verified dimensional specification
bvc-3064,Blue Valley,W30122430-DW,"12""-21"" Height Wall Cabinet – 24D",Dark Walnut,,specification_review,,,,,https://bluevalleycabinets.ca/product/12-21-height-wall-cabinet-24d/?attribute_pa_width=w301224&attribute_pa_color=dw,Selected width missing or outside explicitly documented range; Selected height lacks a verified dimensional specification
bvc-3057,Blue Valley,WSL3618-WS,Wall Single Lift Cabinet,White shaker,,specification_review,,,,,https://bluevalleycabinets.ca/product/wall-single-lift-cabinet/?attribute_pa_width=wsl3618&attribute_pa_color=ws,Selected width missing or outside explicitly documented range; Selected height lacks a verified dimensional specification
bvc-3054,Blue Valley,WSL3018-WS,Wall Single Lift Cabinet,White shaker,,specification_review,,,,,https://bluevalleycabinets.ca/product/wall-single-lift-cabinet/?attribute_pa_width=wsl3018&attribute_pa_color=ws,Selected width missing or outside explicitly documented range; Selected height lacks a verified dimensional specification
bvc-3051,Blue Valley,WSL3618-NO,Wall Single Lift Cabinet,Natural Oak,,specification_review,,,,,https://bluevalleycabinets.ca/product/wall-single-lift-cabinet/?attribute_pa_width=wsl3618&attribute_pa_color=oak-2,Selected width missing or outside explicitly documented range; Selected height lacks a verified dimensional specification
bvc-3048,Blue Valley,WSL3018-NO,Wall Single Lift Cabinet,Natural Oak,,specification_review,,,,,https://bluevalleycabinets.ca/product/wall-single-lift-cabinet/?attribute_pa_width=wsl3018&attribute_pa_color=oak-2,Selected width missing or outside explicitly documented range; Selected height lacks a verified dimensional specification
bvc-3045,Blue Valley,WSL3618-GW,Wall Single Lift Cabinet,Gloss White,,specification_review,,,,,https://bluevalleycabinets.ca/product/wall-single-lift-cabinet/?attribute_pa_width=wsl3618&attribute_pa_color=gw,Selected width missing or outside explicitly documented range; Selected height lacks a verified dimensional specification
bvc-3042,Blue Valley,WSL3018-GW,Wall Single Lift Cabinet,Gloss White,,specification_review,,,,,https://bluevalleycabinets.ca/product/wall-single-lift-cabinet/?attribute_pa_width=wsl3018&attribute_pa_color=gw,Selected width missing or outside explicitly documented range; Selected height lacks a verified dimensional specification
bvc-3039,Blue Valley,WSL3618-DW,Wall Single Lift Cabinet,Dark Walnut,,specification_review,,,,,https://bluevalleycabinets.ca/product/wall-single-lift-cabinet/?attribute_pa_width=wsl3618&attribute_pa_color=dw,Selected width missing or outside explicitly documented range; Selected height lacks a verified dimensional specification
bvc-3036,Blue Valley,WSL3018-DW,Wall Single Lift Cabinet,Dark Walnut,,specification_review,,,,,https://bluevalleycabinets.ca/product/wall-single-lift-cabinet/?attribute_pa_width=wsl3018&attribute_pa_color=dw,Selected width missing or outside explicitly documented range; Selected height lacks a verified dimensional specification
bvc-3027,Blue Valley,W362130-WS,"12""-21"" Height Wall Cabinet – 12D",White shaker,,specification_review,,,,,https://bluevalleycabinets.ca/product/12-21-height_wall_cabinet-12d/?attribute_pa_width=w3621&attribute_pa_color=ws,"Description repeatedly says 12-inch height while variants include 15,18,21-inch heights; Assembled W/H/D and configuration require further verification; shipping units are not used as cabinet measurements"
bvc-3026,Blue Valley,W362130-NO,"12""-21"" Height Wall Cabinet – 12D",Natural Oak,,specification_review,,,,,https://bluevalleycabinets.ca/product/12-21-height_wall_cabinet-12d/?attribute_pa_width=w3621&attribute_pa_color=oak-2,"Description repeatedly says 12-inch height while variants include 15,18,21-inch heights; Assembled W/H/D and configuration require further verification; shipping units are not used as cabinet measurements"
bvc-3025,Blue Valley,W362130-GW,"12""-21"" Height Wall Cabinet – 12D",Gloss White,,specification_review,,,,,https://bluevalleycabinets.ca/product/12-21-height_wall_cabinet-12d/?attribute_pa_width=w3621&attribute_pa_color=gw,"Description repeatedly says 12-inch height while variants include 15,18,21-inch heights; Assembled W/H/D and configuration require further verification; shipping units are not used as cabinet measurements"
bvc-3024,Blue Valley,W362130-DW,"12""-21"" Height Wall Cabinet – 12D",Dark Walnut,,specification_review,,,,,https://bluevalleycabinets.ca/product/12-21-height_wall_cabinet-12d/?attribute_pa_width=w3621&attribute_pa_color=dw,"Description repeatedly says 12-inch height while variants include 15,18,21-inch heights; Assembled W/H/D and configuration require further verification; shipping units are not used as cabinet measurements"
bvc-3023,Blue Valley,W361830-WS,"12""-21"" Height Wall Cabinet – 12D",White shaker,,specification_review,,,,,https://bluevalleycabinets.ca/product/12-21-height_wall_cabinet-12d/?attribute_pa_width=w3618&attribute_pa_color=ws,"Description repeatedly says 12-inch height while variants include 15,18,21-inch heights; Assembled W/H/D and configuration require further verification; shipping units are not used as cabinet measurements"
bvc-3022,Blue Valley,W361830-NO,"12""-21"" Height Wall Cabinet – 12D",Natural Oak,,specification_review,,,,,https://bluevalleycabinets.ca/product/12-21-height_wall_cabinet-12d/?attribute_pa_width=w3618&attribute_pa_color=oak-2,"Description repeatedly says 12-inch height while variants include 15,18,21-inch heights; Assembled W/H/D and configuration require further verification; shipping units are not used as cabinet measurements"
bvc-3021,Blue Valley,W361830-GW,"12""-21"" Height Wall Cabinet – 12D",Gloss White,,specification_review,,,,,https://bluevalleycabinets.ca/product/12-21-height_wall_cabinet-12d/?attribute_pa_width=w3618&attribute_pa_color=gw,"Description repeatedly says 12-inch height while variants include 15,18,21-inch heights; Assembled W/H/D and configuration require further verification; shipping units are not used as cabinet measurements"
bvc-3020,Blue Valley,W361830-DW,"12""-21"" Height Wall Cabinet – 12D",Dark Walnut,,specification_review,,,,,https://bluevalleycabinets.ca/product/12-21-height_wall_cabinet-12d/?attribute_pa_width=w3618&attribute_pa_color=dw,"Description repeatedly says 12-inch height while variants include 15,18,21-inch heights; Assembled W/H/D and configuration require further verification; shipping units are not used as cabinet measurements"
bvc-3019,Blue Valley,W361530-WS,"12""-21"" Height Wall Cabinet – 12D",White shaker,,specification_review,,,,,https://bluevalleycabinets.ca/product/12-21-height_wall_cabinet-12d/?attribute_pa_width=w3615&attribute_pa_color=ws,"Description repeatedly says 12-inch height while variants include 15,18,21-inch heights; Assembled W/H/D and configuration require further verification; shipping units are not used as cabinet measurements"
bvc-3018,Blue Valley,W361530-NO,"12""-21"" Height Wall Cabinet – 12D",Natural Oak,,specification_review,,,,,https://bluevalleycabinets.ca/product/12-21-height_wall_cabinet-12d/?attribute_pa_width=w3615&attribute_pa_color=oak-2,"Description repeatedly says 12-inch height while variants include 15,18,21-inch heights; Assembled W/H/D and configuration require further verification; shipping units are not used as cabinet measurements"
bvc-3017,Blue Valley,W361530-GW,"12""-21"" Height Wall Cabinet – 12D",Gloss White,,specification_review,,,,,https://bluevalleycabinets.ca/product/12-21-height_wall_cabinet-12d/?attribute_pa_width=w3615&attribute_pa_color=gw,"Description repeatedly says 12-inch height while variants include 15,18,21-inch heights; Assembled W/H/D and configuration require further verification; shipping units are not used as cabinet measurements"
bvc-3016,Blue Valley,W361530-DW,"12""-21"" Height Wall Cabinet – 12D",Dark Walnut,,specification_review,,,,,https://bluevalleycabinets.ca/product/12-21-height_wall_cabinet-12d/?attribute_pa_width=w3615&attribute_pa_color=dw,"Description repeatedly says 12-inch height while variants include 15,18,21-inch heights; Assembled W/H/D and configuration require further verification; shipping units are not used as cabinet measurements"
bvc-3015,Blue Valley,W361230-WS,"12""-21"" Height Wall Cabinet – 12D",White shaker,,specification_review,,,,,https://bluevalleycabinets.ca/product/12-21-height_wall_cabinet-12d/?attribute_pa_width=w3612&attribute_pa_color=ws,"Description repeatedly says 12-inch height while variants include 15,18,21-inch heights; Assembled W/H/D and configuration require further verification; shipping units are not used as cabinet measurements"
bvc-3014,Blue Valley,W361230-NO,"12""-21"" Height Wall Cabinet – 12D",Natural Oak,,specification_review,,,,,https://bluevalleycabinets.ca/product/12-21-height_wall_cabinet-12d/?attribute_pa_width=w3612&attribute_pa_color=oak-2,"Description repeatedly says 12-inch height while variants include 15,18,21-inch heights; Assembled W/H/D and configuration require further verification; shipping units are not used as cabinet measurements"
bvc-3013,Blue Valley,W361230-GW,"12""-21"" Height Wall Cabinet – 12D",Gloss White,,specification_review,,,,,https://bluevalleycabinets.ca/product/12-21-height_wall_cabinet-12d/?attribute_pa_width=w3612&attribute_pa_color=gw,"Description repeatedly says 12-inch height while variants include 15,18,21-inch heights; Assembled W/H/D and configuration require further verification; shipping units are not used as cabinet measurements"
bvc-3012,Blue Valley,W361230-DW,"12""-21"" Height Wall Cabinet – 12D",Dark Walnut,,specification_review,,,,,https://bluevalleycabinets.ca/product/12-21-height_wall_cabinet-12d/?attribute_pa_width=w3612&attribute_pa_color=dw,"Description repeatedly says 12-inch height while variants include 15,18,21-inch heights; Assembled W/H/D and configuration require further verification; shipping units are not used as cabinet measurements"
bvc-3011,Blue Valley,W302130-WS,"12""-21"" Height Wall Cabinet – 12D",White shaker,,specification_review,,,,,https://bluevalleycabinets.ca/product/12-21-height_wall_cabinet-12d/?attribute_pa_width=w3021&attribute_pa_color=ws,"Description repeatedly says 12-inch height while variants include 15,18,21-inch heights; Assembled W/H/D and configuration require further verification; shipping units are not used as cabinet measurements"
bvc-3010,Blue Valley,W302130-NO,"12""-21"" Height Wall Cabinet – 12D",Natural Oak,,specification_review,,,,,https://bluevalleycabinets.ca/product/12-21-height_wall_cabinet-12d/?attribute_pa_width=w3021&attribute_pa_color=oak-2,"Description repeatedly says 12-inch height while variants include 15,18,21-inch heights; Assembled W/H/D and configuration require further verification; shipping units are not used as cabinet measurements"
bvc-3009,Blue Valley,W302130-GW,"12""-21"" Height Wall Cabinet – 12D",Gloss White,,specification_review,,,,,https://bluevalleycabinets.ca/product/12-21-height_wall_cabinet-12d/?attribute_pa_width=w3021&attribute_pa_color=gw,"Description repeatedly says 12-inch height while variants include 15,18,21-inch heights; Assembled W/H/D and configuration require further verification; shipping units are not used as cabinet measurements"
bvc-3008,Blue Valley,W302130-DW,"12""-21"" Height Wall Cabinet – 12D",Dark Walnut,,specification_review,,,,,https://bluevalleycabinets.ca/product/12-21-height_wall_cabinet-12d/?attribute_pa_width=w3021&attribute_pa_color=dw,"Description repeatedly says 12-inch height while variants include 15,18,21-inch heights; Assembled W/H/D and configuration require further verification; shipping units are not used as cabinet measurements"
bvc-3007,Blue Valley,W301830-WS,"12""-21"" Height Wall Cabinet – 12D",White shaker,,specification_review,,,,,https://bluevalleycabinets.ca/product/12-21-height_wall_cabinet-12d/?attribute_pa_width=w3018&attribute_pa_color=ws,"Description repeatedly says 12-inch height while variants include 15,18,21-inch heights; Assembled W/H/D and configuration require further verification; shipping units are not used as cabinet measurements"
bvc-3006,Blue Valley,W301830-NO,"12""-21"" Height Wall Cabinet – 12D",Natural Oak,,specification_review,,,,,https://bluevalleycabinets.ca/product/12-21-height_wall_cabinet-12d/?attribute_pa_width=w3018&attribute_pa_color=oak-2,"Description repeatedly says 12-inch height while variants include 15,18,21-inch heights; Assembled W/H/D and configuration require further verification; shipping units are not used as cabinet measurements"
bvc-3005,Blue Valley,W301830-GW,"12""-21"" Height Wall Cabinet – 12D",Gloss White,,specification_review,,,,,https://bluevalleycabinets.ca/product/12-21-height_wall_cabinet-12d/?attribute_pa_width=w3018&attribute_pa_color=gw,"Description repeatedly says 12-inch height while variants include 15,18,21-inch heights; Assembled W/H/D and configuration require further verification; shipping units are not used as cabinet measurements"
bvc-3004,Blue Valley,W301830-DW,"12""-21"" Height Wall Cabinet – 12D",Dark Walnut,,specification_review,,,,,https://bluevalleycabinets.ca/product/12-21-height_wall_cabinet-12d/?attribute_pa_width=w3018&attribute_pa_color=dw,"Description repeatedly says 12-inch height while variants include 15,18,21-inch heights; Assembled W/H/D and configuration require further verification; shipping units are not used as cabinet measurements"
bvc-3003,Blue Valley,W301530-WS,"12""-21"" Height Wall Cabinet – 12D",White shaker,,specification_review,,,,,https://bluevalleycabinets.ca/product/12-21-height_wall_cabinet-12d/?attribute_pa_width=w3015&attribute_pa_color=ws,"Description repeatedly says 12-inch height while variants include 15,18,21-inch heights; Assembled W/H/D and configuration require further verification; shipping units are not used as cabinet measurements"
bvc-3002,Blue Valley,W301530-NO,"12""-21"" Height Wall Cabinet – 12D",Natural Oak,,specification_review,,,,,https://bluevalleycabinets.ca/product/12-21-height_wall_cabinet-12d/?attribute_pa_width=w3015&attribute_pa_color=oak-2,"Description repeatedly says 12-inch height while variants include 15,18,21-inch heights; Assembled W/H/D and configuration require further verification; shipping units are not used as cabinet measurements"
bvc-3001,Blue Valley,W301530-GW,"12""-21"" Height Wall Cabinet – 12D",Gloss White,,specification_review,,,,,https://bluevalleycabinets.ca/product/12-21-height_wall_cabinet-12d/?attribute_pa_width=w3015&attribute_pa_color=gw,"Description repeatedly says 12-inch height while variants include 15,18,21-inch heights; Assembled W/H/D and configuration require further verification; shipping units are not used as cabinet measurements"
bvc-3000,Blue Valley,W301530-DW,"12""-21"" Height Wall Cabinet – 12D",Dark Walnut,,specification_review,,,,,https://bluevalleycabinets.ca/product/12-21-height_wall_cabinet-12d/?attribute_pa_width=w3015&attribute_pa_color=dw,"Description repeatedly says 12-inch height while variants include 15,18,21-inch heights; Assembled W/H/D and configuration require further verification; shipping units are not used as cabinet measurements"
bvc-2999,Blue Valley,W301230-WS,"12""-21"" Height Wall Cabinet – 12D",White shaker,,specification_review,,,,,https://bluevalleycabinets.ca/product/12-21-height_wall_cabinet-12d/?attribute_pa_width=w3012&attribute_pa_color=ws,"Description repeatedly says 12-inch height while variants include 15,18,21-inch heights; Assembled W/H/D and configuration require further verification; shipping units are not used as cabinet measurements"
bvc-2998,Blue Valley,W301230-NO,"12""-21"" Height Wall Cabinet – 12D",Natural Oak,,specification_review,,,,,https://bluevalleycabinets.ca/product/12-21-height_wall_cabinet-12d/?attribute_pa_width=w3012&attribute_pa_color=oak-2,"Description repeatedly says 12-inch height while variants include 15,18,21-inch heights; Assembled W/H/D and configuration require further verification; shipping units are not used as cabinet measurements"
bvc-2997,Blue Valley,W301230-GW,"12""-21"" Height Wall Cabinet – 12D",Gloss White,,specification_review,,,,,https://bluevalleycabinets.ca/product/12-21-height_wall_cabinet-12d/?attribute_pa_width=w3012&attribute_pa_color=gw,"Description repeatedly says 12-inch height while variants include 15,18,21-inch heights; Assembled W/H/D and configuration require further verification; shipping units are not used as cabinet measurements"
bvc-2996,Blue Valley,W301230-DW,"12""-21"" Height Wall Cabinet – 12D",Dark Walnut,,specification_review,,,,,https://bluevalleycabinets.ca/product/12-21-height_wall_cabinet-12d/?attribute_pa_width=w3012&attribute_pa_color=dw,"Description repeatedly says 12-inch height while variants include 15,18,21-inch heights; Assembled W/H/D and configuration require further verification; shipping units are not used as cabinet measurements"
bvc-2938,Blue Valley,GD2181,Glass Closet Door,,,specification_review,,,,,https://bluevalleycabinets.ca/product/modern-full-glass-closet-door-with-narrow-gray-aluminum-frame-81-height-frameless-look-tempered-glass-soft-close-compatible-premium-replacement-door-for-closet/?attribute_pa_width=gd2181,Assembled W/H/D and configuration require further verification; shipping units are not used as cabinet measurements
bvc-2937,Blue Valley,GD1881,Glass Closet Door,,,specification_review,,,,,https://bluevalleycabinets.ca/product/modern-full-glass-closet-door-with-narrow-gray-aluminum-frame-81-height-frameless-look-tempered-glass-soft-close-compatible-premium-replacement-door-for-closet/?attribute_pa_width=gd1881,Assembled W/H/D and configuration require further verification; shipping units are not used as cabinet measurements
bvc-2936,Blue Valley,GD1581,Glass Closet Door,,,specification_review,,,,,https://bluevalleycabinets.ca/product/modern-full-glass-closet-door-with-narrow-gray-aluminum-frame-81-height-frameless-look-tempered-glass-soft-close-compatible-premium-replacement-door-for-closet/?attribute_pa_width=gd1581,Assembled W/H/D and configuration require further verification; shipping units are not used as cabinet measurements
bvc-2935,Blue Valley,GD1281,Glass Closet Door,,,specification_review,,,,,https://bluevalleycabinets.ca/product/modern-full-glass-closet-door-with-narrow-gray-aluminum-frame-81-height-frameless-look-tempered-glass-soft-close-compatible-premium-replacement-door-for-closet/?attribute_pa_width=gd1281,Assembled W/H/D and configuration require further verification; shipping units are not used as cabinet measurements
bvc-2905,Blue Valley,C3621-PW,"Closet Top Box – 16"" Depth",PREMIUM WHITE,,specification_review,,,,,https://bluevalleycabinets.ca/product/closet-top-box-24-depth/?attribute_pa_width=36-w&attribute_pa_color=premium-white,Assembled W/H/D and configuration require further verification; shipping units are not used as cabinet measurements
bvc-2904,Blue Valley,C3621-LO,"Closet Top Box – 16"" Depth",Light Oak,,specification_review,,,,,https://bluevalleycabinets.ca/product/closet-top-box-24-depth/?attribute_pa_width=36-w&attribute_pa_color=light-oak,Assembled W/H/D and configuration require further verification; shipping units are not used as cabinet measurements
bvc-2903,Blue Valley,C3621,"Closet Top Box – 16"" Depth",Kansas Oak,,specification_review,,,,,https://bluevalleycabinets.ca/product/closet-top-box-24-depth/?attribute_pa_width=36-w&attribute_pa_color=kansas-oak,Assembled W/H/D and configuration require further verification; shipping units are not used as cabinet measurements
bvc-2902,Blue Valley,C3021-PW,"Closet Top Box – 16"" Depth",PREMIUM WHITE,,specification_review,,,,,https://bluevalleycabinets.ca/product/closet-top-box-24-depth/?attribute_pa_width=30-w&attribute_pa_color=premium-white,Assembled W/H/D and configuration require further verification; shipping units are not used as cabinet measurements
bvc-2901,Blue Valley,C3021-LO,"Closet Top Box – 16"" Depth",Light Oak,,specification_review,,,,,https://bluevalleycabinets.ca/product/closet-top-box-24-depth/?attribute_pa_width=30-w&attribute_pa_color=light-oak,Assembled W/H/D and configuration require further verification; shipping units are not used as cabinet measurements
bvc-2900,Blue Valley,C3021,"Closet Top Box – 16"" Depth",Kansas Oak,,specification_review,,,,,https://bluevalleycabinets.ca/product/closet-top-box-24-depth/?attribute_pa_width=30-w&attribute_pa_color=kansas-oak,Assembled W/H/D and configuration require further verification; shipping units are not used as cabinet measurements
bvc-2899,Blue Valley,C2421-PW,"Closet Top Box – 16"" Depth",PREMIUM WHITE,,specification_review,,,,,https://bluevalleycabinets.ca/product/closet-top-box-24-depth/?attribute_pa_width=24-width&attribute_pa_color=premium-white,Assembled W/H/D and configuration require further verification; shipping units are not used as cabinet measurements
bvc-2898,Blue Valley,C2421-LO,"Closet Top Box – 16"" Depth",Light Oak,,specification_review,,,,,https://bluevalleycabinets.ca/product/closet-top-box-24-depth/?attribute_pa_width=24-width&attribute_pa_color=light-oak,Assembled W/H/D and configuration require further verification; shipping units are not used as cabinet measurements
bvc-2897,Blue Valley,C2421,"Closet Top Box – 16"" Depth",Kansas Oak,,specification_review,,,,,https://bluevalleycabinets.ca/product/closet-top-box-24-depth/?attribute_pa_width=24-width&attribute_pa_color=kansas-oak,Assembled W/H/D and configuration require further verification; shipping units are not used as cabinet measurements
bvc-2896,Blue Valley,C2121-PW,"Closet Top Box – 16"" Depth",PREMIUM WHITE,,specification_review,,,,,https://bluevalleycabinets.ca/product/closet-top-box-24-depth/?attribute_pa_width=21-w&attribute_pa_color=premium-white,Assembled W/H/D and configuration require further verification; shipping units are not used as cabinet measurements
bvc-2895,Blue Valley,C2121-LO,"Closet Top Box – 16"" Depth",Light Oak,,specification_review,,,,,https://bluevalleycabinets.ca/product/closet-top-box-24-depth/?attribute_pa_width=21-w&attribute_pa_color=light-oak,Assembled W/H/D and configuration require further verification; shipping units are not used as cabinet measurements
bvc-2894,Blue Valley,C2121,"Closet Top Box – 16"" Depth",Kansas Oak,,specification_review,,,,,https://bluevalleycabinets.ca/product/closet-top-box-24-depth/?attribute_pa_width=21-w&attribute_pa_color=kansas-oak,Assembled W/H/D and configuration require further verification; shipping units are not used as cabinet measurements
bvc-2893,Blue Valley,C1821-PW,"Closet Top Box – 16"" Depth",PREMIUM WHITE,,specification_review,,,,,https://bluevalleycabinets.ca/product/closet-top-box-24-depth/?attribute_pa_width=18-w&attribute_pa_color=premium-white,Assembled W/H/D and configuration require further verification; shipping units are not used as cabinet measurements
bvc-2892,Blue Valley,C1821-LO,"Closet Top Box – 16"" Depth",Light Oak,,specification_review,,,,,https://bluevalleycabinets.ca/product/closet-top-box-24-depth/?attribute_pa_width=18-w&attribute_pa_color=light-oak,Assembled W/H/D and configuration require further verification; shipping units are not used as cabinet measurements
bvc-2891,Blue Valley,C1821,"Closet Top Box – 16"" Depth",Kansas Oak,,specification_review,,,,,https://bluevalleycabinets.ca/product/closet-top-box-24-depth/?attribute_pa_width=18-w&attribute_pa_color=kansas-oak,Assembled W/H/D and configuration require further verification; shipping units are not used as cabinet measurements
bvc-2890,Blue Valley,C1521-PW,"Closet Top Box – 16"" Depth",PREMIUM WHITE,,specification_review,,,,,https://bluevalleycabinets.ca/product/closet-top-box-24-depth/?attribute_pa_width=15-4&attribute_pa_color=premium-white,Assembled W/H/D and configuration require further verification; shipping units are not used as cabinet measurements
bvc-2889,Blue Valley,C1521-LO,"Closet Top Box – 16"" Depth",Light Oak,,specification_review,,,,,https://bluevalleycabinets.ca/product/closet-top-box-24-depth/?attribute_pa_width=15-4&attribute_pa_color=light-oak,Assembled W/H/D and configuration require further verification; shipping units are not used as cabinet measurements
bvc-2888,Blue Valley,C1521,"Closet Top Box – 16"" Depth",Kansas Oak,,specification_review,,,,,https://bluevalleycabinets.ca/product/closet-top-box-24-depth/?attribute_pa_width=15-4&attribute_pa_color=kansas-oak,Assembled W/H/D and configuration require further verification; shipping units are not used as cabinet measurements
bvc-2861,Blue Valley,OD36D,Closet Jewelry Rack,,,specification_review,,,,,https://bluevalleycabinets.ca/product/30-pull-out-jewelry-drawer-organizer-closet/?attribute_pa_depth=24-depth&attribute_pa_width=36-w,Assembled W/H/D and configuration require further verification; shipping units are not used as cabinet measurements
bvc-2860,Blue Valley,OD36,Closet Jewelry Rack,,,specification_review,,,,,https://bluevalleycabinets.ca/product/30-pull-out-jewelry-drawer-organizer-closet/?attribute_pa_depth=15-5-8-depth&attribute_pa_width=36-w,Assembled W/H/D and configuration require further verification; shipping units are not used as cabinet measurements
bvc-2859,Blue Valley,OD30D,Closet Jewelry Rack,,,specification_review,,,,,https://bluevalleycabinets.ca/product/30-pull-out-jewelry-drawer-organizer-closet/?attribute_pa_depth=24-depth&attribute_pa_width=30-w,Assembled W/H/D and configuration require further verification; shipping units are not used as cabinet measurements
bvc-2858,Blue Valley,OD30,Closet Jewelry Rack,,,specification_review,,,,,https://bluevalleycabinets.ca/product/30-pull-out-jewelry-drawer-organizer-closet/?attribute_pa_depth=15-5-8-depth&attribute_pa_width=30-w,Assembled W/H/D and configuration require further verification; shipping units are not used as cabinet measurements
bvc-2848,Blue Valley,TR36D,Closet Pants Rack,,,specification_review,,,,,https://bluevalleycabinets.ca/product/30-pull-out-pants-rack-closet/?attribute_pa_depth=24-depth&attribute_pa_width=36-w,Assembled W/H/D and configuration require further verification; shipping units are not used as cabinet measurements
bvc-2847,Blue Valley,TR36,Closet Pants Rack,,,specification_review,,,,,https://bluevalleycabinets.ca/product/30-pull-out-pants-rack-closet/?attribute_pa_depth=15-5-8-depth&attribute_pa_width=36-w,Assembled W/H/D and configuration require further verification; shipping units are not used as cabinet measurements
bvc-2846,Blue Valley,TR30D,Closet Pants Rack,,,specification_review,,,,,https://bluevalleycabinets.ca/product/30-pull-out-pants-rack-closet/?attribute_pa_depth=24-depth&attribute_pa_width=30-w,Assembled W/H/D and configuration require further verification; shipping units are not used as cabinet measurements
bvc-2845,Blue Valley,TR30,Closet Pants Rack,,,specification_review,,,,,https://bluevalleycabinets.ca/product/30-pull-out-pants-rack-closet/?attribute_pa_depth=15-5-8-depth&attribute_pa_width=30-w,Assembled W/H/D and configuration require further verification; shipping units are not used as cabinet measurements
bvc-2841,Blue Valley,BSK36D,Closet Storage Basket,,,specification_review,,,,,https://bluevalleycabinets.ca/product/pull-out-wire-basket-for-closet-organizer/?attribute_pa_width=36-w&attribute_pa_depth=24-depth,Assembled W/H/D and configuration require further verification; shipping units are not used as cabinet measurements
bvc-2840,Blue Valley,BSK36,Closet Storage Basket,,,specification_review,,,,,https://bluevalleycabinets.ca/product/pull-out-wire-basket-for-closet-organizer/?attribute_pa_width=36-w&attribute_pa_depth=15-5-8-depth,Assembled W/H/D and configuration require further verification; shipping units are not used as cabinet measurements
bvc-2839,Blue Valley,BSK30D,Closet Storage Basket,,,specification_review,,,,,https://bluevalleycabinets.ca/product/pull-out-wire-basket-for-closet-organizer/?attribute_pa_width=30-w&attribute_pa_depth=24-depth,Assembled W/H/D and configuration require further verification; shipping units are not used as cabinet measurements
bvc-2838,Blue Valley,BSK30,Closet Storage Basket,,,specification_review,,,,,https://bluevalleycabinets.ca/product/pull-out-wire-basket-for-closet-organizer/?attribute_pa_width=30-w&attribute_pa_depth=15-5-8-depth,Assembled W/H/D and configuration require further verification; shipping units are not used as cabinet measurements
bvc-2642,Blue Valley,V3632-WS,Floating Vanity Drawer Cabinet,White shaker,,specification_review,,,,,https://bluevalleycabinets.ca/product/floating-vanity-drawer-cabinet/?attribute_pa_width=36-w&attribute_pa_color=ws,Assembled W/H/D and configuration require further verification; shipping units are not used as cabinet measurements
bvc-2641,Blue Valley,V3632-NO,Floating Vanity Drawer Cabinet,Natural Oak,,specification_review,,,,,https://bluevalleycabinets.ca/product/floating-vanity-drawer-cabinet/?attribute_pa_width=36-w&attribute_pa_color=oak-2,Assembled W/H/D and configuration require further verification; shipping units are not used as cabinet measurements
bvc-2640,Blue Valley,V3632-GW,Floating Vanity Drawer Cabinet,Gloss White,,specification_review,,,,,https://bluevalleycabinets.ca/product/floating-vanity-drawer-cabinet/?attribute_pa_width=36-w&attribute_pa_color=gw,Assembled W/H/D and configuration require further verification; shipping units are not used as cabinet measurements
bvc-2639,Blue Valley,V3632-DW,Floating Vanity Drawer Cabinet,Dark Walnut,,specification_review,,,,,https://bluevalleycabinets.ca/product/floating-vanity-drawer-cabinet/?attribute_pa_width=36-w&attribute_pa_color=dw,Assembled W/H/D and configuration require further verification; shipping units are not used as cabinet measurements
bvc-2638,Blue Valley,V3332-WS,Floating Vanity Drawer Cabinet,White shaker,,specification_review,,,,,https://bluevalleycabinets.ca/product/floating-vanity-drawer-cabinet/?attribute_pa_width=33-4&attribute_pa_color=ws,Assembled W/H/D and configuration require further verification; shipping units are not used as cabinet measurements
bvc-2637,Blue Valley,V3332-NO,Floating Vanity Drawer Cabinet,Natural Oak,,specification_review,,,,,https://bluevalleycabinets.ca/product/floating-vanity-drawer-cabinet/?attribute_pa_width=33-4&attribute_pa_color=oak-2,Assembled W/H/D and configuration require further verification; shipping units are not used as cabinet measurements
bvc-2636,Blue Valley,V3332-GW,Floating Vanity Drawer Cabinet,Gloss White,,specification_review,,,,,https://bluevalleycabinets.ca/product/floating-vanity-drawer-cabinet/?attribute_pa_width=33-4&attribute_pa_color=gw,Assembled W/H/D and configuration require further verification; shipping units are not used as cabinet measurements
bvc-2635,Blue Valley,V3332-DW,Floating Vanity Drawer Cabinet,Dark Walnut,,specification_review,,,,,https://bluevalleycabinets.ca/product/floating-vanity-drawer-cabinet/?attribute_pa_width=33-4&attribute_pa_color=dw,Assembled W/H/D and configuration require further verification; shipping units are not used as cabinet measurements
bvc-2634,Blue Valley,V3032-WS,Floating Vanity Drawer Cabinet,White shaker,,specification_review,,,,,https://bluevalleycabinets.ca/product/floating-vanity-drawer-cabinet/?attribute_pa_width=30-w&attribute_pa_color=ws,Assembled W/H/D and configuration require further verification; shipping units are not used as cabinet measurements
bvc-2633,Blue Valley,V3032-NO,Floating Vanity Drawer Cabinet,Natural Oak,,specification_review,,,,,https://bluevalleycabinets.ca/product/floating-vanity-drawer-cabinet/?attribute_pa_width=30-w&attribute_pa_color=oak-2,Assembled W/H/D and configuration require further verification; shipping units are not used as cabinet measurements
bvc-2632,Blue Valley,V3032-GW,Floating Vanity Drawer Cabinet,Gloss White,,specification_review,,,,,https://bluevalleycabinets.ca/product/floating-vanity-drawer-cabinet/?attribute_pa_width=30-w&attribute_pa_color=gw,Assembled W/H/D and configuration require further verification; shipping units are not used as cabinet measurements
bvc-2631,Blue Valley,V3032-DW,Floating Vanity Drawer Cabinet,Dark Walnut,,specification_review,,,,,https://bluevalleycabinets.ca/product/floating-vanity-drawer-cabinet/?attribute_pa_width=30-w&attribute_pa_color=dw,Assembled W/H/D and configuration require further verification; shipping units are not used as cabinet measurements
bvc-2630,Blue Valley,FVDB27-WS,Floating Vanity Drawer Cabinet,White shaker,,specification_review,,,,,https://bluevalleycabinets.ca/product/floating-vanity-drawer-cabinet/?attribute_pa_width=27-w&attribute_pa_color=ws,Assembled W/H/D and configuration require further verification; shipping units are not used as cabinet measurements
bvc-2629,Blue Valley,FVDB27-NO,Floating Vanity Drawer Cabinet,Natural Oak,,specification_review,,,,,https://bluevalleycabinets.ca/product/floating-vanity-drawer-cabinet/?attribute_pa_width=27-w&attribute_pa_color=oak-2,Assembled W/H/D and configuration require further verification; shipping units are not used as cabinet measurements
bvc-2628,Blue Valley,FVDB27-GW,Floating Vanity Drawer Cabinet,Gloss White,,specification_review,,,,,https://bluevalleycabinets.ca/product/floating-vanity-drawer-cabinet/?attribute_pa_width=27-w&attribute_pa_color=gw,Assembled W/H/D and configuration require further verification; shipping units are not used as cabinet measurements
bvc-2627,Blue Valley,FVDB27,Floating Vanity Drawer Cabinet,Dark Walnut,,specification_review,,,,,https://bluevalleycabinets.ca/product/floating-vanity-drawer-cabinet/?attribute_pa_width=27-w&attribute_pa_color=dw,Assembled W/H/D and configuration require further verification; shipping units are not used as cabinet measurements
bvc-2626,Blue Valley,FVDB24-WS,Floating Vanity Drawer Cabinet,White shaker,,specification_review,,,,,https://bluevalleycabinets.ca/product/floating-vanity-drawer-cabinet/?attribute_pa_width=24-width&attribute_pa_color=ws,Assembled W/H/D and configuration require further verification; shipping units are not used as cabinet measurements
bvc-2625,Blue Valley,FVDB24-NO,Floating Vanity Drawer Cabinet,Natural Oak,,specification_review,,,,,https://bluevalleycabinets.ca/product/floating-vanity-drawer-cabinet/?attribute_pa_width=24-width&attribute_pa_color=oak-2,Assembled W/H/D and configuration require further verification; shipping units are not used as cabinet measurements
bvc-2624,Blue Valley,FVDB24-GW,Floating Vanity Drawer Cabinet,Gloss White,,specification_review,,,,,https://bluevalleycabinets.ca/product/floating-vanity-drawer-cabinet/?attribute_pa_width=24-width&attribute_pa_color=gw,Assembled W/H/D and configuration require further verification; shipping units are not used as cabinet measurements
bvc-2623,Blue Valley,FVDB24,Floating Vanity Drawer Cabinet,Dark Walnut,,specification_review,,,,,https://bluevalleycabinets.ca/product/floating-vanity-drawer-cabinet/?attribute_pa_width=24-width&attribute_pa_color=dw,Assembled W/H/D and configuration require further verification; shipping units are not used as cabinet measurements
bvc-2622,Blue Valley,FVDB21-WS,Floating Vanity Drawer Cabinet,White shaker,,specification_review,,,,,https://bluevalleycabinets.ca/product/floating-vanity-drawer-cabinet/?attribute_pa_width=21-w&attribute_pa_color=ws,Assembled W/H/D and configuration require further verification; shipping units are not used as cabinet measurements
bvc-2621,Blue Valley,FVDB21-NO,Floating Vanity Drawer Cabinet,Natural Oak,,specification_review,,,,,https://bluevalleycabinets.ca/product/floating-vanity-drawer-cabinet/?attribute_pa_width=21-w&attribute_pa_color=oak-2,Assembled W/H/D and configuration require further verification; shipping units are not used as cabinet measurements
bvc-2620,Blue Valley,FVDB21-GW,Floating Vanity Drawer Cabinet,Gloss White,,specification_review,,,,,https://bluevalleycabinets.ca/product/floating-vanity-drawer-cabinet/?attribute_pa_width=21-w&attribute_pa_color=gw,Assembled W/H/D and configuration require further verification; shipping units are not used as cabinet measurements
bvc-2619,Blue Valley,FVDB21,Floating Vanity Drawer Cabinet,Dark Walnut,,specification_review,,,,,https://bluevalleycabinets.ca/product/floating-vanity-drawer-cabinet/?attribute_pa_width=21-w&attribute_pa_color=dw,Assembled W/H/D and configuration require further verification; shipping units are not used as cabinet measurements
bvc-2618,Blue Valley,FVDB18-WS,Floating Vanity Drawer Cabinet,White shaker,,specification_review,,,,,https://bluevalleycabinets.ca/product/floating-vanity-drawer-cabinet/?attribute_pa_width=18-w&attribute_pa_color=ws,Assembled W/H/D and configuration require further verification; shipping units are not used as cabinet measurements
bvc-2617,Blue Valley,FVDB18-NO,Floating Vanity Drawer Cabinet,Natural Oak,,specification_review,,,,,https://bluevalleycabinets.ca/product/floating-vanity-drawer-cabinet/?attribute_pa_width=18-w&attribute_pa_color=oak-2,Assembled W/H/D and configuration require further verification; shipping units are not used as cabinet measurements
bvc-2616,Blue Valley,FVDB18-GW,Floating Vanity Drawer Cabinet,Gloss White,,specification_review,,,,,https://bluevalleycabinets.ca/product/floating-vanity-drawer-cabinet/?attribute_pa_width=18-w&attribute_pa_color=gw,Assembled W/H/D and configuration require further verification; shipping units are not used as cabinet measurements
bvc-2615,Blue Valley,FVDB18,Floating Vanity Drawer Cabinet,Dark Walnut,,specification_review,,,,,https://bluevalleycabinets.ca/product/floating-vanity-drawer-cabinet/?attribute_pa_width=18-w&attribute_pa_color=dw,Assembled W/H/D and configuration require further verification; shipping units are not used as cabinet measurements
bvc-2614,Blue Valley,FVDB15-WS,Floating Vanity Drawer Cabinet,White shaker,,specification_review,,,,,https://bluevalleycabinets.ca/product/floating-vanity-drawer-cabinet/?attribute_pa_width=15-4&attribute_pa_color=ws,Assembled W/H/D and configuration require further verification; shipping units are not used as cabinet measurements
bvc-2613,Blue Valley,FVDB15-NO,Floating Vanity Drawer Cabinet,Natural Oak,,specification_review,,,,,https://bluevalleycabinets.ca/product/floating-vanity-drawer-cabinet/?attribute_pa_width=15-4&attribute_pa_color=oak-2,Assembled W/H/D and configuration require further verification; shipping units are not used as cabinet measurements
bvc-2612,Blue Valley,FVDB15-GW,Floating Vanity Drawer Cabinet,Gloss White,,specification_review,,,,,https://bluevalleycabinets.ca/product/floating-vanity-drawer-cabinet/?attribute_pa_width=15-4&attribute_pa_color=gw,Assembled W/H/D and configuration require further verification; shipping units are not used as cabinet measurements
bvc-2611,Blue Valley,FVDB15,Floating Vanity Drawer Cabinet,Dark Walnut,,specification_review,,,,,https://bluevalleycabinets.ca/product/floating-vanity-drawer-cabinet/?attribute_pa_width=15-4&attribute_pa_color=dw,Assembled W/H/D and configuration require further verification; shipping units are not used as cabinet measurements
bvc-2610,Blue Valley,FVDB12-WS,Floating Vanity Drawer Cabinet,White shaker,,specification_review,,,,,https://bluevalleycabinets.ca/product/floating-vanity-drawer-cabinet/?attribute_pa_width=12-3&attribute_pa_color=ws,Assembled W/H/D and configuration require further verification; shipping units are not used as cabinet measurements
bvc-2609,Blue Valley,FVDB12-NO,Floating Vanity Drawer Cabinet,Natural Oak,,specification_review,,,,,https://bluevalleycabinets.ca/product/floating-vanity-drawer-cabinet/?attribute_pa_width=12-3&attribute_pa_color=oak-2,Assembled W/H/D and configuration require further verification; shipping units are not used as cabinet measurements
bvc-2608,Blue Valley,FVDB12-GW,Floating Vanity Drawer Cabinet,Gloss White,,specification_review,,,,,https://bluevalleycabinets.ca/product/floating-vanity-drawer-cabinet/?attribute_pa_width=12-3&attribute_pa_color=gw,Assembled W/H/D and configuration require further verification; shipping units are not used as cabinet measurements
bvc-2607,Blue Valley,FVDB12,Floating Vanity Drawer Cabinet,Dark Walnut,,specification_review,,,,,https://bluevalleycabinets.ca/product/floating-vanity-drawer-cabinet/?attribute_pa_width=12-3&attribute_pa_color=dw,Assembled W/H/D and configuration require further verification; shipping units are not used as cabinet measurements
bvc-2600,Blue Valley,FVSD36-WS,Floating Vanity Drawer Sink Cabinet – 2 Drawers,White shaker,,specification_review,,,,,https://bluevalleycabinets.ca/product/floating-vanity-drawer-sink-cabinet-2-drawers/?attribute_pa_width=36-w&attribute_pa_color=ws,Two drawers specified but described drawer heights sum to more than overall cabinet height; Assembled W/H/D and configuration require further verification; shipping units are not used as cabinet measurements
bvc-2599,Blue Valley,FVSD36-NO,Floating Vanity Drawer Sink Cabinet – 2 Drawers,Natural Oak,,specification_review,,,,,https://bluevalleycabinets.ca/product/floating-vanity-drawer-sink-cabinet-2-drawers/?attribute_pa_width=36-w&attribute_pa_color=oak-2,Two drawers specified but described drawer heights sum to more than overall cabinet height; Assembled W/H/D and configuration require further verification; shipping units are not used as cabinet measurements
bvc-2598,Blue Valley,FVSD36-GW,Floating Vanity Drawer Sink Cabinet – 2 Drawers,Gloss White,,specification_review,,,,,https://bluevalleycabinets.ca/product/floating-vanity-drawer-sink-cabinet-2-drawers/?attribute_pa_width=36-w&attribute_pa_color=gw,Two drawers specified but described drawer heights sum to more than overall cabinet height; Assembled W/H/D and configuration require further verification; shipping units are not used as cabinet measurements
bvc-2597,Blue Valley,FVSD36,Floating Vanity Drawer Sink Cabinet – 2 Drawers,Dark Walnut,,specification_review,,,,,https://bluevalleycabinets.ca/product/floating-vanity-drawer-sink-cabinet-2-drawers/?attribute_pa_width=36-w&attribute_pa_color=dw,Two drawers specified but described drawer heights sum to more than overall cabinet height; Assembled W/H/D and configuration require further verification; shipping units are not used as cabinet measurements
bvc-2596,Blue Valley,FVSD30-WS,Floating Vanity Drawer Sink Cabinet – 2 Drawers,White shaker,,specification_review,,,,,https://bluevalleycabinets.ca/product/floating-vanity-drawer-sink-cabinet-2-drawers/?attribute_pa_width=30-w&attribute_pa_color=ws,Two drawers specified but described drawer heights sum to more than overall cabinet height; Assembled W/H/D and configuration require further verification; shipping units are not used as cabinet measurements
bvc-2595,Blue Valley,FVSD30-NO,Floating Vanity Drawer Sink Cabinet – 2 Drawers,Natural Oak,,specification_review,,,,,https://bluevalleycabinets.ca/product/floating-vanity-drawer-sink-cabinet-2-drawers/?attribute_pa_width=30-w&attribute_pa_color=oak-2,Two drawers specified but described drawer heights sum to more than overall cabinet height; Assembled W/H/D and configuration require further verification; shipping units are not used as cabinet measurements
bvc-2594,Blue Valley,FVSD30-GW,Floating Vanity Drawer Sink Cabinet – 2 Drawers,Gloss White,,specification_review,,,,,https://bluevalleycabinets.ca/product/floating-vanity-drawer-sink-cabinet-2-drawers/?attribute_pa_width=30-w&attribute_pa_color=gw,Two drawers specified but described drawer heights sum to more than overall cabinet height; Assembled W/H/D and configuration require further verification; shipping units are not used as cabinet measurements
bvc-2593,Blue Valley,FVSD30,Floating Vanity Drawer Sink Cabinet – 2 Drawers,Dark Walnut,,specification_review,,,,,https://bluevalleycabinets.ca/product/floating-vanity-drawer-sink-cabinet-2-drawers/?attribute_pa_width=30-w&attribute_pa_color=dw,Two drawers specified but described drawer heights sum to more than overall cabinet height; Assembled W/H/D and configuration require further verification; shipping units are not used as cabinet measurements
bvc-2592,Blue Valley,FVSD24-WS,Floating Vanity Drawer Sink Cabinet – 2 Drawers,White shaker,,specification_review,,,,,https://bluevalleycabinets.ca/product/floating-vanity-drawer-sink-cabinet-2-drawers/?attribute_pa_width=24-width&attribute_pa_color=ws,Two drawers specified but described drawer heights sum to more than overall cabinet height; Assembled W/H/D and configuration require further verification; shipping units are not used as cabinet measurements
bvc-2591,Blue Valley,FVSD24-NO,Floating Vanity Drawer Sink Cabinet – 2 Drawers,Natural Oak,,specification_review,,,,,https://bluevalleycabinets.ca/product/floating-vanity-drawer-sink-cabinet-2-drawers/?attribute_pa_width=24-width&attribute_pa_color=oak-2,Two drawers specified but described drawer heights sum to more than overall cabinet height; Assembled W/H/D and configuration require further verification; shipping units are not used as cabinet measurements
bvc-2590,Blue Valley,FVSD24-GW,Floating Vanity Drawer Sink Cabinet – 2 Drawers,Gloss White,,specification_review,,,,,https://bluevalleycabinets.ca/product/floating-vanity-drawer-sink-cabinet-2-drawers/?attribute_pa_width=24-width&attribute_pa_color=gw,Two drawers specified but described drawer heights sum to more than overall cabinet height; Assembled W/H/D and configuration require further verification; shipping units are not used as cabinet measurements
bvc-2589,Blue Valley,FVSD24,Floating Vanity Drawer Sink Cabinet – 2 Drawers,Dark Walnut,,specification_review,,,,,https://bluevalleycabinets.ca/product/floating-vanity-drawer-sink-cabinet-2-drawers/?attribute_pa_width=24-width&attribute_pa_color=dw,Two drawers specified but described drawer heights sum to more than overall cabinet height; Assembled W/H/D and configuration require further verification; shipping units are not used as cabinet measurements
bvc-2582,Blue Valley,FVB36-WS,Vanity Full Door Sink Cabinet,White shaker,,specification_review,,,,,https://bluevalleycabinets.ca/product/floating-vanity-full-door-sink-cabinet-double-doors/?attribute_pa_color=ws&attribute_pa_width=36-w,Assembled W/H/D and configuration require further verification; shipping units are not used as cabinet measurements
bvc-2581,Blue Valley,FVB36-NO,Vanity Full Door Sink Cabinet,Natural Oak,,specification_review,,,,,https://bluevalleycabinets.ca/product/floating-vanity-full-door-sink-cabinet-double-doors/?attribute_pa_color=oak-2&attribute_pa_width=36-w,Assembled W/H/D and configuration require further verification; shipping units are not used as cabinet measurements
bvc-2580,Blue Valley,FVB36-GW,Vanity Full Door Sink Cabinet,Gloss White,,specification_review,,,,,https://bluevalleycabinets.ca/product/floating-vanity-full-door-sink-cabinet-double-doors/?attribute_pa_color=gw&attribute_pa_width=36-w,Assembled W/H/D and configuration require further verification; shipping units are not used as cabinet measurements
bvc-2579,Blue Valley,FVB36,Vanity Full Door Sink Cabinet,Dark Walnut,,specification_review,,,,,https://bluevalleycabinets.ca/product/floating-vanity-full-door-sink-cabinet-double-doors/?attribute_pa_color=dw&attribute_pa_width=36-w,Assembled W/H/D and configuration require further verification; shipping units are not used as cabinet measurements
bvc-2578,Blue Valley,FVB33-WS,Vanity Full Door Sink Cabinet,White shaker,,specification_review,,,,,https://bluevalleycabinets.ca/product/floating-vanity-full-door-sink-cabinet-double-doors/?attribute_pa_color=ws&attribute_pa_width=33-4,Assembled W/H/D and configuration require further verification; shipping units are not used as cabinet measurements
bvc-2577,Blue Valley,FVB33-NO,Vanity Full Door Sink Cabinet,Natural Oak,,specification_review,,,,,https://bluevalleycabinets.ca/product/floating-vanity-full-door-sink-cabinet-double-doors/?attribute_pa_color=oak-2&attribute_pa_width=33-4,Assembled W/H/D and configuration require further verification; shipping units are not used as cabinet measurements
bvc-2576,Blue Valley,FVB33-GW,Vanity Full Door Sink Cabinet,Gloss White,,specification_review,,,,,https://bluevalleycabinets.ca/product/floating-vanity-full-door-sink-cabinet-double-doors/?attribute_pa_color=gw&attribute_pa_width=33-4,Assembled W/H/D and configuration require further verification; shipping units are not used as cabinet measurements
bvc-2575,Blue Valley,FVB33,Vanity Full Door Sink Cabinet,Dark Walnut,,specification_review,,,,,https://bluevalleycabinets.ca/product/floating-vanity-full-door-sink-cabinet-double-doors/?attribute_pa_color=dw&attribute_pa_width=33-4,Assembled W/H/D and configuration require further verification; shipping units are not used as cabinet measurements
bvc-2574,Blue Valley,FVB30-WS,Vanity Full Door Sink Cabinet,White shaker,,specification_review,,,,,https://bluevalleycabinets.ca/product/floating-vanity-full-door-sink-cabinet-double-doors/?attribute_pa_color=ws&attribute_pa_width=30-w,Assembled W/H/D and configuration require further verification; shipping units are not used as cabinet measurements
bvc-2573,Blue Valley,FVB30-NO,Vanity Full Door Sink Cabinet,Natural Oak,,specification_review,,,,,https://bluevalleycabinets.ca/product/floating-vanity-full-door-sink-cabinet-double-doors/?attribute_pa_color=oak-2&attribute_pa_width=30-w,Assembled W/H/D and configuration require further verification; shipping units are not used as cabinet measurements
bvc-2572,Blue Valley,FVB30-GW,Vanity Full Door Sink Cabinet,Gloss White,,specification_review,,,,,https://bluevalleycabinets.ca/product/floating-vanity-full-door-sink-cabinet-double-doors/?attribute_pa_color=gw&attribute_pa_width=30-w,Assembled W/H/D and configuration require further verification; shipping units are not used as cabinet measurements
bvc-2571,Blue Valley,FVB30,Vanity Full Door Sink Cabinet,Dark Walnut,,specification_review,,,,,https://bluevalleycabinets.ca/product/floating-vanity-full-door-sink-cabinet-double-doors/?attribute_pa_color=dw&attribute_pa_width=30-w,Assembled W/H/D and configuration require further verification; shipping units are not used as cabinet measurements
bvc-2570,Blue Valley,FVB27-WS,Vanity Full Door Sink Cabinet,White shaker,,specification_review,,,,,https://bluevalleycabinets.ca/product/floating-vanity-full-door-sink-cabinet-double-doors/?attribute_pa_color=ws&attribute_pa_width=27-w,Assembled W/H/D and configuration require further verification; shipping units are not used as cabinet measurements
bvc-2569,Blue Valley,FVB27-NO,Vanity Full Door Sink Cabinet,Natural Oak,,specification_review,,,,,https://bluevalleycabinets.ca/product/floating-vanity-full-door-sink-cabinet-double-doors/?attribute_pa_color=oak-2&attribute_pa_width=27-w,Assembled W/H/D and configuration require further verification; shipping units are not used as cabinet measurements
bvc-2568,Blue Valley,FVB27-GW,Vanity Full Door Sink Cabinet,Gloss White,,specification_review,,,,,https://bluevalleycabinets.ca/product/floating-vanity-full-door-sink-cabinet-double-doors/?attribute_pa_color=gw&attribute_pa_width=27-w,Assembled W/H/D and configuration require further verification; shipping units are not used as cabinet measurements
bvc-2567,Blue Valley,FVB27,Vanity Full Door Sink Cabinet,Dark Walnut,,specification_review,,,,,https://bluevalleycabinets.ca/product/floating-vanity-full-door-sink-cabinet-double-doors/?attribute_pa_color=dw&attribute_pa_width=27-w,Assembled W/H/D and configuration require further verification; shipping units are not used as cabinet measurements
bvc-2566,Blue Valley,FVB24-WS,Vanity Full Door Sink Cabinet,White shaker,,specification_review,,,,,https://bluevalleycabinets.ca/product/floating-vanity-full-door-sink-cabinet-double-doors/?attribute_pa_color=ws&attribute_pa_width=24-width,Assembled W/H/D and configuration require further verification; shipping units are not used as cabinet measurements
bvc-2565,Blue Valley,FVB24-NO,Vanity Full Door Sink Cabinet,Natural Oak,,specification_review,,,,,https://bluevalleycabinets.ca/product/floating-vanity-full-door-sink-cabinet-double-doors/?attribute_pa_color=oak-2&attribute_pa_width=24-width,Assembled W/H/D and configuration require further verification; shipping units are not used as cabinet measurements
bvc-2564,Blue Valley,FVB24-GW,Vanity Full Door Sink Cabinet,Gloss White,,specification_review,,,,,https://bluevalleycabinets.ca/product/floating-vanity-full-door-sink-cabinet-double-doors/?attribute_pa_color=gw&attribute_pa_width=24-width,Assembled W/H/D and configuration require further verification; shipping units are not used as cabinet measurements
bvc-2563,Blue Valley,FVB24,Vanity Full Door Sink Cabinet,Dark Walnut,,specification_review,,,,,https://bluevalleycabinets.ca/product/floating-vanity-full-door-sink-cabinet-double-doors/?attribute_pa_color=dw&attribute_pa_width=24-width,Assembled W/H/D and configuration require further verification; shipping units are not used as cabinet measurements
bvc-2533,Blue Valley,C3621D-PW,"Closet Top Box – 24"" Depth",PREMIUM WHITE,,specification_review,,,,,https://bluevalleycabinets.ca/product/closet-top-box-overhead-storage-cabinet-for-wardrobes/?attribute_pa_width=36-w&attribute_pa_color=premium-white,Assembled W/H/D and configuration require further verification; shipping units are not used as cabinet measurements
bvc-2532,Blue Valley,C3621D-LO,"Closet Top Box – 24"" Depth",Light Oak,,specification_review,,,,,https://bluevalleycabinets.ca/product/closet-top-box-overhead-storage-cabinet-for-wardrobes/?attribute_pa_width=36-w&attribute_pa_color=light-oak,Assembled W/H/D and configuration require further verification; shipping units are not used as cabinet measurements
bvc-2531,Blue Valley,C3621D,"Closet Top Box – 24"" Depth",Kansas Oak,,specification_review,,,,,https://bluevalleycabinets.ca/product/closet-top-box-overhead-storage-cabinet-for-wardrobes/?attribute_pa_width=36-w&attribute_pa_color=kansas-oak,Assembled W/H/D and configuration require further verification; shipping units are not used as cabinet measurements
bvc-2529,Blue Valley,C3021D-PW,"Closet Top Box – 24"" Depth",PREMIUM WHITE,,specification_review,,,,,https://bluevalleycabinets.ca/product/closet-top-box-overhead-storage-cabinet-for-wardrobes/?attribute_pa_width=30-w&attribute_pa_color=premium-white,Assembled W/H/D and configuration require further verification; shipping units are not used as cabinet measurements
bvc-2528,Blue Valley,C3021D-LO,"Closet Top Box – 24"" Depth",Light Oak,,specification_review,,,,,https://bluevalleycabinets.ca/product/closet-top-box-overhead-storage-cabinet-for-wardrobes/?attribute_pa_width=30-w&attribute_pa_color=light-oak,Assembled W/H/D and configuration require further verification; shipping units are not used as cabinet measurements
bvc-2527,Blue Valley,C3021D,"Closet Top Box – 24"" Depth",Kansas Oak,,specification_review,,,,,https://bluevalleycabinets.ca/product/closet-top-box-overhead-storage-cabinet-for-wardrobes/?attribute_pa_width=30-w&attribute_pa_color=kansas-oak,Assembled W/H/D and configuration require further verification; shipping units are not used as cabinet measurements
bvc-2525,Blue Valley,C2421D-PW,"Closet Top Box – 24"" Depth",PREMIUM WHITE,,specification_review,,,,,https://bluevalleycabinets.ca/product/closet-top-box-overhead-storage-cabinet-for-wardrobes/?attribute_pa_width=24-width&attribute_pa_color=premium-white,Assembled W/H/D and configuration require further verification; shipping units are not used as cabinet measurements
bvc-2524,Blue Valley,C2421D-LO,"Closet Top Box – 24"" Depth",Light Oak,,specification_review,,,,,https://bluevalleycabinets.ca/product/closet-top-box-overhead-storage-cabinet-for-wardrobes/?attribute_pa_width=24-width&attribute_pa_color=light-oak,Assembled W/H/D and configuration require further verification; shipping units are not used as cabinet measurements
bvc-2523,Blue Valley,C2421D,"Closet Top Box – 24"" Depth",Kansas Oak,,specification_review,,,,,https://bluevalleycabinets.ca/product/closet-top-box-overhead-storage-cabinet-for-wardrobes/?attribute_pa_width=24-width&attribute_pa_color=kansas-oak,Assembled W/H/D and configuration require further verification; shipping units are not used as cabinet measurements
bvc-2522,Blue Valley,C2121D-PW,"Closet Top Box – 24"" Depth",PREMIUM WHITE,,specification_review,,,,,https://bluevalleycabinets.ca/product/closet-top-box-overhead-storage-cabinet-for-wardrobes/?attribute_pa_width=21-w&attribute_pa_color=premium-white,Assembled W/H/D and configuration require further verification; shipping units are not used as cabinet measurements
bvc-2521,Blue Valley,C2121D-LO,"Closet Top Box – 24"" Depth",Light Oak,,specification_review,,,,,https://bluevalleycabinets.ca/product/closet-top-box-overhead-storage-cabinet-for-wardrobes/?attribute_pa_width=21-w&attribute_pa_color=light-oak,Assembled W/H/D and configuration require further verification; shipping units are not used as cabinet measurements
bvc-2520,Blue Valley,C2121D,"Closet Top Box – 24"" Depth",Kansas Oak,,specification_review,,,,,https://bluevalleycabinets.ca/product/closet-top-box-overhead-storage-cabinet-for-wardrobes/?attribute_pa_width=21-w&attribute_pa_color=kansas-oak,Assembled W/H/D and configuration require further verification; shipping units are not used as cabinet measurements
bvc-2518,Blue Valley,C1821D-PW,"Closet Top Box – 24"" Depth",PREMIUM WHITE,,specification_review,,,,,https://bluevalleycabinets.ca/product/closet-top-box-overhead-storage-cabinet-for-wardrobes/?attribute_pa_width=18-w&attribute_pa_color=premium-white,Assembled W/H/D and configuration require further verification; shipping units are not used as cabinet measurements
bvc-2516,Blue Valley,C1821D-LO,"Closet Top Box – 24"" Depth",Light Oak,,specification_review,,,,,https://bluevalleycabinets.ca/product/closet-top-box-overhead-storage-cabinet-for-wardrobes/?attribute_pa_width=18-w&attribute_pa_color=light-oak,Assembled W/H/D and configuration require further verification; shipping units are not used as cabinet measurements
bvc-2515,Blue Valley,C1821D,"Closet Top Box – 24"" Depth",Kansas Oak,,specification_review,,,,,https://bluevalleycabinets.ca/product/closet-top-box-overhead-storage-cabinet-for-wardrobes/?attribute_pa_width=18-w&attribute_pa_color=kansas-oak,Assembled W/H/D and configuration require further verification; shipping units are not used as cabinet measurements
bvc-2513,Blue Valley,C1521D-PW,"Closet Top Box – 24"" Depth",PREMIUM WHITE,,specification_review,,,,,https://bluevalleycabinets.ca/product/closet-top-box-overhead-storage-cabinet-for-wardrobes/?attribute_pa_width=15-4&attribute_pa_color=premium-white,Assembled W/H/D and configuration require further verification; shipping units are not used as cabinet measurements
bvc-2512,Blue Valley,C1521D-LO,"Closet Top Box – 24"" Depth",Light Oak,,specification_review,,,,,https://bluevalleycabinets.ca/product/closet-top-box-overhead-storage-cabinet-for-wardrobes/?attribute_pa_width=15-4&attribute_pa_color=light-oak,Assembled W/H/D and configuration require further verification; shipping units are not used as cabinet measurements
bvc-2511,Blue Valley,C1521D,"Closet Top Box – 24"" Depth",Kansas Oak,,specification_review,,,,,https://bluevalleycabinets.ca/product/closet-top-box-overhead-storage-cabinet-for-wardrobes/?attribute_pa_width=15-4&attribute_pa_color=kansas-oak,Assembled W/H/D and configuration require further verification; shipping units are not used as cabinet measurements
bvc-2402,Blue Valley,BWBK18-WS,"Trash Cabinet 18"" Width – Double Bin",White shaker,,model_ready,457.2,876.3,609.6,/cabinet-inventory/models/bvc-2402.glb,https://bluevalleycabinets.ca/product/base-trash-cabinet-18-double-bin/?attribute_pa_color=ws&attribute_pa_width=18-w,
bvc-2401,Blue Valley,BWBK18-NO,"Trash Cabinet 18"" Width – Double Bin",Natural Oak,,model_ready,457.2,876.3,609.6,/cabinet-inventory/models/bvc-2401.glb,https://bluevalleycabinets.ca/product/base-trash-cabinet-18-double-bin/?attribute_pa_color=oak-2&attribute_pa_width=18-w,
bvc-2400,Blue Valley,BWBK18-GW,"Trash Cabinet 18"" Width – Double Bin",Gloss White,,model_ready,457.2,876.3,609.6,/cabinet-inventory/models/bvc-2400.glb,https://bluevalleycabinets.ca/product/base-trash-cabinet-18-double-bin/?attribute_pa_color=gw&attribute_pa_width=18-w,
bvc-2399,Blue Valley,BWBK18,"Trash Cabinet 18"" Width – Double Bin",Dark Walnut,,model_ready,457.2,876.3,609.6,/cabinet-inventory/models/bvc-2399.glb,https://bluevalleycabinets.ca/product/base-trash-cabinet-18-double-bin/?attribute_pa_color=dw&attribute_pa_width=18-w,
bvc-2391,Blue Valley,B4221-WS,"Corner Sink Base Cabinet – 42"" Width",White shaker,,specification_review,,,,,https://bluevalleycabinets.ca/product/corner-sink-base-cabinet-42-double-full-height-double-doors/?attribute_pa_width=42-width&attribute_pa_color=ws,Assembled W/H/D and configuration require further verification; shipping units are not used as cabinet measurements
bvc-2390,Blue Valley,B4221-NO,"Corner Sink Base Cabinet – 42"" Width",Natural Oak,,specification_review,,,,,https://bluevalleycabinets.ca/product/corner-sink-base-cabinet-42-double-full-height-double-doors/?attribute_pa_width=42-width&attribute_pa_color=oak-2,Assembled W/H/D and configuration require further verification; shipping units are not used as cabinet measurements
bvc-2389,Blue Valley,B4221-GW,"Corner Sink Base Cabinet – 42"" Width",Gloss White,,specification_review,,,,,https://bluevalleycabinets.ca/product/corner-sink-base-cabinet-42-double-full-height-double-doors/?attribute_pa_width=42-width&attribute_pa_color=gw,Assembled W/H/D and configuration require further verification; shipping units are not used as cabinet measurements
bvc-2388,Blue Valley,B4221-DW,"Corner Sink Base Cabinet – 42"" Width",Dark Walnut,,specification_review,,,,,https://bluevalleycabinets.ca/product/corner-sink-base-cabinet-42-double-full-height-double-doors/?attribute_pa_width=42-width&attribute_pa_color=dw,Assembled W/H/D and configuration require further verification; shipping units are not used as cabinet measurements
bvc-2378,Blue Valley,SP09-WS,Spice Rack Cabinet,White shaker,,model_ready,228.6,876.3,609.6,/cabinet-inventory/models/bvc-2378.glb,https://bluevalleycabinets.ca/product/base-spice-rack-cabinet-9-12/?attribute_pa_color=ws&attribute_pa_width=9-w,
bvc-2377,Blue Valley,SP09-NO,Spice Rack Cabinet,Natural Oak,,model_ready,228.6,876.3,609.6,/cabinet-inventory/models/bvc-2377.glb,https://bluevalleycabinets.ca/product/base-spice-rack-cabinet-9-12/?attribute_pa_color=oak-2&attribute_pa_width=9-w,
bvc-2376,Blue Valley,SP09-GW,Spice Rack Cabinet,Gloss White,,model_ready,228.6,876.3,609.6,/cabinet-inventory/models/bvc-2376.glb,https://bluevalleycabinets.ca/product/base-spice-rack-cabinet-9-12/?attribute_pa_color=gw&attribute_pa_width=9-w,
bvc-2375,Blue Valley,SP09,Spice Rack Cabinet,Dark Walnut,,model_ready,228.6,876.3,609.6,/cabinet-inventory/models/bvc-2375.glb,https://bluevalleycabinets.ca/product/base-spice-rack-cabinet-9-12/?attribute_pa_color=dw&attribute_pa_width=9-w,
bvc-2374,Blue Valley,SP12-WS,Spice Rack Cabinet,White shaker,,model_ready,304.8,876.3,609.6,/cabinet-inventory/models/bvc-2374.glb,https://bluevalleycabinets.ca/product/base-spice-rack-cabinet-9-12/?attribute_pa_color=ws&attribute_pa_width=12-3,
bvc-2373,Blue Valley,SP12-NO,Spice Rack Cabinet,Natural Oak,,model_ready,304.8,876.3,609.6,/cabinet-inventory/models/bvc-2373.glb,https://bluevalleycabinets.ca/product/base-spice-rack-cabinet-9-12/?attribute_pa_color=oak-2&attribute_pa_width=12-3,
bvc-2372,Blue Valley,SP12-GW,Spice Rack Cabinet,Gloss White,,model_ready,304.8,876.3,609.6,/cabinet-inventory/models/bvc-2372.glb,https://bluevalleycabinets.ca/product/base-spice-rack-cabinet-9-12/?attribute_pa_color=gw&attribute_pa_width=12-3,
bvc-2371,Blue Valley,SP12,Spice Rack Cabinet,Dark Walnut,,model_ready,304.8,876.3,609.6,/cabinet-inventory/models/bvc-2371.glb,https://bluevalleycabinets.ca/product/base-spice-rack-cabinet-9-12/?attribute_pa_color=dw&attribute_pa_width=12-3,
bvc-2364,Blue Valley,CSB36-WS,Corner Sink Base Cabinet,White shaker,,specification_review,,,,,https://bluevalleycabinets.ca/product/corner-sink-base-cabinet-36-full-height-one-door/?attribute_pa_color=ws&attribute_pa_width=36-w,Assembled W/H/D and configuration require further verification; shipping units are not used as cabinet measurements
bvc-2363,Blue Valley,CSB36-NO,Corner Sink Base Cabinet,Natural Oak,,specification_review,,,,,https://bluevalleycabinets.ca/product/corner-sink-base-cabinet-36-full-height-one-door/?attribute_pa_color=oak-2&attribute_pa_width=36-w,Assembled W/H/D and configuration require further verification; shipping units are not used as cabinet measurements
bvc-2362,Blue Valley,CSB36-GW,Corner Sink Base Cabinet,Gloss White,,specification_review,,,,,https://bluevalleycabinets.ca/product/corner-sink-base-cabinet-36-full-height-one-door/?attribute_pa_color=gw&attribute_pa_width=36-w,Assembled W/H/D and configuration require further verification; shipping units are not used as cabinet measurements
bvc-2361,Blue Valley,CSB36,Corner Sink Base Cabinet,Dark Walnut,,specification_review,,,,,https://bluevalleycabinets.ca/product/corner-sink-base-cabinet-36-full-height-one-door/?attribute_pa_color=dw&attribute_pa_width=36-w,Assembled W/H/D and configuration require further verification; shipping units are not used as cabinet measurements
bvc-2340,Blue Valley,BBC42-WS,Base Blind Corner Cabinet,White shaker,,specification_review,,,,,https://bluevalleycabinets.ca/product/base-blind-corner-cabinet/?attribute_pa_color=ws&attribute_pa_width=42-3,Assembled W/H/D and configuration require further verification; shipping units are not used as cabinet measurements
bvc-2339,Blue Valley,BBC42-NO,Base Blind Corner Cabinet,Natural Oak,,specification_review,,,,,https://bluevalleycabinets.ca/product/base-blind-corner-cabinet/?attribute_pa_color=oak-2&attribute_pa_width=42-3,Assembled W/H/D and configuration require further verification; shipping units are not used as cabinet measurements
bvc-2338,Blue Valley,BBC42-GW,Base Blind Corner Cabinet,Gloss White,,specification_review,,,,,https://bluevalleycabinets.ca/product/base-blind-corner-cabinet/?attribute_pa_color=gw&attribute_pa_width=42-3,Assembled W/H/D and configuration require further verification; shipping units are not used as cabinet measurements
bvc-2337,Blue Valley,BBC42-DW,Base Blind Corner Cabinet,Dark Walnut,,specification_review,,,,,https://bluevalleycabinets.ca/product/base-blind-corner-cabinet/?attribute_pa_color=dw&attribute_pa_width=42-3,Assembled W/H/D and configuration require further verification; shipping units are not used as cabinet measurements
bvc-2329,Blue Valley,BMC30-WS,Base Microwave Cabinet,White shaker,,specification_review,,,,,https://bluevalleycabinets.ca/product/base-microwave-cabinet-bmc/?attribute_pa_color=ws&attribute_pa_width=30-w,Assembled W/H/D and configuration require further verification; shipping units are not used as cabinet measurements
bvc-2328,Blue Valley,BMC30-NO,Base Microwave Cabinet,Natural Oak,,specification_review,,,,,https://bluevalleycabinets.ca/product/base-microwave-cabinet-bmc/?attribute_pa_color=oak-2&attribute_pa_width=30-w,Assembled W/H/D and configuration require further verification; shipping units are not used as cabinet measurements
bvc-2327,Blue Valley,BMC30-GW,Base Microwave Cabinet,Gloss White,,specification_review,,,,,https://bluevalleycabinets.ca/product/base-microwave-cabinet-bmc/?attribute_pa_color=gw&attribute_pa_width=30-w,Assembled W/H/D and configuration require further verification; shipping units are not used as cabinet measurements
bvc-2326,Blue Valley,BMC30,Base Microwave Cabinet,Dark Walnut,,specification_review,,,,,https://bluevalleycabinets.ca/product/base-microwave-cabinet-bmc/?attribute_pa_color=dw&attribute_pa_width=30-w,Assembled W/H/D and configuration require further verification; shipping units are not used as cabinet measurements
bvc-2314,Blue Valley,BKS36-WS,Lazy Susan Base Corner Cabinet,White shaker,,specification_review,,,,,https://bluevalleycabinets.ca/product/lazy-susan-base-corner-cabinet/?attribute_pa_color=ws&attribute_pa_width=36-w,Assembled W/H/D and configuration require further verification; shipping units are not used as cabinet measurements
bvc-2313,Blue Valley,BKS36-NO,Lazy Susan Base Corner Cabinet,Natural Oak,,specification_review,,,,,https://bluevalleycabinets.ca/product/lazy-susan-base-corner-cabinet/?attribute_pa_color=oak-2&attribute_pa_width=36-w,Assembled W/H/D and configuration require further verification; shipping units are not used as cabinet measurements
bvc-2312,Blue Valley,BKS36-GW,Lazy Susan Base Corner Cabinet,Gloss White,,specification_review,,,,,https://bluevalleycabinets.ca/product/lazy-susan-base-corner-cabinet/?attribute_pa_color=gw&attribute_pa_width=36-w,Assembled W/H/D and configuration require further verification; shipping units are not used as cabinet measurements
bvc-2311,Blue Valley,BKS36,Lazy Susan Base Corner Cabinet,Dark Walnut,,specification_review,,,,,https://bluevalleycabinets.ca/product/lazy-susan-base-corner-cabinet/?attribute_pa_color=dw&attribute_pa_width=36-w,Assembled W/H/D and configuration require further verification; shipping units are not used as cabinet measurements
bvc-2310,Blue Valley,B3321-WS,Lazy Susan Base Corner Cabinet,White shaker,,specification_review,,,,,https://bluevalleycabinets.ca/product/lazy-susan-base-corner-cabinet/?attribute_pa_color=ws&attribute_pa_width=33-4,Assembled W/H/D and configuration require further verification; shipping units are not used as cabinet measurements
bvc-2309,Blue Valley,B3321-NO,Lazy Susan Base Corner Cabinet,Natural Oak,,specification_review,,,,,https://bluevalleycabinets.ca/product/lazy-susan-base-corner-cabinet/?attribute_pa_color=oak-2&attribute_pa_width=33-4,Assembled W/H/D and configuration require further verification; shipping units are not used as cabinet measurements
bvc-2308,Blue Valley,B3321-GW,Lazy Susan Base Corner Cabinet,Gloss White,,specification_review,,,,,https://bluevalleycabinets.ca/product/lazy-susan-base-corner-cabinet/?attribute_pa_color=gw&attribute_pa_width=33-4,Assembled W/H/D and configuration require further verification; shipping units are not used as cabinet measurements
bvc-2307,Blue Valley,B3321-DW,Lazy Susan Base Corner Cabinet,Dark Walnut,,specification_review,,,,,https://bluevalleycabinets.ca/product/lazy-susan-base-corner-cabinet/?attribute_pa_color=dw&attribute_pa_width=33-4,Assembled W/H/D and configuration require further verification; shipping units are not used as cabinet measurements
bvc-2296,Blue Valley,SB36FHD-WS,Sink Base Full Hight Door Cabinet,White shaker,,model_ready,914.4,876.3,609.6,/cabinet-inventory/models/bvc-2296.glb,https://bluevalleycabinets.ca/product/sink-base-full-door-cabinet-sb-fhd/?attribute_pa_color=ws&attribute_pa_width=36-w,
bvc-2295,Blue Valley,SB36FHD-NO,Sink Base Full Hight Door Cabinet,Natural Oak,,model_ready,914.4,876.3,609.6,/cabinet-inventory/models/bvc-2295.glb,https://bluevalleycabinets.ca/product/sink-base-full-door-cabinet-sb-fhd/?attribute_pa_color=oak-2&attribute_pa_width=36-w,
bvc-2294,Blue Valley,SB36FHD-GW,Sink Base Full Hight Door Cabinet,Gloss White,,model_ready,914.4,876.3,609.6,/cabinet-inventory/models/bvc-2294.glb,https://bluevalleycabinets.ca/product/sink-base-full-door-cabinet-sb-fhd/?attribute_pa_color=gw&attribute_pa_width=36-w,
bvc-2293,Blue Valley,SB36FHD,Sink Base Full Hight Door Cabinet,Dark Walnut,,model_ready,914.4,876.3,609.6,/cabinet-inventory/models/bvc-2293.glb,https://bluevalleycabinets.ca/product/sink-base-full-door-cabinet-sb-fhd/?attribute_pa_color=dw&attribute_pa_width=36-w,
bvc-2292,Blue Valley,SB33FHD-WS,Sink Base Full Hight Door Cabinet,White shaker,,model_ready,838.2,876.3,609.6,/cabinet-inventory/models/bvc-2292.glb,https://bluevalleycabinets.ca/product/sink-base-full-door-cabinet-sb-fhd/?attribute_pa_color=ws&attribute_pa_width=33-4,
bvc-2291,Blue Valley,SB33FHD-NO,Sink Base Full Hight Door Cabinet,Natural Oak,,model_ready,838.2,876.3,609.6,/cabinet-inventory/models/bvc-2291.glb,https://bluevalleycabinets.ca/product/sink-base-full-door-cabinet-sb-fhd/?attribute_pa_color=oak-2&attribute_pa_width=33-4,
bvc-2290,Blue Valley,SB33FHD-GW,Sink Base Full Hight Door Cabinet,Gloss White,,model_ready,838.2,876.3,609.6,/cabinet-inventory/models/bvc-2290.glb,https://bluevalleycabinets.ca/product/sink-base-full-door-cabinet-sb-fhd/?attribute_pa_color=gw&attribute_pa_width=33-4,
bvc-2289,Blue Valley,SB33FHD,Sink Base Full Hight Door Cabinet,Dark Walnut,,model_ready,838.2,876.3,609.6,/cabinet-inventory/models/bvc-2289.glb,https://bluevalleycabinets.ca/product/sink-base-full-door-cabinet-sb-fhd/?attribute_pa_color=dw&attribute_pa_width=33-4,
bvc-2288,Blue Valley,SB30FHD-WS,Sink Base Full Hight Door Cabinet,White shaker,,model_ready,762.0,876.3,609.6,/cabinet-inventory/models/bvc-2288.glb,https://bluevalleycabinets.ca/product/sink-base-full-door-cabinet-sb-fhd/?attribute_pa_color=ws&attribute_pa_width=30-w,
bvc-2287,Blue Valley,SB30FHD-NO,Sink Base Full Hight Door Cabinet,Natural Oak,,model_ready,762.0,876.3,609.6,/cabinet-inventory/models/bvc-2287.glb,https://bluevalleycabinets.ca/product/sink-base-full-door-cabinet-sb-fhd/?attribute_pa_color=oak-2&attribute_pa_width=30-w,
bvc-2286,Blue Valley,SB30FHD-GW,Sink Base Full Hight Door Cabinet,Gloss White,,model_ready,762.0,876.3,609.6,/cabinet-inventory/models/bvc-2286.glb,https://bluevalleycabinets.ca/product/sink-base-full-door-cabinet-sb-fhd/?attribute_pa_color=gw&attribute_pa_width=30-w,
bvc-2285,Blue Valley,SB30FHD,Sink Base Full Hight Door Cabinet,Dark Walnut,,model_ready,762.0,876.3,609.6,/cabinet-inventory/models/bvc-2285.glb,https://bluevalleycabinets.ca/product/sink-base-full-door-cabinet-sb-fhd/?attribute_pa_color=dw&attribute_pa_width=30-w,
bvc-2273,Blue Valley,DOC3096-WS,Double-Oven Tall Cabinet,White shaker,,specification_review,,,,,https://bluevalleycabinets.ca/product/double-oven-tall-cabinet-doc/?attribute_pa_height=96&attribute_pa_color=ws,Assembled W/H/D and configuration require further verification; shipping units are not used as cabinet measurements
bvc-2272,Blue Valley,DOC3096-NO,Double-Oven Tall Cabinet,Natural Oak,,specification_review,,,,,https://bluevalleycabinets.ca/product/double-oven-tall-cabinet-doc/?attribute_pa_height=96&attribute_pa_color=oak-2,Assembled W/H/D and configuration require further verification; shipping units are not used as cabinet measurements
bvc-2271,Blue Valley,DOC3096-GW,Double-Oven Tall Cabinet,Gloss White,,specification_review,,,,,https://bluevalleycabinets.ca/product/double-oven-tall-cabinet-doc/?attribute_pa_height=96&attribute_pa_color=gw,Assembled W/H/D and configuration require further verification; shipping units are not used as cabinet measurements
bvc-2270,Blue Valley,DOC3096,Double-Oven Tall Cabinet,Dark Walnut,,specification_review,,,,,https://bluevalleycabinets.ca/product/double-oven-tall-cabinet-doc/?attribute_pa_height=96&attribute_pa_color=dw,Assembled W/H/D and configuration require further verification; shipping units are not used as cabinet measurements
bvc-2269,Blue Valley,DOC3090-WS,Double-Oven Tall Cabinet,White shaker,,specification_review,,,,,https://bluevalleycabinets.ca/product/double-oven-tall-cabinet-doc/?attribute_pa_height=90&attribute_pa_color=ws,Assembled W/H/D and configuration require further verification; shipping units are not used as cabinet measurements
bvc-2268,Blue Valley,DOC3090-NO,Double-Oven Tall Cabinet,Natural Oak,,specification_review,,,,,https://bluevalleycabinets.ca/product/double-oven-tall-cabinet-doc/?attribute_pa_height=90&attribute_pa_color=oak-2,Assembled W/H/D and configuration require further verification; shipping units are not used as cabinet measurements
bvc-2267,Blue Valley,DOC3090-GW,Double-Oven Tall Cabinet,Gloss White,,specification_review,,,,,https://bluevalleycabinets.ca/product/double-oven-tall-cabinet-doc/?attribute_pa_height=90&attribute_pa_color=gw,Assembled W/H/D and configuration require further verification; shipping units are not used as cabinet measurements
bvc-2266,Blue Valley,DOC3090,Double-Oven Tall Cabinet,Dark Walnut,,specification_review,,,,,https://bluevalleycabinets.ca/product/double-oven-tall-cabinet-doc/?attribute_pa_height=90&attribute_pa_color=dw,Assembled W/H/D and configuration require further verification; shipping units are not used as cabinet measurements
bvc-2265,Blue Valley,DOC3084-WS,Double-Oven Tall Cabinet,White shaker,,specification_review,,,,,https://bluevalleycabinets.ca/product/double-oven-tall-cabinet-doc/?attribute_pa_height=84-h&attribute_pa_color=ws,Assembled W/H/D and configuration require further verification; shipping units are not used as cabinet measurements
bvc-2264,Blue Valley,DOC3084-NO,Double-Oven Tall Cabinet,Natural Oak,,specification_review,,,,,https://bluevalleycabinets.ca/product/double-oven-tall-cabinet-doc/?attribute_pa_height=84-h&attribute_pa_color=oak-2,Assembled W/H/D and configuration require further verification; shipping units are not used as cabinet measurements
bvc-2263,Blue Valley,DOC3084-GW,Double-Oven Tall Cabinet,Gloss White,,specification_review,,,,,https://bluevalleycabinets.ca/product/double-oven-tall-cabinet-doc/?attribute_pa_height=84-h&attribute_pa_color=gw,Assembled W/H/D and configuration require further verification; shipping units are not used as cabinet measurements
bvc-2262,Blue Valley,DOC3084,Double-Oven Tall Cabinet,Dark Walnut,,specification_review,,,,,https://bluevalleycabinets.ca/product/double-oven-tall-cabinet-doc/?attribute_pa_height=84-h&attribute_pa_color=dw,Assembled W/H/D and configuration require further verification; shipping units are not used as cabinet measurements
bvc-2260,Blue Valley,MOC3096-WS,Microwave & Oven Tall Cabinet,White shaker,,specification_review,,,,,https://bluevalleycabinets.ca/product/microwave-oven-tall-cabinet/?attribute_pa_height=84-h&attribute_pa_color=ws,Assembled W/H/D and configuration require further verification; shipping units are not used as cabinet measurements
bvc-2259,Blue Valley,MOC3084,Microwave & Oven Tall Cabinet,Dark Walnut,,specification_review,,,,,https://bluevalleycabinets.ca/product/microwave-oven-tall-cabinet/?attribute_pa_height=84-h&attribute_pa_color=dw,Assembled W/H/D and configuration require further verification; shipping units are not used as cabinet measurements
bvc-2251,Blue Valley,MOC3096-NO,Microwave & Oven Tall Cabinet,Natural Oak,,specification_review,,,,,https://bluevalleycabinets.ca/product/microwave-oven-tall-cabinet/?attribute_pa_height=96&attribute_pa_color=oak-2,Assembled W/H/D and configuration require further verification; shipping units are not used as cabinet measurements
bvc-2250,Blue Valley,MOC3096-GW,Microwave & Oven Tall Cabinet,Gloss White,,specification_review,,,,,https://bluevalleycabinets.ca/product/microwave-oven-tall-cabinet/?attribute_pa_height=96&attribute_pa_color=gw,Assembled W/H/D and configuration require further verification; shipping units are not used as cabinet measurements
bvc-2249,Blue Valley,MOC3096,Microwave & Oven Tall Cabinet,Dark Walnut,,specification_review,,,,,https://bluevalleycabinets.ca/product/microwave-oven-tall-cabinet/?attribute_pa_height=96&attribute_pa_color=dw,Assembled W/H/D and configuration require further verification; shipping units are not used as cabinet measurements
bvc-2248,Blue Valley,MOC3090-WS,Microwave & Oven Tall Cabinet,White shaker,,specification_review,,,,,https://bluevalleycabinets.ca/product/microwave-oven-tall-cabinet/?attribute_pa_height=96&attribute_pa_color=ws,Assembled W/H/D and configuration require further verification; shipping units are not used as cabinet measurements
bvc-2247,Blue Valley,MOC3090-NO,Microwave & Oven Tall Cabinet,Natural Oak,,specification_review,,,,,https://bluevalleycabinets.ca/product/microwave-oven-tall-cabinet/?attribute_pa_height=90&attribute_pa_color=oak-2,Assembled W/H/D and configuration require further verification; shipping units are not used as cabinet measurements
bvc-2246,Blue Valley,MOC3090-GW,Microwave & Oven Tall Cabinet,Gloss White,,specification_review,,,,,https://bluevalleycabinets.ca/product/microwave-oven-tall-cabinet/?attribute_pa_height=90&attribute_pa_color=gw,Assembled W/H/D and configuration require further verification; shipping units are not used as cabinet measurements
bvc-2245,Blue Valley,MOC3090,Microwave & Oven Tall Cabinet,Dark Walnut,,specification_review,,,,,https://bluevalleycabinets.ca/product/microwave-oven-tall-cabinet/?attribute_pa_height=90&attribute_pa_color=dw,Assembled W/H/D and configuration require further verification; shipping units are not used as cabinet measurements
bvc-2244,Blue Valley,MOC3084-WS,Microwave & Oven Tall Cabinet,White shaker,,specification_review,,,,,https://bluevalleycabinets.ca/product/microwave-oven-tall-cabinet/?attribute_pa_height=90&attribute_pa_color=ws,Assembled W/H/D and configuration require further verification; shipping units are not used as cabinet measurements
bvc-2243,Blue Valley,MOC3084-NO,Microwave & Oven Tall Cabinet,Natural Oak,,specification_review,,,,,https://bluevalleycabinets.ca/product/microwave-oven-tall-cabinet/?attribute_pa_height=84-h&attribute_pa_color=oak-2,Assembled W/H/D and configuration require further verification; shipping units are not used as cabinet measurements
bvc-2242,Blue Valley,MOC3084-GW,Microwave & Oven Tall Cabinet,Gloss White,,specification_review,,,,,https://bluevalleycabinets.ca/product/microwave-oven-tall-cabinet/?attribute_pa_height=84-h&attribute_pa_color=gw,Assembled W/H/D and configuration require further verification; shipping units are not used as cabinet measurements
bvc-2229,Blue Valley,SB36-WS,Sink Base Cabinet,White shaker,,specification_review,,,,,https://bluevalleycabinets.ca/product/sink-base-cabinet-with-drawer/?attribute_pa_color=ws&attribute_pa_width=36-w,Assembled W/H/D and configuration require further verification; shipping units are not used as cabinet measurements
bvc-2228,Blue Valley,SB36-NO,Sink Base Cabinet,Natural Oak,,specification_review,,,,,https://bluevalleycabinets.ca/product/sink-base-cabinet-with-drawer/?attribute_pa_color=oak-2&attribute_pa_width=36-w,Assembled W/H/D and configuration require further verification; shipping units are not used as cabinet measurements
bvc-2227,Blue Valley,SB36-GW,Sink Base Cabinet,Gloss White,,specification_review,,,,,https://bluevalleycabinets.ca/product/sink-base-cabinet-with-drawer/?attribute_pa_color=gw&attribute_pa_width=36-w,Assembled W/H/D and configuration require further verification; shipping units are not used as cabinet measurements
bvc-2226,Blue Valley,SB36,Sink Base Cabinet,Dark Walnut,,specification_review,,,,,https://bluevalleycabinets.ca/product/sink-base-cabinet-with-drawer/?attribute_pa_color=dw&attribute_pa_width=36-w,Assembled W/H/D and configuration require further verification; shipping units are not used as cabinet measurements
bvc-2225,Blue Valley,SB33-WS,Sink Base Cabinet,White shaker,,specification_review,,,,,https://bluevalleycabinets.ca/product/sink-base-cabinet-with-drawer/?attribute_pa_color=ws&attribute_pa_width=33-4,Assembled W/H/D and configuration require further verification; shipping units are not used as cabinet measurements
bvc-2224,Blue Valley,SB33-NO,Sink Base Cabinet,Natural Oak,,specification_review,,,,,https://bluevalleycabinets.ca/product/sink-base-cabinet-with-drawer/?attribute_pa_color=oak-2&attribute_pa_width=33-4,Assembled W/H/D and configuration require further verification; shipping units are not used as cabinet measurements
bvc-2223,Blue Valley,SB33-GW,Sink Base Cabinet,Gloss White,,specification_review,,,,,https://bluevalleycabinets.ca/product/sink-base-cabinet-with-drawer/?attribute_pa_color=gw&attribute_pa_width=33-4,Assembled W/H/D and configuration require further verification; shipping units are not used as cabinet measurements
bvc-2222,Blue Valley,SB33,Sink Base Cabinet,Dark Walnut,,specification_review,,,,,https://bluevalleycabinets.ca/product/sink-base-cabinet-with-drawer/?attribute_pa_color=dw&attribute_pa_width=33-4,Assembled W/H/D and configuration require further verification; shipping units are not used as cabinet measurements
bvc-2221,Blue Valley,SB30-WS,Sink Base Cabinet,White shaker,,specification_review,,,,,https://bluevalleycabinets.ca/product/sink-base-cabinet-with-drawer/?attribute_pa_color=ws&attribute_pa_width=30-w,Assembled W/H/D and configuration require further verification; shipping units are not used as cabinet measurements
bvc-2220,Blue Valley,SB30-NO,Sink Base Cabinet,Natural Oak,,specification_review,,,,,https://bluevalleycabinets.ca/product/sink-base-cabinet-with-drawer/?attribute_pa_color=oak-2&attribute_pa_width=30-w,Assembled W/H/D and configuration require further verification; shipping units are not used as cabinet measurements
bvc-2219,Blue Valley,SB30-GW,Sink Base Cabinet,Gloss White,,specification_review,,,,,https://bluevalleycabinets.ca/product/sink-base-cabinet-with-drawer/?attribute_pa_color=gw&attribute_pa_width=30-w,Assembled W/H/D and configuration require further verification; shipping units are not used as cabinet measurements
bvc-2218,Blue Valley,SB30,Sink Base Cabinet,Dark Walnut,,specification_review,,,,,https://bluevalleycabinets.ca/product/sink-base-cabinet-with-drawer/?attribute_pa_color=dw&attribute_pa_width=30-w,Assembled W/H/D and configuration require further verification; shipping units are not used as cabinet measurements
bvc-2209,Blue Valley,3DB3621-WS,3-Drawers Base Cabinets,White shaker,,model_ready,914.4,876.3,609.6,/cabinet-inventory/models/bvc-2209.glb,https://bluevalleycabinets.ca/product/3-doors-base-cabinets/?attribute_pa_width=36-w&attribute_pa_color=ws,
bvc-2208,Blue Valley,3DB3621-NO,3-Drawers Base Cabinets,Natural Oak,,model_ready,914.4,876.3,609.6,/cabinet-inventory/models/bvc-2208.glb,https://bluevalleycabinets.ca/product/3-doors-base-cabinets/?attribute_pa_width=36-w&attribute_pa_color=oak-2,
bvc-2207,Blue Valley,3DB3621-GW,3-Drawers Base Cabinets,Gloss White,,model_ready,914.4,876.3,609.6,/cabinet-inventory/models/bvc-2207.glb,https://bluevalleycabinets.ca/product/3-doors-base-cabinets/?attribute_pa_width=36-w&attribute_pa_color=gw,
bvc-2206,Blue Valley,3DB3621-DW,3-Drawers Base Cabinets,Dark Walnut,,model_ready,914.4,876.3,609.6,/cabinet-inventory/models/bvc-2206.glb,https://bluevalleycabinets.ca/product/3-doors-base-cabinets/?attribute_pa_width=36-w&attribute_pa_color=dw,
bvc-2205,Blue Valley,3DB3321-WS,3-Drawers Base Cabinets,White shaker,,model_ready,838.2,876.3,609.6,/cabinet-inventory/models/bvc-2205.glb,https://bluevalleycabinets.ca/product/3-doors-base-cabinets/?attribute_pa_width=33-4&attribute_pa_color=ws,
bvc-2204,Blue Valley,3DB3321-NO,3-Drawers Base Cabinets,Natural Oak,,model_ready,838.2,876.3,609.6,/cabinet-inventory/models/bvc-2204.glb,https://bluevalleycabinets.ca/product/3-doors-base-cabinets/?attribute_pa_width=33-4&attribute_pa_color=oak-2,
bvc-2203,Blue Valley,3DB3321-GW,3-Drawers Base Cabinets,Gloss White,,model_ready,838.2,876.3,609.6,/cabinet-inventory/models/bvc-2203.glb,https://bluevalleycabinets.ca/product/3-doors-base-cabinets/?attribute_pa_width=33-4&attribute_pa_color=gw,
bvc-2202,Blue Valley,3DB3321-DW,3-Drawers Base Cabinets,Dark Walnut,,model_ready,838.2,876.3,609.6,/cabinet-inventory/models/bvc-2202.glb,https://bluevalleycabinets.ca/product/3-doors-base-cabinets/?attribute_pa_width=33-4&attribute_pa_color=dw,
bvc-2201,Blue Valley,3DB3021-WS,3-Drawers Base Cabinets,White shaker,,model_ready,762.0,876.3,609.6,/cabinet-inventory/models/bvc-2201.glb,https://bluevalleycabinets.ca/product/3-doors-base-cabinets/?attribute_pa_width=30-w&attribute_pa_color=ws,
bvc-2200,Blue Valley,3DB3021-NO,3-Drawers Base Cabinets,Natural Oak,,model_ready,762.0,876.3,609.6,/cabinet-inventory/models/bvc-2200.glb,https://bluevalleycabinets.ca/product/3-doors-base-cabinets/?attribute_pa_width=30-w&attribute_pa_color=oak-2,
bvc-2199,Blue Valley,3DB3021-GW,3-Drawers Base Cabinets,Gloss White,,model_ready,762.0,876.3,609.6,/cabinet-inventory/models/bvc-2199.glb,https://bluevalleycabinets.ca/product/3-doors-base-cabinets/?attribute_pa_width=30-w&attribute_pa_color=gw,
bvc-2198,Blue Valley,3DB3021-DW,3-Drawers Base Cabinets,Dark Walnut,,model_ready,762.0,876.3,609.6,/cabinet-inventory/models/bvc-2198.glb,https://bluevalleycabinets.ca/product/3-doors-base-cabinets/?attribute_pa_width=30-w&attribute_pa_color=dw,
bvc-2197,Blue Valley,3DB2721-WS,3-Drawers Base Cabinets,White shaker,,model_ready,685.8,876.3,609.6,/cabinet-inventory/models/bvc-2197.glb,https://bluevalleycabinets.ca/product/3-doors-base-cabinets/?attribute_pa_width=27-w&attribute_pa_color=ws,
bvc-2196,Blue Valley,3DB2721-NO,3-Drawers Base Cabinets,Natural Oak,,model_ready,685.8,876.3,609.6,/cabinet-inventory/models/bvc-2196.glb,https://bluevalleycabinets.ca/product/3-doors-base-cabinets/?attribute_pa_width=27-w&attribute_pa_color=oak-2,
bvc-2195,Blue Valley,3DB2721-GW,3-Drawers Base Cabinets,Gloss White,,model_ready,685.8,876.3,609.6,/cabinet-inventory/models/bvc-2195.glb,https://bluevalleycabinets.ca/product/3-doors-base-cabinets/?attribute_pa_width=27-w&attribute_pa_color=gw,
bvc-2194,Blue Valley,3DB2721-DW,3-Drawers Base Cabinets,Dark Walnut,,model_ready,685.8,876.3,609.6,/cabinet-inventory/models/bvc-2194.glb,https://bluevalleycabinets.ca/product/3-doors-base-cabinets/?attribute_pa_width=27-w&attribute_pa_color=dw,
bvc-2193,Blue Valley,3DB2421-WS,3-Drawers Base Cabinets,White shaker,,model_ready,609.6,876.3,609.6,/cabinet-inventory/models/bvc-2193.glb,https://bluevalleycabinets.ca/product/3-doors-base-cabinets/?attribute_pa_width=24-width&attribute_pa_color=ws,
bvc-2192,Blue Valley,3DB2421-NO,3-Drawers Base Cabinets,Natural Oak,,model_ready,609.6,876.3,609.6,/cabinet-inventory/models/bvc-2192.glb,https://bluevalleycabinets.ca/product/3-doors-base-cabinets/?attribute_pa_width=24-width&attribute_pa_color=oak-2,
bvc-2191,Blue Valley,3DB2421-GW,3-Drawers Base Cabinets,Gloss White,,model_ready,609.6,876.3,609.6,/cabinet-inventory/models/bvc-2191.glb,https://bluevalleycabinets.ca/product/3-doors-base-cabinets/?attribute_pa_width=24-width&attribute_pa_color=gw,
bvc-2190,Blue Valley,3DB2421-DW,3-Drawers Base Cabinets,Dark Walnut,,model_ready,609.6,876.3,609.6,/cabinet-inventory/models/bvc-2190.glb,https://bluevalleycabinets.ca/product/3-doors-base-cabinets/?attribute_pa_width=24-width&attribute_pa_color=dw,
bvc-2189,Blue Valley,3DB2121-WS,3-Drawers Base Cabinets,White shaker,,model_ready,533.4,876.3,609.6,/cabinet-inventory/models/bvc-2189.glb,https://bluevalleycabinets.ca/product/3-doors-base-cabinets/?attribute_pa_width=21-w&attribute_pa_color=ws,
bvc-2188,Blue Valley,3DB2121-NO,3-Drawers Base Cabinets,Natural Oak,,model_ready,533.4,876.3,609.6,/cabinet-inventory/models/bvc-2188.glb,https://bluevalleycabinets.ca/product/3-doors-base-cabinets/?attribute_pa_width=21-w&attribute_pa_color=oak-2,
bvc-2187,Blue Valley,3DB2121-GW,3-Drawers Base Cabinets,Gloss White,,model_ready,533.4,876.3,609.6,/cabinet-inventory/models/bvc-2187.glb,https://bluevalleycabinets.ca/product/3-doors-base-cabinets/?attribute_pa_width=21-w&attribute_pa_color=gw,
bvc-2186,Blue Valley,3DB2121-DW,3-Drawers Base Cabinets,Dark Walnut,,model_ready,533.4,876.3,609.6,/cabinet-inventory/models/bvc-2186.glb,https://bluevalleycabinets.ca/product/3-doors-base-cabinets/?attribute_pa_width=21-w&attribute_pa_color=dw,
bvc-2185,Blue Valley,3DB1821-WS,3-Drawers Base Cabinets,White shaker,,model_ready,457.2,876.3,609.6,/cabinet-inventory/models/bvc-2185.glb,https://bluevalleycabinets.ca/product/3-doors-base-cabinets/?attribute_pa_width=18-w&attribute_pa_color=ws,
bvc-2184,Blue Valley,3DB1821-NO,3-Drawers Base Cabinets,Natural Oak,,model_ready,457.2,876.3,609.6,/cabinet-inventory/models/bvc-2184.glb,https://bluevalleycabinets.ca/product/3-doors-base-cabinets/?attribute_pa_width=18-w&attribute_pa_color=oak-2,
bvc-2183,Blue Valley,3DB1821-GW,3-Drawers Base Cabinets,Gloss White,,model_ready,457.2,876.3,609.6,/cabinet-inventory/models/bvc-2183.glb,https://bluevalleycabinets.ca/product/3-doors-base-cabinets/?attribute_pa_width=18-w&attribute_pa_color=gw,
bvc-2182,Blue Valley,3DB1821-DW,3-Drawers Base Cabinets,Dark Walnut,,model_ready,457.2,876.3,609.6,/cabinet-inventory/models/bvc-2182.glb,https://bluevalleycabinets.ca/product/3-doors-base-cabinets/?attribute_pa_width=18-w&attribute_pa_color=dw,
bvc-2181,Blue Valley,3DB1521-WS,3-Drawers Base Cabinets,White shaker,,model_ready,381.0,876.3,609.6,/cabinet-inventory/models/bvc-2181.glb,https://bluevalleycabinets.ca/product/3-doors-base-cabinets/?attribute_pa_width=15-4&attribute_pa_color=ws,
bvc-2180,Blue Valley,3DB1521-NO,3-Drawers Base Cabinets,Natural Oak,,model_ready,381.0,876.3,609.6,/cabinet-inventory/models/bvc-2180.glb,https://bluevalleycabinets.ca/product/3-doors-base-cabinets/?attribute_pa_width=15-4&attribute_pa_color=oak-2,
bvc-2179,Blue Valley,3DB1521-GW,3-Drawers Base Cabinets,Gloss White,,model_ready,381.0,876.3,609.6,/cabinet-inventory/models/bvc-2179.glb,https://bluevalleycabinets.ca/product/3-doors-base-cabinets/?attribute_pa_width=15-4&attribute_pa_color=gw,
bvc-2178,Blue Valley,3DB1521-DW,3-Drawers Base Cabinets,Dark Walnut,,model_ready,381.0,876.3,609.6,/cabinet-inventory/models/bvc-2178.glb,https://bluevalleycabinets.ca/product/3-doors-base-cabinets/?attribute_pa_width=15-4&attribute_pa_color=dw,
bvc-2177,Blue Valley,3DB1221-WS,3-Drawers Base Cabinets,White shaker,,model_ready,304.8,876.3,609.6,/cabinet-inventory/models/bvc-2177.glb,https://bluevalleycabinets.ca/product/3-doors-base-cabinets/?attribute_pa_width=12-3&attribute_pa_color=ws,
bvc-2176,Blue Valley,3DB1221-NO,3-Drawers Base Cabinets,Natural Oak,,model_ready,304.8,876.3,609.6,/cabinet-inventory/models/bvc-2176.glb,https://bluevalleycabinets.ca/product/3-doors-base-cabinets/?attribute_pa_width=12-3&attribute_pa_color=oak-2,
bvc-2175,Blue Valley,3DB1221-GW,3-Drawers Base Cabinets,Gloss White,,model_ready,304.8,876.3,609.6,/cabinet-inventory/models/bvc-2175.glb,https://bluevalleycabinets.ca/product/3-doors-base-cabinets/?attribute_pa_width=12-3&attribute_pa_color=gw,
bvc-2174,Blue Valley,3DB1221-DW,3-Drawers Base Cabinets,Dark Walnut,,model_ready,304.8,876.3,609.6,/cabinet-inventory/models/bvc-2174.glb,https://bluevalleycabinets.ca/product/3-doors-base-cabinets/?attribute_pa_width=12-3&attribute_pa_color=dw,
bvc-2161,Blue Valley,2DB3321-WS,2-Drawers Base Cabinet,White shaker,,model_ready,838.2,876.3,609.6,/cabinet-inventory/models/bvc-2161.glb,https://bluevalleycabinets.ca/product/2-drawers-base-cabinet/?attribute_pa_width=33-4&attribute_pa_color=ws,
bvc-2160,Blue Valley,2DB3321-NO,2-Drawers Base Cabinet,Natural Oak,,model_ready,838.2,876.3,609.6,/cabinet-inventory/models/bvc-2160.glb,https://bluevalleycabinets.ca/product/2-drawers-base-cabinet/?attribute_pa_width=33-4&attribute_pa_color=oak-2,
bvc-2159,Blue Valley,2DB3321-GW,2-Drawers Base Cabinet,Gloss White,,model_ready,838.2,876.3,609.6,/cabinet-inventory/models/bvc-2159.glb,https://bluevalleycabinets.ca/product/2-drawers-base-cabinet/?attribute_pa_width=33-4&attribute_pa_color=gw,
bvc-2158,Blue Valley,2DB3321-DW,2-Drawers Base Cabinet,Dark Walnut,,model_ready,838.2,876.3,609.6,/cabinet-inventory/models/bvc-2158.glb,https://bluevalleycabinets.ca/product/2-drawers-base-cabinet/?attribute_pa_width=33-4&attribute_pa_color=dw,
bvc-2157,Blue Valley,2DB3021-WS,2-Drawers Base Cabinet,White shaker,,model_ready,762.0,876.3,609.6,/cabinet-inventory/models/bvc-2157.glb,https://bluevalleycabinets.ca/product/2-drawers-base-cabinet/?attribute_pa_width=30-w&attribute_pa_color=ws,
bvc-2156,Blue Valley,2DB3021-NO,2-Drawers Base Cabinet,Natural Oak,,model_ready,762.0,876.3,609.6,/cabinet-inventory/models/bvc-2156.glb,https://bluevalleycabinets.ca/product/2-drawers-base-cabinet/?attribute_pa_width=30-w&attribute_pa_color=oak-2,
bvc-2155,Blue Valley,2DB3021-GW,2-Drawers Base Cabinet,Gloss White,,model_ready,762.0,876.3,609.6,/cabinet-inventory/models/bvc-2155.glb,https://bluevalleycabinets.ca/product/2-drawers-base-cabinet/?attribute_pa_width=30-w&attribute_pa_color=gw,
bvc-2154,Blue Valley,2DB3021-DW,2-Drawers Base Cabinet,Dark Walnut,,model_ready,762.0,876.3,609.6,/cabinet-inventory/models/bvc-2154.glb,https://bluevalleycabinets.ca/product/2-drawers-base-cabinet/?attribute_pa_width=30-w&attribute_pa_color=dw,
bvc-2153,Blue Valley,2DB2421-WS,2-Drawers Base Cabinet,White shaker,,model_ready,609.6,876.3,609.6,/cabinet-inventory/models/bvc-2153.glb,https://bluevalleycabinets.ca/product/2-drawers-base-cabinet/?attribute_pa_width=24-width&attribute_pa_color=ws,
bvc-2152,Blue Valley,2DB2421-NO,2-Drawers Base Cabinet,Natural Oak,,model_ready,609.6,876.3,609.6,/cabinet-inventory/models/bvc-2152.glb,https://bluevalleycabinets.ca/product/2-drawers-base-cabinet/?attribute_pa_width=24-width&attribute_pa_color=oak-2,
bvc-2151,Blue Valley,2DB2421-GW,2-Drawers Base Cabinet,Gloss White,,model_ready,609.6,876.3,609.6,/cabinet-inventory/models/bvc-2151.glb,https://bluevalleycabinets.ca/product/2-drawers-base-cabinet/?attribute_pa_width=24-width&attribute_pa_color=gw,
bvc-2150,Blue Valley,2DB2421-DW,2-Drawers Base Cabinet,Dark Walnut,,model_ready,609.6,876.3,609.6,/cabinet-inventory/models/bvc-2150.glb,https://bluevalleycabinets.ca/product/2-drawers-base-cabinet/?attribute_pa_width=24-width&attribute_pa_color=dw,
bvc-2149,Blue Valley,2DB2121-WS,2-Drawers Base Cabinet,White shaker,,model_ready,533.4,876.3,609.6,/cabinet-inventory/models/bvc-2149.glb,https://bluevalleycabinets.ca/product/2-drawers-base-cabinet/?attribute_pa_width=21-w&attribute_pa_color=ws,
bvc-2148,Blue Valley,2DB2121-NO,2-Drawers Base Cabinet,Natural Oak,,model_ready,533.4,876.3,609.6,/cabinet-inventory/models/bvc-2148.glb,https://bluevalleycabinets.ca/product/2-drawers-base-cabinet/?attribute_pa_width=21-w&attribute_pa_color=oak-2,
bvc-2147,Blue Valley,2DB2121-GW,2-Drawers Base Cabinet,Gloss White,,model_ready,533.4,876.3,609.6,/cabinet-inventory/models/bvc-2147.glb,https://bluevalleycabinets.ca/product/2-drawers-base-cabinet/?attribute_pa_width=21-w&attribute_pa_color=gw,
bvc-2146,Blue Valley,2DB2121-DW,2-Drawers Base Cabinet,Dark Walnut,,model_ready,533.4,876.3,609.6,/cabinet-inventory/models/bvc-2146.glb,https://bluevalleycabinets.ca/product/2-drawers-base-cabinet/?attribute_pa_width=21-w&attribute_pa_color=dw,
bvc-2145,Blue Valley,2DB1821-WS,2-Drawers Base Cabinet,White shaker,,model_ready,457.2,876.3,609.6,/cabinet-inventory/models/bvc-2145.glb,https://bluevalleycabinets.ca/product/2-drawers-base-cabinet/?attribute_pa_width=18-w&attribute_pa_color=ws,
bvc-2144,Blue Valley,2DB1821-NO,2-Drawers Base Cabinet,Natural Oak,,model_ready,457.2,876.3,609.6,/cabinet-inventory/models/bvc-2144.glb,https://bluevalleycabinets.ca/product/2-drawers-base-cabinet/?attribute_pa_width=18-w&attribute_pa_color=oak-2,
bvc-2143,Blue Valley,2DB1821-GW,2-Drawers Base Cabinet,Gloss White,,model_ready,457.2,876.3,609.6,/cabinet-inventory/models/bvc-2143.glb,https://bluevalleycabinets.ca/product/2-drawers-base-cabinet/?attribute_pa_width=18-w&attribute_pa_color=gw,
bvc-2142,Blue Valley,2DB1821-DW,2-Drawers Base Cabinet,Dark Walnut,,model_ready,457.2,876.3,609.6,/cabinet-inventory/models/bvc-2142.glb,https://bluevalleycabinets.ca/product/2-drawers-base-cabinet/?attribute_pa_width=18-w&attribute_pa_color=dw,
bvc-2131,Blue Valley,WGD1830,Glass Door Wall Cabinet,,,specification_review,,,,,https://bluevalleycabinets.ca/product/glass-door-wall-cabinet-upper-pantry-30-36-42-heights-12-15-18-widths/?attribute_pa_width=18%25e2%2580%25b3w-x-42%25e2%2580%25b3h,Assembled W/H/D and configuration require further verification; shipping units are not used as cabinet measurements
bvc-2130,Blue Valley,GD1836,Glass Door Wall Cabinet,,,specification_review,,,,,https://bluevalleycabinets.ca/product/glass-door-wall-cabinet-upper-pantry-30-36-42-heights-12-15-18-widths/?attribute_pa_width=18%25e2%2580%25b3w-x-36%25e2%2580%25b3h,Assembled W/H/D and configuration require further verification; shipping units are not used as cabinet measurements
bvc-2129,Blue Valley,GD1830,Glass Door Wall Cabinet,,,specification_review,,,,,https://bluevalleycabinets.ca/product/glass-door-wall-cabinet-upper-pantry-30-36-42-heights-12-15-18-widths/?attribute_pa_width=18%25e2%2580%25b3w-x-30%25e2%2580%25b3h,Assembled W/H/D and configuration require further verification; shipping units are not used as cabinet measurements
bvc-2128,Blue Valley,WGD1530,Glass Door Wall Cabinet,,,specification_review,,,,,https://bluevalleycabinets.ca/product/glass-door-wall-cabinet-upper-pantry-30-36-42-heights-12-15-18-widths/?attribute_pa_width=15%25e2%2580%25b3w-x-42%25e2%2580%25b3h,Assembled W/H/D and configuration require further verification; shipping units are not used as cabinet measurements
bvc-2127,Blue Valley,GD1536,Glass Door Wall Cabinet,,,specification_review,,,,,https://bluevalleycabinets.ca/product/glass-door-wall-cabinet-upper-pantry-30-36-42-heights-12-15-18-widths/?attribute_pa_width=15%25e2%2580%25b3w-x-36%25e2%2580%25b3h,Assembled W/H/D and configuration require further verification; shipping units are not used as cabinet measurements
bvc-2126,Blue Valley,GD1530,Glass Door Wall Cabinet,,,specification_review,,,,,https://bluevalleycabinets.ca/product/glass-door-wall-cabinet-upper-pantry-30-36-42-heights-12-15-18-widths/?attribute_pa_width=15%25e2%2580%25b3w-x-30%25e2%2580%25b3h,Assembled W/H/D and configuration require further verification; shipping units are not used as cabinet measurements
bvc-2125,Blue Valley,WGD1230,Glass Door Wall Cabinet,,,specification_review,,,,,https://bluevalleycabinets.ca/product/glass-door-wall-cabinet-upper-pantry-30-36-42-heights-12-15-18-widths/?attribute_pa_width=12%25e2%2580%25b3w-x-42%25e2%2580%25b3h,Assembled W/H/D and configuration require further verification; shipping units are not used as cabinet measurements
bvc-2124,Blue Valley,GD1236,Glass Door Wall Cabinet,,,specification_review,,,,,https://bluevalleycabinets.ca/product/glass-door-wall-cabinet-upper-pantry-30-36-42-heights-12-15-18-widths/?attribute_pa_width=12%25e2%2580%25b3w-x-36%25e2%2580%25b3h,Assembled W/H/D and configuration require further verification; shipping units are not used as cabinet measurements
bvc-2123,Blue Valley,GD1230,Glass Door Wall Cabinet,,,specification_review,,,,,https://bluevalleycabinets.ca/product/glass-door-wall-cabinet-upper-pantry-30-36-42-heights-12-15-18-widths/?attribute_pa_width=12%25e2%2580%25b3w-x-30%25e2%2580%25b3h,Assembled W/H/D and configuration require further verification; shipping units are not used as cabinet measurements
bvc-2113,Blue Valley,PC3096-WS,"Pantry Cabinet – Four Doors Style – 96"" HIGHT",White shaker,,specification_review,,,,,https://bluevalleycabinets.ca/product/pantry-cabinet-four-doors-style-96%e2%80%b3-hight/?attribute_pa_color=ws&attribute_pa_width=30-w,Title and dimension table say 96-inch height; short description says 90-inch; Assembled W/H/D and configuration require further verification; shipping units are not used as cabinet measurements
bvc-2112,Blue Valley,PC3096-NO,"Pantry Cabinet – Four Doors Style – 96"" HIGHT",Natural Oak,,specification_review,,,,,https://bluevalleycabinets.ca/product/pantry-cabinet-four-doors-style-96%e2%80%b3-hight/?attribute_pa_color=oak-2&attribute_pa_width=30-w,Title and dimension table say 96-inch height; short description says 90-inch; Assembled W/H/D and configuration require further verification; shipping units are not used as cabinet measurements
bvc-2111,Blue Valley,PC3096-GW,"Pantry Cabinet – Four Doors Style – 96"" HIGHT",Gloss White,,specification_review,,,,,https://bluevalleycabinets.ca/product/pantry-cabinet-four-doors-style-96%e2%80%b3-hight/?attribute_pa_color=gw&attribute_pa_width=30-w,Title and dimension table say 96-inch height; short description says 90-inch; Assembled W/H/D and configuration require further verification; shipping units are not used as cabinet measurements
bvc-2110,Blue Valley,PC3096,"Pantry Cabinet – Four Doors Style – 96"" HIGHT",Dark Walnut,,specification_review,,,,,https://bluevalleycabinets.ca/product/pantry-cabinet-four-doors-style-96%e2%80%b3-hight/?attribute_pa_color=dw&attribute_pa_width=30-w,Title and dimension table say 96-inch height; short description says 90-inch; Assembled W/H/D and configuration require further verification; shipping units are not used as cabinet measurements
bvc-2109,Blue Valley,PC2496-WS,"Pantry Cabinet – Four Doors Style – 96"" HIGHT",White shaker,,specification_review,,,,,https://bluevalleycabinets.ca/product/pantry-cabinet-four-doors-style-96%e2%80%b3-hight/?attribute_pa_color=ws&attribute_pa_width=24-width,Title and dimension table say 96-inch height; short description says 90-inch; Assembled W/H/D and configuration require further verification; shipping units are not used as cabinet measurements
bvc-2108,Blue Valley,PC2496-NO,"Pantry Cabinet – Four Doors Style – 96"" HIGHT",Natural Oak,,specification_review,,,,,https://bluevalleycabinets.ca/product/pantry-cabinet-four-doors-style-96%e2%80%b3-hight/?attribute_pa_color=oak-2&attribute_pa_width=24-width,Title and dimension table say 96-inch height; short description says 90-inch; Assembled W/H/D and configuration require further verification; shipping units are not used as cabinet measurements
bvc-2107,Blue Valley,PC2496-GW,"Pantry Cabinet – Four Doors Style – 96"" HIGHT",Gloss White,,specification_review,,,,,https://bluevalleycabinets.ca/product/pantry-cabinet-four-doors-style-96%e2%80%b3-hight/?attribute_pa_color=gw&attribute_pa_width=24-width,Title and dimension table say 96-inch height; short description says 90-inch; Assembled W/H/D and configuration require further verification; shipping units are not used as cabinet measurements
bvc-2106,Blue Valley,PC2496,"Pantry Cabinet – Four Doors Style – 96"" HIGHT",Dark Walnut,,specification_review,,,,,https://bluevalleycabinets.ca/product/pantry-cabinet-four-doors-style-96%e2%80%b3-hight/?attribute_pa_color=dw&attribute_pa_width=24-width,Title and dimension table say 96-inch height; short description says 90-inch; Assembled W/H/D and configuration require further verification; shipping units are not used as cabinet measurements
bvc-2099,Blue Valley,PC3690-WS,"Pantry Cabinet – Four Doors Style – 90"" HIGHT",White shaker,,model_ready,914.4,2286.0,609.6,/cabinet-inventory/models/bvc-2099.glb,https://bluevalleycabinets.ca/product/pantry-cabinet-four-doors-style-90%e2%80%b3-hight/?attribute_pa_color=ws&attribute_pa_width=36-w,
bvc-2098,Blue Valley,PC3690-NO,"Pantry Cabinet – Four Doors Style – 90"" HIGHT",Natural Oak,,model_ready,914.4,2286.0,609.6,/cabinet-inventory/models/bvc-2098.glb,https://bluevalleycabinets.ca/product/pantry-cabinet-four-doors-style-90%e2%80%b3-hight/?attribute_pa_color=oak-2&attribute_pa_width=36-w,
bvc-2097,Blue Valley,PC3690-GW,"Pantry Cabinet – Four Doors Style – 90"" HIGHT",Gloss White,,model_ready,914.4,2286.0,609.6,/cabinet-inventory/models/bvc-2097.glb,https://bluevalleycabinets.ca/product/pantry-cabinet-four-doors-style-90%e2%80%b3-hight/?attribute_pa_color=gw&attribute_pa_width=36-w,
bvc-2096,Blue Valley,PC3690,"Pantry Cabinet – Four Doors Style – 90"" HIGHT",Dark Walnut,,model_ready,914.4,2286.0,609.6,/cabinet-inventory/models/bvc-2096.glb,https://bluevalleycabinets.ca/product/pantry-cabinet-four-doors-style-90%e2%80%b3-hight/?attribute_pa_color=dw&attribute_pa_width=36-w,
bvc-2095,Blue Valley,PC3090-WS,"Pantry Cabinet – Four Doors Style – 90"" HIGHT",White shaker,,model_ready,762.0,2286.0,609.6,/cabinet-inventory/models/bvc-2095.glb,https://bluevalleycabinets.ca/product/pantry-cabinet-four-doors-style-90%e2%80%b3-hight/?attribute_pa_color=ws&attribute_pa_width=30-w,
bvc-2094,Blue Valley,PC3090-NO,"Pantry Cabinet – Four Doors Style – 90"" HIGHT",Natural Oak,,model_ready,762.0,2286.0,609.6,/cabinet-inventory/models/bvc-2094.glb,https://bluevalleycabinets.ca/product/pantry-cabinet-four-doors-style-90%e2%80%b3-hight/?attribute_pa_color=oak-2&attribute_pa_width=30-w,
bvc-2093,Blue Valley,PC3090-GW,"Pantry Cabinet – Four Doors Style – 90"" HIGHT",Gloss White,,model_ready,762.0,2286.0,609.6,/cabinet-inventory/models/bvc-2093.glb,https://bluevalleycabinets.ca/product/pantry-cabinet-four-doors-style-90%e2%80%b3-hight/?attribute_pa_color=gw&attribute_pa_width=30-w,
bvc-2092,Blue Valley,PC3090,"Pantry Cabinet – Four Doors Style – 90"" HIGHT",Dark Walnut,,model_ready,762.0,2286.0,609.6,/cabinet-inventory/models/bvc-2092.glb,https://bluevalleycabinets.ca/product/pantry-cabinet-four-doors-style-90%e2%80%b3-hight/?attribute_pa_color=dw&attribute_pa_width=30-w,
bvc-2091,Blue Valley,PC2490-WS,"Pantry Cabinet – Four Doors Style – 90"" HIGHT",White shaker,,model_ready,609.6,2286.0,609.6,/cabinet-inventory/models/bvc-2091.glb,https://bluevalleycabinets.ca/product/pantry-cabinet-four-doors-style-90%e2%80%b3-hight/?attribute_pa_color=ws&attribute_pa_width=24-width,
bvc-2090,Blue Valley,PC2490-NO,"Pantry Cabinet – Four Doors Style – 90"" HIGHT",Natural Oak,,model_ready,609.6,2286.0,609.6,/cabinet-inventory/models/bvc-2090.glb,https://bluevalleycabinets.ca/product/pantry-cabinet-four-doors-style-90%e2%80%b3-hight/?attribute_pa_color=oak-2&attribute_pa_width=24-width,
bvc-2089,Blue Valley,PC2490-GW,"Pantry Cabinet – Four Doors Style – 90"" HIGHT",Gloss White,,model_ready,609.6,2286.0,609.6,/cabinet-inventory/models/bvc-2089.glb,https://bluevalleycabinets.ca/product/pantry-cabinet-four-doors-style-90%e2%80%b3-hight/?attribute_pa_color=gw&attribute_pa_width=24-width,
bvc-2088,Blue Valley,PC2490,"Pantry Cabinet – Four Doors Style – 90"" HIGHT",Dark Walnut,,model_ready,609.6,2286.0,609.6,/cabinet-inventory/models/bvc-2088.glb,https://bluevalleycabinets.ca/product/pantry-cabinet-four-doors-style-90%e2%80%b3-hight/?attribute_pa_color=dw&attribute_pa_width=24-width,
bvc-2081,Blue Valley,PC3684-WS,"Pantry Cabinet – Four Doors Style – 84"" HIGHT",White shaker,,model_ready,914.4,2133.6,609.6,/cabinet-inventory/models/bvc-2081.glb,https://bluevalleycabinets.ca/product/pantry-cabinet-four-doors-style-84%e2%80%b3-hight/?attribute_pa_color=ws&attribute_pa_width=36-w,
bvc-2080,Blue Valley,PC3684-NO,"Pantry Cabinet – Four Doors Style – 84"" HIGHT",Natural Oak,,model_ready,914.4,2133.6,609.6,/cabinet-inventory/models/bvc-2080.glb,https://bluevalleycabinets.ca/product/pantry-cabinet-four-doors-style-84%e2%80%b3-hight/?attribute_pa_color=oak-2&attribute_pa_width=36-w,
bvc-2079,Blue Valley,PC3684-GW,"Pantry Cabinet – Four Doors Style – 84"" HIGHT",Gloss White,,model_ready,914.4,2133.6,609.6,/cabinet-inventory/models/bvc-2079.glb,https://bluevalleycabinets.ca/product/pantry-cabinet-four-doors-style-84%e2%80%b3-hight/?attribute_pa_color=gw&attribute_pa_width=36-w,
bvc-2078,Blue Valley,PC3684,"Pantry Cabinet – Four Doors Style – 84"" HIGHT",Dark Walnut,,model_ready,914.4,2133.6,609.6,/cabinet-inventory/models/bvc-2078.glb,https://bluevalleycabinets.ca/product/pantry-cabinet-four-doors-style-84%e2%80%b3-hight/?attribute_pa_color=dw&attribute_pa_width=36-w,
bvc-2077,Blue Valley,PC3084-WS,"Pantry Cabinet – Four Doors Style – 84"" HIGHT",White shaker,,model_ready,762.0,2133.6,609.6,/cabinet-inventory/models/bvc-2077.glb,https://bluevalleycabinets.ca/product/pantry-cabinet-four-doors-style-84%e2%80%b3-hight/?attribute_pa_color=ws&attribute_pa_width=30-w,
bvc-2076,Blue Valley,PC3084-NO,"Pantry Cabinet – Four Doors Style – 84"" HIGHT",Natural Oak,,model_ready,762.0,2133.6,609.6,/cabinet-inventory/models/bvc-2076.glb,https://bluevalleycabinets.ca/product/pantry-cabinet-four-doors-style-84%e2%80%b3-hight/?attribute_pa_color=oak-2&attribute_pa_width=30-w,
bvc-2075,Blue Valley,PC3084-GW,"Pantry Cabinet – Four Doors Style – 84"" HIGHT",Gloss White,,model_ready,762.0,2133.6,609.6,/cabinet-inventory/models/bvc-2075.glb,https://bluevalleycabinets.ca/product/pantry-cabinet-four-doors-style-84%e2%80%b3-hight/?attribute_pa_color=gw&attribute_pa_width=30-w,
bvc-2074,Blue Valley,PC3084,"Pantry Cabinet – Four Doors Style – 84"" HIGHT",Dark Walnut,,model_ready,762.0,2133.6,609.6,/cabinet-inventory/models/bvc-2074.glb,https://bluevalleycabinets.ca/product/pantry-cabinet-four-doors-style-84%e2%80%b3-hight/?attribute_pa_color=dw&attribute_pa_width=30-w,
bvc-2073,Blue Valley,PC2484-WS,"Pantry Cabinet – Four Doors Style – 84"" HIGHT",White shaker,,model_ready,609.6,2133.6,609.6,/cabinet-inventory/models/bvc-2073.glb,https://bluevalleycabinets.ca/product/pantry-cabinet-four-doors-style-84%e2%80%b3-hight/?attribute_pa_color=ws&attribute_pa_width=24-width,
bvc-2072,Blue Valley,PC2484-NO,"Pantry Cabinet – Four Doors Style – 84"" HIGHT",Natural Oak,,model_ready,609.6,2133.6,609.6,/cabinet-inventory/models/bvc-2072.glb,https://bluevalleycabinets.ca/product/pantry-cabinet-four-doors-style-84%e2%80%b3-hight/?attribute_pa_color=oak-2&attribute_pa_width=24-width,
bvc-2071,Blue Valley,PC2484-GW,"Pantry Cabinet – Four Doors Style – 84"" HIGHT",Gloss White,,model_ready,609.6,2133.6,609.6,/cabinet-inventory/models/bvc-2071.glb,https://bluevalleycabinets.ca/product/pantry-cabinet-four-doors-style-84%e2%80%b3-hight/?attribute_pa_color=gw&attribute_pa_width=24-width,
bvc-2070,Blue Valley,PC2484,"Pantry Cabinet – Four Doors Style – 84"" HIGHT",Dark Walnut,,model_ready,609.6,2133.6,609.6,/cabinet-inventory/models/bvc-2070.glb,https://bluevalleycabinets.ca/product/pantry-cabinet-four-doors-style-84%e2%80%b3-hight/?attribute_pa_color=dw&attribute_pa_width=24-width,
bvc-2067,Blue Valley,PC1896-WS,"Pantry Cabinet – Double Doors Style – 96"" HIGHT",White shaker,,model_ready,457.2,2438.4,609.6,/cabinet-inventory/models/bvc-2067.glb,https://bluevalleycabinets.ca/product/pantry-cabinet-double-doors-style-96%e2%80%b3-hight/?attribute_pa_color=ws&attribute_pa_width=18-w,
bvc-2066,Blue Valley,PC1896-NO,"Pantry Cabinet – Double Doors Style – 96"" HIGHT",Natural Oak,,model_ready,457.2,2438.4,609.6,/cabinet-inventory/models/bvc-2066.glb,https://bluevalleycabinets.ca/product/pantry-cabinet-double-doors-style-96%e2%80%b3-hight/?attribute_pa_color=oak-2&attribute_pa_width=18-w,
bvc-2065,Blue Valley,PC1896-GW,"Pantry Cabinet – Double Doors Style – 96"" HIGHT",Gloss White,,model_ready,457.2,2438.4,609.6,/cabinet-inventory/models/bvc-2065.glb,https://bluevalleycabinets.ca/product/pantry-cabinet-double-doors-style-96%e2%80%b3-hight/?attribute_pa_color=gw&attribute_pa_width=18-w,
bvc-2064,Blue Valley,PC1896,"Pantry Cabinet – Double Doors Style – 96"" HIGHT",Dark Walnut,,model_ready,457.2,2438.4,609.6,/cabinet-inventory/models/bvc-2064.glb,https://bluevalleycabinets.ca/product/pantry-cabinet-double-doors-style-96%e2%80%b3-hight/?attribute_pa_color=dw&attribute_pa_width=18-w,
bvc-2063,Blue Valley,PC1596-WS,"Pantry Cabinet – Double Doors Style – 96"" HIGHT",White shaker,,model_ready,381.0,2438.4,609.6,/cabinet-inventory/models/bvc-2063.glb,https://bluevalleycabinets.ca/product/pantry-cabinet-double-doors-style-96%e2%80%b3-hight/?attribute_pa_color=ws&attribute_pa_width=15-4,
bvc-2062,Blue Valley,PC1596-NO,"Pantry Cabinet – Double Doors Style – 96"" HIGHT",Natural Oak,,model_ready,381.0,2438.4,609.6,/cabinet-inventory/models/bvc-2062.glb,https://bluevalleycabinets.ca/product/pantry-cabinet-double-doors-style-96%e2%80%b3-hight/?attribute_pa_color=oak-2&attribute_pa_width=15-4,
bvc-2061,Blue Valley,PC1596-GW,"Pantry Cabinet – Double Doors Style – 96"" HIGHT",Gloss White,,model_ready,381.0,2438.4,609.6,/cabinet-inventory/models/bvc-2061.glb,https://bluevalleycabinets.ca/product/pantry-cabinet-double-doors-style-96%e2%80%b3-hight/?attribute_pa_color=gw&attribute_pa_width=15-4,
bvc-2060,Blue Valley,PC1596,"Pantry Cabinet – Double Doors Style – 96"" HIGHT",Dark Walnut,,model_ready,381.0,2438.4,609.6,/cabinet-inventory/models/bvc-2060.glb,https://bluevalleycabinets.ca/product/pantry-cabinet-double-doors-style-96%e2%80%b3-hight/?attribute_pa_color=dw&attribute_pa_width=15-4,
bvc-2057,Blue Valley,PC1890-WS,"Pantry Cabinet – Double Doors Style – 90"" HIGHT",White shaker,,model_ready,457.2,2286.0,609.6,/cabinet-inventory/models/bvc-2057.glb,https://bluevalleycabinets.ca/product/pantry-cabinet-double-doors-style-90%e2%80%b3-hight/?attribute_pa_color=ws&attribute_pa_width=18-w,
bvc-2056,Blue Valley,PC1890-NO,"Pantry Cabinet – Double Doors Style – 90"" HIGHT",Natural Oak,,model_ready,457.2,2286.0,609.6,/cabinet-inventory/models/bvc-2056.glb,https://bluevalleycabinets.ca/product/pantry-cabinet-double-doors-style-90%e2%80%b3-hight/?attribute_pa_color=oak-2&attribute_pa_width=18-w,
bvc-2055,Blue Valley,PC1890-GW,"Pantry Cabinet – Double Doors Style – 90"" HIGHT",Gloss White,,model_ready,457.2,2286.0,609.6,/cabinet-inventory/models/bvc-2055.glb,https://bluevalleycabinets.ca/product/pantry-cabinet-double-doors-style-90%e2%80%b3-hight/?attribute_pa_color=gw&attribute_pa_width=18-w,
bvc-2054,Blue Valley,PC1890,"Pantry Cabinet – Double Doors Style – 90"" HIGHT",Dark Walnut,,model_ready,457.2,2286.0,609.6,/cabinet-inventory/models/bvc-2054.glb,https://bluevalleycabinets.ca/product/pantry-cabinet-double-doors-style-90%e2%80%b3-hight/?attribute_pa_color=dw&attribute_pa_width=18-w,
bvc-2053,Blue Valley,PC1590-WS,"Pantry Cabinet – Double Doors Style – 90"" HIGHT",White shaker,,model_ready,381.0,2286.0,609.6,/cabinet-inventory/models/bvc-2053.glb,https://bluevalleycabinets.ca/product/pantry-cabinet-double-doors-style-90%e2%80%b3-hight/?attribute_pa_color=ws&attribute_pa_width=15-4,
bvc-2052,Blue Valley,PC1590-NO,"Pantry Cabinet – Double Doors Style – 90"" HIGHT",Natural Oak,,model_ready,381.0,2286.0,609.6,/cabinet-inventory/models/bvc-2052.glb,https://bluevalleycabinets.ca/product/pantry-cabinet-double-doors-style-90%e2%80%b3-hight/?attribute_pa_color=oak-2&attribute_pa_width=15-4,
bvc-2051,Blue Valley,PC1590-GW,"Pantry Cabinet – Double Doors Style – 90"" HIGHT",Gloss White,,model_ready,381.0,2286.0,609.6,/cabinet-inventory/models/bvc-2051.glb,https://bluevalleycabinets.ca/product/pantry-cabinet-double-doors-style-90%e2%80%b3-hight/?attribute_pa_color=gw&attribute_pa_width=15-4,
bvc-2050,Blue Valley,PC1590,"Pantry Cabinet – Double Doors Style – 90"" HIGHT",Dark Walnut,,model_ready,381.0,2286.0,609.6,/cabinet-inventory/models/bvc-2050.glb,https://bluevalleycabinets.ca/product/pantry-cabinet-double-doors-style-90%e2%80%b3-hight/?attribute_pa_color=dw&attribute_pa_width=15-4,
bvc-2043,Blue Valley,PC1884-WS,"Pantry Cabinet – Double Doors Style – 84"" HIGHT",White shaker,,specification_review,,,,,https://bluevalleycabinets.ca/product/pantry-cabinet-double-doors-style-84-hight/?attribute_pa_color=ws&attribute_pa_width=18-3,84-inch product page includes 90-inch size rows; Assembled W/H/D and configuration require further verification; shipping units are not used as cabinet measurements
bvc-2042,Blue Valley,PC1884-NO,"Pantry Cabinet – Double Doors Style – 84"" HIGHT",Natural Oak,,specification_review,,,,,https://bluevalleycabinets.ca/product/pantry-cabinet-double-doors-style-84-hight/?attribute_pa_color=oak-2&attribute_pa_width=18-3,84-inch product page includes 90-inch size rows; Assembled W/H/D and configuration require further verification; shipping units are not used as cabinet measurements
bvc-2041,Blue Valley,PC1884-GW,"Pantry Cabinet – Double Doors Style – 84"" HIGHT",Gloss White,,specification_review,,,,,https://bluevalleycabinets.ca/product/pantry-cabinet-double-doors-style-84-hight/?attribute_pa_color=gw&attribute_pa_width=18-3,84-inch product page includes 90-inch size rows; Assembled W/H/D and configuration require further verification; shipping units are not used as cabinet measurements
bvc-2040,Blue Valley,PC1884,"Pantry Cabinet – Double Doors Style – 84"" HIGHT",Dark Walnut,,specification_review,,,,,https://bluevalleycabinets.ca/product/pantry-cabinet-double-doors-style-84-hight/?attribute_pa_color=dw&attribute_pa_width=18-3,84-inch product page includes 90-inch size rows; Assembled W/H/D and configuration require further verification; shipping units are not used as cabinet measurements
bvc-2039,Blue Valley,PC1584-WS,"Pantry Cabinet – Double Doors Style – 84"" HIGHT",White shaker,,specification_review,,,,,https://bluevalleycabinets.ca/product/pantry-cabinet-double-doors-style-84-hight/?attribute_pa_color=ws&attribute_pa_width=15-3,84-inch product page includes 90-inch size rows; Assembled W/H/D and configuration require further verification; shipping units are not used as cabinet measurements
bvc-2038,Blue Valley,PC1584-NO,"Pantry Cabinet – Double Doors Style – 84"" HIGHT",Natural Oak,,specification_review,,,,,https://bluevalleycabinets.ca/product/pantry-cabinet-double-doors-style-84-hight/?attribute_pa_color=oak-2&attribute_pa_width=15-3,84-inch product page includes 90-inch size rows; Assembled W/H/D and configuration require further verification; shipping units are not used as cabinet measurements
bvc-2037,Blue Valley,PC1584-GW,"Pantry Cabinet – Double Doors Style – 84"" HIGHT",Gloss White,,specification_review,,,,,https://bluevalleycabinets.ca/product/pantry-cabinet-double-doors-style-84-hight/?attribute_pa_color=gw&attribute_pa_width=15-3,84-inch product page includes 90-inch size rows; Assembled W/H/D and configuration require further verification; shipping units are not used as cabinet measurements
bvc-2036,Blue Valley,PC1584,"Pantry Cabinet – Double Doors Style – 84"" HIGHT",Dark Walnut,,specification_review,,,,,https://bluevalleycabinets.ca/product/pantry-cabinet-double-doors-style-84-hight/?attribute_pa_color=dw&attribute_pa_width=15-3,84-inch product page includes 90-inch size rows; Assembled W/H/D and configuration require further verification; shipping units are not used as cabinet measurements
bvc-1833,Blue Valley,VSB36-WS,Vanity Sink Base Cabinet,White shaker,,model_ready,914.4,876.3,533.4,/cabinet-inventory/models/bvc-1833.glb,https://bluevalleycabinets.ca/product/vanity-sink-base-cabinet-double-door-style-24-to-36/?attribute_pa_width=36-w&attribute_pa_color=ws,
bvc-1832,Blue Valley,VSB36-NO,Vanity Sink Base Cabinet,Natural Oak,,model_ready,914.4,876.3,533.4,/cabinet-inventory/models/bvc-1832.glb,https://bluevalleycabinets.ca/product/vanity-sink-base-cabinet-double-door-style-24-to-36/?attribute_pa_width=36-w&attribute_pa_color=oak-2,
bvc-1831,Blue Valley,VSB36-GW,Vanity Sink Base Cabinet,Gloss White,,model_ready,914.4,876.3,533.4,/cabinet-inventory/models/bvc-1831.glb,https://bluevalleycabinets.ca/product/vanity-sink-base-cabinet-double-door-style-24-to-36/?attribute_pa_width=36-w&attribute_pa_color=gw,
bvc-1830,Blue Valley,VSB36-DW,Vanity Sink Base Cabinet,Dark Walnut,,model_ready,914.4,876.3,533.4,/cabinet-inventory/models/bvc-1830.glb,https://bluevalleycabinets.ca/product/vanity-sink-base-cabinet-double-door-style-24-to-36/?attribute_pa_width=36-w&attribute_pa_color=dw,
bvc-1829,Blue Valley,VSB33-WS,Vanity Sink Base Cabinet,White shaker,,model_ready,838.2,876.3,533.4,/cabinet-inventory/models/bvc-1829.glb,https://bluevalleycabinets.ca/product/vanity-sink-base-cabinet-double-door-style-24-to-36/?attribute_pa_width=33-4&attribute_pa_color=ws,
bvc-1828,Blue Valley,VSB33- NO,Vanity Sink Base Cabinet,Natural Oak,,model_ready,838.2,876.3,533.4,/cabinet-inventory/models/bvc-1828.glb,https://bluevalleycabinets.ca/product/vanity-sink-base-cabinet-double-door-style-24-to-36/?attribute_pa_width=33-4&attribute_pa_color=oak-2,
bvc-1827,Blue Valley,VSB33-GW,Vanity Sink Base Cabinet,Gloss White,,model_ready,838.2,876.3,533.4,/cabinet-inventory/models/bvc-1827.glb,https://bluevalleycabinets.ca/product/vanity-sink-base-cabinet-double-door-style-24-to-36/?attribute_pa_width=33-4&attribute_pa_color=gw,
bvc-1826,Blue Valley,VSB33,Vanity Sink Base Cabinet,Dark Walnut,,model_ready,838.2,876.3,533.4,/cabinet-inventory/models/bvc-1826.glb,https://bluevalleycabinets.ca/product/vanity-sink-base-cabinet-double-door-style-24-to-36/?attribute_pa_width=33-4&attribute_pa_color=dw,
bvc-1825,Blue Valley,VSB30-WS,Vanity Sink Base Cabinet,White shaker,,model_ready,762.0,876.3,533.4,/cabinet-inventory/models/bvc-1825.glb,https://bluevalleycabinets.ca/product/vanity-sink-base-cabinet-double-door-style-24-to-36/?attribute_pa_width=30-w&attribute_pa_color=ws,
bvc-1824,Blue Valley,VSB30-NO,Vanity Sink Base Cabinet,Natural Oak,,model_ready,762.0,876.3,533.4,/cabinet-inventory/models/bvc-1824.glb,https://bluevalleycabinets.ca/product/vanity-sink-base-cabinet-double-door-style-24-to-36/?attribute_pa_width=30-w&attribute_pa_color=oak-2,
bvc-1823,Blue Valley,VSB30-GW,Vanity Sink Base Cabinet,Gloss White,,model_ready,762.0,876.3,533.4,/cabinet-inventory/models/bvc-1823.glb,https://bluevalleycabinets.ca/product/vanity-sink-base-cabinet-double-door-style-24-to-36/?attribute_pa_width=30-w&attribute_pa_color=gw,
bvc-1822,Blue Valley,VSB30,Vanity Sink Base Cabinet,Dark Walnut,,model_ready,762.0,876.3,533.4,/cabinet-inventory/models/bvc-1822.glb,https://bluevalleycabinets.ca/product/vanity-sink-base-cabinet-double-door-style-24-to-36/?attribute_pa_width=30-w&attribute_pa_color=dw,
bvc-1821,Blue Valley,VSB27-WS,Vanity Sink Base Cabinet,White shaker,,model_ready,685.8,876.3,533.4,/cabinet-inventory/models/bvc-1821.glb,https://bluevalleycabinets.ca/product/vanity-sink-base-cabinet-double-door-style-24-to-36/?attribute_pa_width=27-w&attribute_pa_color=ws,
bvc-1820,Blue Valley,VSB27-NO,Vanity Sink Base Cabinet,Natural Oak,,model_ready,685.8,876.3,533.4,/cabinet-inventory/models/bvc-1820.glb,https://bluevalleycabinets.ca/product/vanity-sink-base-cabinet-double-door-style-24-to-36/?attribute_pa_width=27-w&attribute_pa_color=oak-2,
bvc-1819,Blue Valley,VSB27-GW,Vanity Sink Base Cabinet,Gloss White,,model_ready,685.8,876.3,533.4,/cabinet-inventory/models/bvc-1819.glb,https://bluevalleycabinets.ca/product/vanity-sink-base-cabinet-double-door-style-24-to-36/?attribute_pa_width=27-w&attribute_pa_color=gw,
bvc-1818,Blue Valley,VSB27,Vanity Sink Base Cabinet,Dark Walnut,,model_ready,685.8,876.3,533.4,/cabinet-inventory/models/bvc-1818.glb,https://bluevalleycabinets.ca/product/vanity-sink-base-cabinet-double-door-style-24-to-36/?attribute_pa_width=27-w&attribute_pa_color=dw,
bvc-1817,Blue Valley,VSB24-WS,Vanity Sink Base Cabinet,White shaker,,model_ready,609.6,876.3,533.4,/cabinet-inventory/models/bvc-1817.glb,https://bluevalleycabinets.ca/product/vanity-sink-base-cabinet-double-door-style-24-to-36/?attribute_pa_width=24-width&attribute_pa_color=ws,
bvc-1816,Blue Valley,VSB24-NO,Vanity Sink Base Cabinet,Natural Oak,,model_ready,609.6,876.3,533.4,/cabinet-inventory/models/bvc-1816.glb,https://bluevalleycabinets.ca/product/vanity-sink-base-cabinet-double-door-style-24-to-36/?attribute_pa_width=24-width&attribute_pa_color=oak-2,
bvc-1815,Blue Valley,VSB24-GW,Vanity Sink Base Cabinet,Gloss White,,model_ready,609.6,876.3,533.4,/cabinet-inventory/models/bvc-1815.glb,https://bluevalleycabinets.ca/product/vanity-sink-base-cabinet-double-door-style-24-to-36/?attribute_pa_width=24-width&attribute_pa_color=gw,
bvc-1814,Blue Valley,VSB24,Vanity Sink Base Cabinet,Dark Walnut,,model_ready,609.6,876.3,533.4,/cabinet-inventory/models/bvc-1814.glb,https://bluevalleycabinets.ca/product/vanity-sink-base-cabinet-double-door-style-24-to-36/?attribute_pa_width=24-width&attribute_pa_color=dw,
bvc-1806,Blue Valley,VB21FHD-WS,Vanity Base Full Door Cabinet,White shaker,,model_ready,533.4,876.3,533.4,/cabinet-inventory/models/bvc-1806.glb,https://bluevalleycabinets.ca/product/vanity-base-full-door-cabinet-collection/?attribute_pa_width=21-w&attribute_pa_color=ws,
bvc-1805,Blue Valley,VB21FHD-NO,Vanity Base Full Door Cabinet,Natural Oak,,model_ready,533.4,876.3,533.4,/cabinet-inventory/models/bvc-1805.glb,https://bluevalleycabinets.ca/product/vanity-base-full-door-cabinet-collection/?attribute_pa_width=21-w&attribute_pa_color=oak-2,
bvc-1804,Blue Valley,VB21FHD-GW,Vanity Base Full Door Cabinet,Gloss White,,model_ready,533.4,876.3,533.4,/cabinet-inventory/models/bvc-1804.glb,https://bluevalleycabinets.ca/product/vanity-base-full-door-cabinet-collection/?attribute_pa_width=21-w&attribute_pa_color=gw,
bvc-1803,Blue Valley,VB21FHD,Vanity Base Full Door Cabinet,Dark Walnut,,model_ready,533.4,876.3,533.4,/cabinet-inventory/models/bvc-1803.glb,https://bluevalleycabinets.ca/product/vanity-base-full-door-cabinet-collection/?attribute_pa_width=21-w&attribute_pa_color=dw,
bvc-1802,Blue Valley,VB18FHD-WS,Vanity Base Full Door Cabinet,White shaker,,model_ready,457.2,876.3,533.4,/cabinet-inventory/models/bvc-1802.glb,https://bluevalleycabinets.ca/product/vanity-base-full-door-cabinet-collection/?attribute_pa_width=18-w&attribute_pa_color=ws,
bvc-1801,Blue Valley,VB18FHD-NO,Vanity Base Full Door Cabinet,Natural Oak,,model_ready,457.2,876.3,533.4,/cabinet-inventory/models/bvc-1801.glb,https://bluevalleycabinets.ca/product/vanity-base-full-door-cabinet-collection/?attribute_pa_width=18-w&attribute_pa_color=oak-2,
bvc-1800,Blue Valley,VB18FHD-GW,Vanity Base Full Door Cabinet,Gloss White,,model_ready,457.2,876.3,533.4,/cabinet-inventory/models/bvc-1800.glb,https://bluevalleycabinets.ca/product/vanity-base-full-door-cabinet-collection/?attribute_pa_width=18-w&attribute_pa_color=gw,
bvc-1799,Blue Valley,VB18FHD,Vanity Base Full Door Cabinet,Dark Walnut,,model_ready,457.2,876.3,533.4,/cabinet-inventory/models/bvc-1799.glb,https://bluevalleycabinets.ca/product/vanity-base-full-door-cabinet-collection/?attribute_pa_width=18-w&attribute_pa_color=dw,
bvc-1798,Blue Valley,VB15FHD-WS,Vanity Base Full Door Cabinet,White shaker,,model_ready,381.0,876.3,533.4,/cabinet-inventory/models/bvc-1798.glb,https://bluevalleycabinets.ca/product/vanity-base-full-door-cabinet-collection/?attribute_pa_width=15-4&attribute_pa_color=ws,
bvc-1797,Blue Valley,VB15FHD-NO,Vanity Base Full Door Cabinet,Natural Oak,,model_ready,381.0,876.3,533.4,/cabinet-inventory/models/bvc-1797.glb,https://bluevalleycabinets.ca/product/vanity-base-full-door-cabinet-collection/?attribute_pa_width=15-4&attribute_pa_color=oak-2,
bvc-1796,Blue Valley,VB15FHD-GW,Vanity Base Full Door Cabinet,Gloss White,,model_ready,381.0,876.3,533.4,/cabinet-inventory/models/bvc-1796.glb,https://bluevalleycabinets.ca/product/vanity-base-full-door-cabinet-collection/?attribute_pa_width=15-4&attribute_pa_color=gw,
bvc-1795,Blue Valley,VB15FHD,Vanity Base Full Door Cabinet,Dark Walnut,,model_ready,381.0,876.3,533.4,/cabinet-inventory/models/bvc-1795.glb,https://bluevalleycabinets.ca/product/vanity-base-full-door-cabinet-collection/?attribute_pa_width=15-4&attribute_pa_color=dw,
bvc-1794,Blue Valley,VB12FHD-WS,Vanity Base Full Door Cabinet,White shaker,,model_ready,304.8,876.3,533.4,/cabinet-inventory/models/bvc-1794.glb,https://bluevalleycabinets.ca/product/vanity-base-full-door-cabinet-collection/?attribute_pa_width=12-3&attribute_pa_color=ws,
bvc-1793,Blue Valley,VB12FHD-NO,Vanity Base Full Door Cabinet,Natural Oak,,model_ready,304.8,876.3,533.4,/cabinet-inventory/models/bvc-1793.glb,https://bluevalleycabinets.ca/product/vanity-base-full-door-cabinet-collection/?attribute_pa_width=12-3&attribute_pa_color=oak-2,
bvc-1792,Blue Valley,VB12FHD-GW,Vanity Base Full Door Cabinet,Gloss White,,model_ready,304.8,876.3,533.4,/cabinet-inventory/models/bvc-1792.glb,https://bluevalleycabinets.ca/product/vanity-base-full-door-cabinet-collection/?attribute_pa_width=12-3&attribute_pa_color=gw,
bvc-1791,Blue Valley,VB12FHD,Vanity Base Full Door Cabinet,Dark Walnut,,model_ready,304.8,876.3,533.4,/cabinet-inventory/models/bvc-1791.glb,https://bluevalleycabinets.ca/product/vanity-base-full-door-cabinet-collection/?attribute_pa_width=12-3&attribute_pa_color=dw,
bvc-1783,Blue Valley,VB21-WS,Vanity Base Cabinet Collection,White shaker,,specification_review,,,,,https://bluevalleycabinets.ca/product/vanity-base-cabinet-collection/?attribute_pa_width=21-w&attribute_pa_color=ws,Assembled W/H/D and configuration require further verification; shipping units are not used as cabinet measurements
bvc-1782,Blue Valley,VB21-NO,Vanity Base Cabinet Collection,Natural Oak,,specification_review,,,,,https://bluevalleycabinets.ca/product/vanity-base-cabinet-collection/?attribute_pa_width=21-w&attribute_pa_color=oak-2,Assembled W/H/D and configuration require further verification; shipping units are not used as cabinet measurements
bvc-1781,Blue Valley,VB21-GW,Vanity Base Cabinet Collection,Gloss White,,specification_review,,,,,https://bluevalleycabinets.ca/product/vanity-base-cabinet-collection/?attribute_pa_width=21-w&attribute_pa_color=gw,Assembled W/H/D and configuration require further verification; shipping units are not used as cabinet measurements
bvc-1780,Blue Valley,VB21,Vanity Base Cabinet Collection,Dark Walnut,,specification_review,,,,,https://bluevalleycabinets.ca/product/vanity-base-cabinet-collection/?attribute_pa_width=21-w&attribute_pa_color=dw,Assembled W/H/D and configuration require further verification; shipping units are not used as cabinet measurements
bvc-1779,Blue Valley,VB18 – WS,Vanity Base Cabinet Collection,White shaker,,specification_review,,,,,https://bluevalleycabinets.ca/product/vanity-base-cabinet-collection/?attribute_pa_width=18-w&attribute_pa_color=ws,Assembled W/H/D and configuration require further verification; shipping units are not used as cabinet measurements
bvc-1778,Blue Valley,VB18 – NO,Vanity Base Cabinet Collection,Natural Oak,,specification_review,,,,,https://bluevalleycabinets.ca/product/vanity-base-cabinet-collection/?attribute_pa_width=18-w&attribute_pa_color=oak-2,Assembled W/H/D and configuration require further verification; shipping units are not used as cabinet measurements
bvc-1777,Blue Valley,VB18 – GW,Vanity Base Cabinet Collection,Gloss White,,specification_review,,,,,https://bluevalleycabinets.ca/product/vanity-base-cabinet-collection/?attribute_pa_width=18-w&attribute_pa_color=gw,Assembled W/H/D and configuration require further verification; shipping units are not used as cabinet measurements
bvc-1776,Blue Valley,VB18,Vanity Base Cabinet Collection,Dark Walnut,,specification_review,,,,,https://bluevalleycabinets.ca/product/vanity-base-cabinet-collection/?attribute_pa_width=18-w&attribute_pa_color=dw,Assembled W/H/D and configuration require further verification; shipping units are not used as cabinet measurements
bvc-1775,Blue Valley,VB15-WS,Vanity Base Cabinet Collection,White shaker,,specification_review,,,,,https://bluevalleycabinets.ca/product/vanity-base-cabinet-collection/?attribute_pa_width=15-4&attribute_pa_color=ws,Assembled W/H/D and configuration require further verification; shipping units are not used as cabinet measurements
bvc-1774,Blue Valley,VB15-NO,Vanity Base Cabinet Collection,Natural Oak,,specification_review,,,,,https://bluevalleycabinets.ca/product/vanity-base-cabinet-collection/?attribute_pa_width=15-4&attribute_pa_color=oak-2,Assembled W/H/D and configuration require further verification; shipping units are not used as cabinet measurements
bvc-1773,Blue Valley,VB15-GW,Vanity Base Cabinet Collection,Gloss White,,specification_review,,,,,https://bluevalleycabinets.ca/product/vanity-base-cabinet-collection/?attribute_pa_width=15-4&attribute_pa_color=gw,Assembled W/H/D and configuration require further verification; shipping units are not used as cabinet measurements
bvc-1772,Blue Valley,VB15,Vanity Base Cabinet Collection,Dark Walnut,,specification_review,,,,,https://bluevalleycabinets.ca/product/vanity-base-cabinet-collection/?attribute_pa_width=15-4&attribute_pa_color=dw,Assembled W/H/D and configuration require further verification; shipping units are not used as cabinet measurements
bvc-1771,Blue Valley,VB12- WS,Vanity Base Cabinet Collection,White shaker,,specification_review,,,,,https://bluevalleycabinets.ca/product/vanity-base-cabinet-collection/?attribute_pa_width=12-3&attribute_pa_color=ws,Assembled W/H/D and configuration require further verification; shipping units are not used as cabinet measurements
bvc-1770,Blue Valley,VB12- NO,Vanity Base Cabinet Collection,Natural Oak,,specification_review,,,,,https://bluevalleycabinets.ca/product/vanity-base-cabinet-collection/?attribute_pa_width=12-3&attribute_pa_color=oak-2,Assembled W/H/D and configuration require further verification; shipping units are not used as cabinet measurements
bvc-1769,Blue Valley,VB12-GW,Vanity Base Cabinet Collection,Gloss White,,specification_review,,,,,https://bluevalleycabinets.ca/product/vanity-base-cabinet-collection/?attribute_pa_width=12-3&attribute_pa_color=gw,Assembled W/H/D and configuration require further verification; shipping units are not used as cabinet measurements
bvc-1768,Blue Valley,VB12,Vanity Base Cabinet Collection,Dark Walnut,,specification_review,,,,,https://bluevalleycabinets.ca/product/vanity-base-cabinet-collection/?attribute_pa_width=12-3&attribute_pa_color=dw,Assembled W/H/D and configuration require further verification; shipping units are not used as cabinet measurements
bvc-1765,Blue Valley,3684F-PW,"Closet – 16"" Depth",PREMIUM WHITE,,specification_review,,,,,https://bluevalleycabinets.ca/product/closet-systems-designed-15-5-8%e2%80%b3-depth/?attribute_pa_width=36-w&attribute_pa_color=premium-white,Assembled W/H/D and configuration require further verification; shipping units are not used as cabinet measurements
bvc-1764,Blue Valley,3684F-NO,"Closet – 16"" Depth",Light Oak,,specification_review,,,,,https://bluevalleycabinets.ca/product/closet-systems-designed-15-5-8%e2%80%b3-depth/?attribute_pa_width=36-w&attribute_pa_color=light-oak,Assembled W/H/D and configuration require further verification; shipping units are not used as cabinet measurements
bvc-1763,Blue Valley,C3684F,"Closet – 16"" Depth",Kansas Oak,,specification_review,,,,,https://bluevalleycabinets.ca/product/closet-systems-designed-15-5-8%e2%80%b3-depth/?attribute_pa_width=36-w&attribute_pa_color=kansas-oak,Assembled W/H/D and configuration require further verification; shipping units are not used as cabinet measurements
bvc-1762,Blue Valley,C3084F-PW,"Closet – 16"" Depth",PREMIUM WHITE,,specification_review,,,,,https://bluevalleycabinets.ca/product/closet-systems-designed-15-5-8%e2%80%b3-depth/?attribute_pa_width=30-w&attribute_pa_color=premium-white,Assembled W/H/D and configuration require further verification; shipping units are not used as cabinet measurements
bvc-1761,Blue Valley,C3084F-NO,"Closet – 16"" Depth",Light Oak,,specification_review,,,,,https://bluevalleycabinets.ca/product/closet-systems-designed-15-5-8%e2%80%b3-depth/?attribute_pa_width=30-w&attribute_pa_color=light-oak,Assembled W/H/D and configuration require further verification; shipping units are not used as cabinet measurements
bvc-1760,Blue Valley,C3084F,"Closet – 16"" Depth",Kansas Oak,,specification_review,,,,,https://bluevalleycabinets.ca/product/closet-systems-designed-15-5-8%e2%80%b3-depth/?attribute_pa_width=30-w&attribute_pa_color=kansas-oak,Assembled W/H/D and configuration require further verification; shipping units are not used as cabinet measurements
bvc-1759,Blue Valley,2484F-PW,"Closet – 16"" Depth",PREMIUM WHITE,,specification_review,,,,,https://bluevalleycabinets.ca/product/closet-systems-designed-15-5-8%e2%80%b3-depth/?attribute_pa_width=24-width&attribute_pa_color=premium-white,Assembled W/H/D and configuration require further verification; shipping units are not used as cabinet measurements
bvc-1758,Blue Valley,2484F-NO,"Closet – 16"" Depth",Light Oak,,specification_review,,,,,https://bluevalleycabinets.ca/product/closet-systems-designed-15-5-8%e2%80%b3-depth/?attribute_pa_width=24-width&attribute_pa_color=light-oak,Assembled W/H/D and configuration require further verification; shipping units are not used as cabinet measurements
bvc-1757,Blue Valley,C2484F,"Closet – 16"" Depth",Kansas Oak,,specification_review,,,,,https://bluevalleycabinets.ca/product/closet-systems-designed-15-5-8%e2%80%b3-depth/?attribute_pa_width=24-width&attribute_pa_color=kansas-oak,Assembled W/H/D and configuration require further verification; shipping units are not used as cabinet measurements
bvc-1756,Blue Valley,C2184F-PW,"Closet – 16"" Depth",PREMIUM WHITE,,specification_review,,,,,https://bluevalleycabinets.ca/product/closet-systems-designed-15-5-8%e2%80%b3-depth/?attribute_pa_width=21-w&attribute_pa_color=premium-white,Assembled W/H/D and configuration require further verification; shipping units are not used as cabinet measurements
bvc-1755,Blue Valley,2184F-LO,"Closet – 16"" Depth",Light Oak,,specification_review,,,,,https://bluevalleycabinets.ca/product/closet-systems-designed-15-5-8%e2%80%b3-depth/?attribute_pa_width=21-w&attribute_pa_color=light-oak,Assembled W/H/D and configuration require further verification; shipping units are not used as cabinet measurements
bvc-1754,Blue Valley,C2184F,"Closet – 16"" Depth",Kansas Oak,,specification_review,,,,,https://bluevalleycabinets.ca/product/closet-systems-designed-15-5-8%e2%80%b3-depth/?attribute_pa_width=21-w&attribute_pa_color=kansas-oak,Assembled W/H/D and configuration require further verification; shipping units are not used as cabinet measurements
bvc-1753,Blue Valley,1884F-PW,"Closet – 16"" Depth",PREMIUM WHITE,,specification_review,,,,,https://bluevalleycabinets.ca/product/closet-systems-designed-15-5-8%e2%80%b3-depth/?attribute_pa_width=18-w&attribute_pa_color=premium-white,Assembled W/H/D and configuration require further verification; shipping units are not used as cabinet measurements
bvc-1752,Blue Valley,1884F-NO,"Closet – 16"" Depth",Light Oak,,specification_review,,,,,https://bluevalleycabinets.ca/product/closet-systems-designed-15-5-8%e2%80%b3-depth/?attribute_pa_width=18-w&attribute_pa_color=light-oak,Assembled W/H/D and configuration require further verification; shipping units are not used as cabinet measurements
bvc-1751,Blue Valley,C1884F,"Closet – 16"" Depth",Kansas Oak,,specification_review,,,,,https://bluevalleycabinets.ca/product/closet-systems-designed-15-5-8%e2%80%b3-depth/?attribute_pa_width=18-w&attribute_pa_color=kansas-oak,Assembled W/H/D and configuration require further verification; shipping units are not used as cabinet measurements
bvc-1750,Blue Valley,1584F-PW,"Closet – 16"" Depth",PREMIUM WHITE,,specification_review,,,,,https://bluevalleycabinets.ca/product/closet-systems-designed-15-5-8%e2%80%b3-depth/?attribute_pa_width=15-4&attribute_pa_color=premium-white,Assembled W/H/D and configuration require further verification; shipping units are not used as cabinet measurements
bvc-1749,Blue Valley,1584F-NO,"Closet – 16"" Depth",Light Oak,,specification_review,,,,,https://bluevalleycabinets.ca/product/closet-systems-designed-15-5-8%e2%80%b3-depth/?attribute_pa_width=15-4&attribute_pa_color=light-oak,Assembled W/H/D and configuration require further verification; shipping units are not used as cabinet measurements
bvc-1748,Blue Valley,C1584F,"Closet – 16"" Depth",Kansas Oak,,specification_review,,,,,https://bluevalleycabinets.ca/product/closet-systems-designed-15-5-8%e2%80%b3-depth/?attribute_pa_width=15-4&attribute_pa_color=kansas-oak,Assembled W/H/D and configuration require further verification; shipping units are not used as cabinet measurements
bvc-1742,Blue Valley,C3684DF-PW,"Closet – 24"" Depth",PREMIUM WHITE,,specification_review,,,,,https://bluevalleycabinets.ca/product/closet-systems-designed-24%e2%80%b3-depth/?attribute_pa_color=premium-white&attribute_pa_width=36-w,Assembled W/H/D and configuration require further verification; shipping units are not used as cabinet measurements
bvc-1741,Blue Valley,C3684D-LO,"Closet – 24"" Depth",Light Oak,,specification_review,,,,,https://bluevalleycabinets.ca/product/closet-systems-designed-24%e2%80%b3-depth/?attribute_pa_color=light-oak&attribute_pa_width=36-w,Assembled W/H/D and configuration require further verification; shipping units are not used as cabinet measurements
bvc-1740,Blue Valley,C3684DF,"Closet – 24"" Depth",Kansas Oak,,specification_review,,,,,https://bluevalleycabinets.ca/product/closet-systems-designed-24%e2%80%b3-depth/?attribute_pa_color=kansas-oak&attribute_pa_width=36-w,Assembled W/H/D and configuration require further verification; shipping units are not used as cabinet measurements
bvc-1739,Blue Valley,3084DF-PW,"Closet – 24"" Depth",PREMIUM WHITE,,specification_review,,,,,https://bluevalleycabinets.ca/product/closet-systems-designed-24%e2%80%b3-depth/?attribute_pa_color=premium-white&attribute_pa_width=30-w,Assembled W/H/D and configuration require further verification; shipping units are not used as cabinet measurements
bvc-1738,Blue Valley,3084DF-LO,"Closet – 24"" Depth",Light Oak,,specification_review,,,,,https://bluevalleycabinets.ca/product/closet-systems-designed-24%e2%80%b3-depth/?attribute_pa_color=light-oak&attribute_pa_width=30-w,Assembled W/H/D and configuration require further verification; shipping units are not used as cabinet measurements
bvc-1737,Blue Valley,C3084DF,"Closet – 24"" Depth",Kansas Oak,,specification_review,,,,,https://bluevalleycabinets.ca/product/closet-systems-designed-24%e2%80%b3-depth/?attribute_pa_color=kansas-oak&attribute_pa_width=30-w,Assembled W/H/D and configuration require further verification; shipping units are not used as cabinet measurements
bvc-1736,Blue Valley,2484DF-PW,"Closet – 24"" Depth",PREMIUM WHITE,,specification_review,,,,,https://bluevalleycabinets.ca/product/closet-systems-designed-24%e2%80%b3-depth/?attribute_pa_color=premium-white&attribute_pa_width=24-width,Assembled W/H/D and configuration require further verification; shipping units are not used as cabinet measurements
bvc-1735,Blue Valley,2484DF-LO,"Closet – 24"" Depth",Light Oak,,specification_review,,,,,https://bluevalleycabinets.ca/product/closet-systems-designed-24%e2%80%b3-depth/?attribute_pa_color=light-oak&attribute_pa_width=24-width,Assembled W/H/D and configuration require further verification; shipping units are not used as cabinet measurements
bvc-1734,Blue Valley,C2484DF,"Closet – 24"" Depth",Kansas Oak,,specification_review,,,,,https://bluevalleycabinets.ca/product/closet-systems-designed-24%e2%80%b3-depth/?attribute_pa_color=kansas-oak&attribute_pa_width=24-width,Assembled W/H/D and configuration require further verification; shipping units are not used as cabinet measurements
bvc-1733,Blue Valley,C2184DF-PW,"Closet – 24"" Depth",PREMIUM WHITE,,specification_review,,,,,https://bluevalleycabinets.ca/product/closet-systems-designed-24%e2%80%b3-depth/?attribute_pa_color=premium-white&attribute_pa_width=21-w,Assembled W/H/D and configuration require further verification; shipping units are not used as cabinet measurements
bvc-1732,Blue Valley,2184DF-LO,"Closet – 24"" Depth",Light Oak,,specification_review,,,,,https://bluevalleycabinets.ca/product/closet-systems-designed-24%e2%80%b3-depth/?attribute_pa_color=light-oak&attribute_pa_width=21-w,Assembled W/H/D and configuration require further verification; shipping units are not used as cabinet measurements
bvc-1731,Blue Valley,C2184DF,"Closet – 24"" Depth",Kansas Oak,,specification_review,,,,,https://bluevalleycabinets.ca/product/closet-systems-designed-24%e2%80%b3-depth/?attribute_pa_color=kansas-oak&attribute_pa_width=21-w,Assembled W/H/D and configuration require further verification; shipping units are not used as cabinet measurements
bvc-1730,Blue Valley,C1884DF-PW,"Closet – 24"" Depth",PREMIUM WHITE,,specification_review,,,,,https://bluevalleycabinets.ca/product/closet-systems-designed-24%e2%80%b3-depth/?attribute_pa_color=premium-white&attribute_pa_width=18-w,Assembled W/H/D and configuration require further verification; shipping units are not used as cabinet measurements
bvc-1729,Blue Valley,C1884DF-LO,"Closet – 24"" Depth",Light Oak,,specification_review,,,,,https://bluevalleycabinets.ca/product/closet-systems-designed-24%e2%80%b3-depth/?attribute_pa_color=light-oak&attribute_pa_width=18-w,Assembled W/H/D and configuration require further verification; shipping units are not used as cabinet measurements
bvc-1728,Blue Valley,C1884DF,"Closet – 24"" Depth",Kansas Oak,,specification_review,,,,,https://bluevalleycabinets.ca/product/closet-systems-designed-24%e2%80%b3-depth/?attribute_pa_color=kansas-oak&attribute_pa_width=18-w,Assembled W/H/D and configuration require further verification; shipping units are not used as cabinet measurements
bvc-1727,Blue Valley,C1584DF-PW,"Closet – 24"" Depth",PREMIUM WHITE,,specification_review,,,,,https://bluevalleycabinets.ca/product/closet-systems-designed-24%e2%80%b3-depth/?attribute_pa_color=premium-white&attribute_pa_width=15-4,Assembled W/H/D and configuration require further verification; shipping units are not used as cabinet measurements
bvc-1726,Blue Valley,C1584DF-LO,"Closet – 24"" Depth",Light Oak,,specification_review,,,,,https://bluevalleycabinets.ca/product/closet-systems-designed-24%e2%80%b3-depth/?attribute_pa_color=light-oak&attribute_pa_width=15-4,Assembled W/H/D and configuration require further verification; shipping units are not used as cabinet measurements
bvc-1725,Blue Valley,C1584DF,"Closet – 24"" Depth",Kansas Oak,,specification_review,,,,,https://bluevalleycabinets.ca/product/closet-systems-designed-24%e2%80%b3-depth/?attribute_pa_color=kansas-oak&attribute_pa_width=15-4,Assembled W/H/D and configuration require further verification; shipping units are not used as cabinet measurements
bvc-1703,Blue Valley,W3642-WS,"Wall Cabinet – 42"" Height",White shaker,,specification_review,,,,,https://bluevalleycabinets.ca/product/kitchen-wall-cabinet-42%e2%80%b3-height-2-adjustable-shelves/?attribute_pa_width=36-4&attribute_pa_color=ws,Title says 42-inch wall cabinet but description says 34.5-inch height / 24-inch depth; Assembled W/H/D and configuration require further verification; shipping units are not used as cabinet measurements
bvc-1702,Blue Valley,W3642-NO,"Wall Cabinet – 42"" Height",Natural Oak,,specification_review,,,,,https://bluevalleycabinets.ca/product/kitchen-wall-cabinet-42%e2%80%b3-height-2-adjustable-shelves/?attribute_pa_width=36-4&attribute_pa_color=oak-2,Title says 42-inch wall cabinet but description says 34.5-inch height / 24-inch depth; Assembled W/H/D and configuration require further verification; shipping units are not used as cabinet measurements
bvc-1701,Blue Valley,W3642-GW,"Wall Cabinet – 42"" Height",Gloss White,,specification_review,,,,,https://bluevalleycabinets.ca/product/kitchen-wall-cabinet-42%e2%80%b3-height-2-adjustable-shelves/?attribute_pa_width=36-4&attribute_pa_color=gw,Title says 42-inch wall cabinet but description says 34.5-inch height / 24-inch depth; Assembled W/H/D and configuration require further verification; shipping units are not used as cabinet measurements
bvc-1700,Blue Valley,W3642,"Wall Cabinet – 42"" Height",Dark Walnut,,specification_review,,,,,https://bluevalleycabinets.ca/product/kitchen-wall-cabinet-42%e2%80%b3-height-2-adjustable-shelves/?attribute_pa_width=36-4&attribute_pa_color=dw,Title says 42-inch wall cabinet but description says 34.5-inch height / 24-inch depth; Assembled W/H/D and configuration require further verification; shipping units are not used as cabinet measurements
bvc-1699,Blue Valley,W3342-WS,"Wall Cabinet – 42"" Height",White shaker,,specification_review,,,,,https://bluevalleycabinets.ca/product/kitchen-wall-cabinet-42%e2%80%b3-height-2-adjustable-shelves/?attribute_pa_width=33-2&attribute_pa_color=ws,Title says 42-inch wall cabinet but description says 34.5-inch height / 24-inch depth; Assembled W/H/D and configuration require further verification; shipping units are not used as cabinet measurements
bvc-1698,Blue Valley,W3342-NO,"Wall Cabinet – 42"" Height",Natural Oak,,specification_review,,,,,https://bluevalleycabinets.ca/product/kitchen-wall-cabinet-42%e2%80%b3-height-2-adjustable-shelves/?attribute_pa_width=33-2&attribute_pa_color=oak-2,Title says 42-inch wall cabinet but description says 34.5-inch height / 24-inch depth; Assembled W/H/D and configuration require further verification; shipping units are not used as cabinet measurements
bvc-1697,Blue Valley,W3342-GW,"Wall Cabinet – 42"" Height",Gloss White,,specification_review,,,,,https://bluevalleycabinets.ca/product/kitchen-wall-cabinet-42%e2%80%b3-height-2-adjustable-shelves/?attribute_pa_width=33-2&attribute_pa_color=gw,Title says 42-inch wall cabinet but description says 34.5-inch height / 24-inch depth; Assembled W/H/D and configuration require further verification; shipping units are not used as cabinet measurements
bvc-1696,Blue Valley,W3330-DW,"Wall Cabinet – 42"" Height",Dark Walnut,,specification_review,,,,,https://bluevalleycabinets.ca/product/kitchen-wall-cabinet-42%e2%80%b3-height-2-adjustable-shelves/?attribute_pa_width=33-2&attribute_pa_color=dw,Title says 42-inch wall cabinet but description says 34.5-inch height / 24-inch depth; Assembled W/H/D and configuration require further verification; shipping units are not used as cabinet measurements
bvc-1695,Blue Valley,W3042-ws,"Wall Cabinet – 42"" Height",White shaker,,specification_review,,,,,https://bluevalleycabinets.ca/product/kitchen-wall-cabinet-42%e2%80%b3-height-2-adjustable-shelves/?attribute_pa_width=30-5&attribute_pa_color=ws,Title says 42-inch wall cabinet but description says 34.5-inch height / 24-inch depth; Assembled W/H/D and configuration require further verification; shipping units are not used as cabinet measurements
bvc-1694,Blue Valley,W3042-NO,"Wall Cabinet – 42"" Height",Natural Oak,,specification_review,,,,,https://bluevalleycabinets.ca/product/kitchen-wall-cabinet-42%e2%80%b3-height-2-adjustable-shelves/?attribute_pa_width=30-5&attribute_pa_color=oak-2,Title says 42-inch wall cabinet but description says 34.5-inch height / 24-inch depth; Assembled W/H/D and configuration require further verification; shipping units are not used as cabinet measurements
bvc-1693,Blue Valley,W3042-GW,"Wall Cabinet – 42"" Height",Gloss White,,specification_review,,,,,https://bluevalleycabinets.ca/product/kitchen-wall-cabinet-42%e2%80%b3-height-2-adjustable-shelves/?attribute_pa_width=30-5&attribute_pa_color=gw,Title says 42-inch wall cabinet but description says 34.5-inch height / 24-inch depth; Assembled W/H/D and configuration require further verification; shipping units are not used as cabinet measurements
bvc-1692,Blue Valley,W3042,"Wall Cabinet – 42"" Height",Dark Walnut,,specification_review,,,,,https://bluevalleycabinets.ca/product/kitchen-wall-cabinet-42%e2%80%b3-height-2-adjustable-shelves/?attribute_pa_width=30-5&attribute_pa_color=dw,Title says 42-inch wall cabinet but description says 34.5-inch height / 24-inch depth; Assembled W/H/D and configuration require further verification; shipping units are not used as cabinet measurements
bvc-1691,Blue Valley,BVC-W2742-WS,"Wall Cabinet – 42"" Height",White shaker,,specification_review,,,,,https://bluevalleycabinets.ca/product/kitchen-wall-cabinet-42%e2%80%b3-height-2-adjustable-shelves/?attribute_pa_width=27-3&attribute_pa_color=ws,Title says 42-inch wall cabinet but description says 34.5-inch height / 24-inch depth; Assembled W/H/D and configuration require further verification; shipping units are not used as cabinet measurements
bvc-1690,Blue Valley,W2742-NO,"Wall Cabinet – 42"" Height",Natural Oak,,specification_review,,,,,https://bluevalleycabinets.ca/product/kitchen-wall-cabinet-42%e2%80%b3-height-2-adjustable-shelves/?attribute_pa_width=27-3&attribute_pa_color=oak-2,Title says 42-inch wall cabinet but description says 34.5-inch height / 24-inch depth; Assembled W/H/D and configuration require further verification; shipping units are not used as cabinet measurements
bvc-1689,Blue Valley,W2742-GW,"Wall Cabinet – 42"" Height",Gloss White,,specification_review,,,,,https://bluevalleycabinets.ca/product/kitchen-wall-cabinet-42%e2%80%b3-height-2-adjustable-shelves/?attribute_pa_width=27-3&attribute_pa_color=gw,Title says 42-inch wall cabinet but description says 34.5-inch height / 24-inch depth; Assembled W/H/D and configuration require further verification; shipping units are not used as cabinet measurements
bvc-1688,Blue Valley,W2730-DW,"Wall Cabinet – 42"" Height",Dark Walnut,,specification_review,,,,,https://bluevalleycabinets.ca/product/kitchen-wall-cabinet-42%e2%80%b3-height-2-adjustable-shelves/?attribute_pa_width=27-3&attribute_pa_color=dw,Title says 42-inch wall cabinet but description says 34.5-inch height / 24-inch depth; Assembled W/H/D and configuration require further verification; shipping units are not used as cabinet measurements
bvc-1687,Blue Valley,W2442-WS,"Wall Cabinet – 42"" Height",White shaker,,specification_review,,,,,https://bluevalleycabinets.ca/product/kitchen-wall-cabinet-42%e2%80%b3-height-2-adjustable-shelves/?attribute_pa_width=24-3&attribute_pa_color=ws,Title says 42-inch wall cabinet but description says 34.5-inch height / 24-inch depth; Assembled W/H/D and configuration require further verification; shipping units are not used as cabinet measurements
bvc-1686,Blue Valley,W2442-NO,"Wall Cabinet – 42"" Height",Natural Oak,,specification_review,,,,,https://bluevalleycabinets.ca/product/kitchen-wall-cabinet-42%e2%80%b3-height-2-adjustable-shelves/?attribute_pa_width=24-3&attribute_pa_color=oak-2,Title says 42-inch wall cabinet but description says 34.5-inch height / 24-inch depth; Assembled W/H/D and configuration require further verification; shipping units are not used as cabinet measurements
bvc-1685,Blue Valley,W2442-GW,"Wall Cabinet – 42"" Height",Gloss White,,specification_review,,,,,https://bluevalleycabinets.ca/product/kitchen-wall-cabinet-42%e2%80%b3-height-2-adjustable-shelves/?attribute_pa_width=24-3&attribute_pa_color=gw,Title says 42-inch wall cabinet but description says 34.5-inch height / 24-inch depth; Assembled W/H/D and configuration require further verification; shipping units are not used as cabinet measurements
bvc-1684,Blue Valley,W2430-DW,"Wall Cabinet – 42"" Height",Dark Walnut,,specification_review,,,,,https://bluevalleycabinets.ca/product/kitchen-wall-cabinet-42%e2%80%b3-height-2-adjustable-shelves/?attribute_pa_width=24-3&attribute_pa_color=dw,Title says 42-inch wall cabinet but description says 34.5-inch height / 24-inch depth; Assembled W/H/D and configuration require further verification; shipping units are not used as cabinet measurements
bvc-1683,Blue Valley,W2142-WS,"Wall Cabinet – 42"" Height",White shaker,,specification_review,,,,,https://bluevalleycabinets.ca/product/kitchen-wall-cabinet-42%e2%80%b3-height-2-adjustable-shelves/?attribute_pa_width=21-2&attribute_pa_color=ws,Title says 42-inch wall cabinet but description says 34.5-inch height / 24-inch depth; Assembled W/H/D and configuration require further verification; shipping units are not used as cabinet measurements
bvc-1682,Blue Valley,W2142-NO,"Wall Cabinet – 42"" Height",Natural Oak,,specification_review,,,,,https://bluevalleycabinets.ca/product/kitchen-wall-cabinet-42%e2%80%b3-height-2-adjustable-shelves/?attribute_pa_width=21-2&attribute_pa_color=oak-2,Title says 42-inch wall cabinet but description says 34.5-inch height / 24-inch depth; Assembled W/H/D and configuration require further verification; shipping units are not used as cabinet measurements
bvc-1681,Blue Valley,W2142-GW,"Wall Cabinet – 42"" Height",Gloss White,,specification_review,,,,,https://bluevalleycabinets.ca/product/kitchen-wall-cabinet-42%e2%80%b3-height-2-adjustable-shelves/?attribute_pa_width=21-2&attribute_pa_color=gw,Title says 42-inch wall cabinet but description says 34.5-inch height / 24-inch depth; Assembled W/H/D and configuration require further verification; shipping units are not used as cabinet measurements
bvc-1680,Blue Valley,W2130-DW,"Wall Cabinet – 42"" Height",Dark Walnut,,specification_review,,,,,https://bluevalleycabinets.ca/product/kitchen-wall-cabinet-42%e2%80%b3-height-2-adjustable-shelves/?attribute_pa_width=21-2&attribute_pa_color=dw,Title says 42-inch wall cabinet but description says 34.5-inch height / 24-inch depth; Assembled W/H/D and configuration require further verification; shipping units are not used as cabinet measurements
bvc-1679,Blue Valley,W1842-WS,"Wall Cabinet – 42"" Height",White shaker,,specification_review,,,,,https://bluevalleycabinets.ca/product/kitchen-wall-cabinet-42%e2%80%b3-height-2-adjustable-shelves/?attribute_pa_width=18-2&attribute_pa_color=ws,Title says 42-inch wall cabinet but description says 34.5-inch height / 24-inch depth; Assembled W/H/D and configuration require further verification; shipping units are not used as cabinet measurements
bvc-1678,Blue Valley,W1842-NO,"Wall Cabinet – 42"" Height",Natural Oak,,specification_review,,,,,https://bluevalleycabinets.ca/product/kitchen-wall-cabinet-42%e2%80%b3-height-2-adjustable-shelves/?attribute_pa_width=18-2&attribute_pa_color=oak-2,Title says 42-inch wall cabinet but description says 34.5-inch height / 24-inch depth; Assembled W/H/D and configuration require further verification; shipping units are not used as cabinet measurements
bvc-1677,Blue Valley,W1842-GW,"Wall Cabinet – 42"" Height",Gloss White,,specification_review,,,,,https://bluevalleycabinets.ca/product/kitchen-wall-cabinet-42%e2%80%b3-height-2-adjustable-shelves/?attribute_pa_width=18-2&attribute_pa_color=gw,Title says 42-inch wall cabinet but description says 34.5-inch height / 24-inch depth; Assembled W/H/D and configuration require further verification; shipping units are not used as cabinet measurements
bvc-1676,Blue Valley,W1830-DW,"Wall Cabinet – 42"" Height",Dark Walnut,,specification_review,,,,,https://bluevalleycabinets.ca/product/kitchen-wall-cabinet-42%e2%80%b3-height-2-adjustable-shelves/?attribute_pa_width=18-2&attribute_pa_color=dw,Title says 42-inch wall cabinet but description says 34.5-inch height / 24-inch depth; Assembled W/H/D and configuration require further verification; shipping units are not used as cabinet measurements
bvc-1675,Blue Valley,W1542-WS,"Wall Cabinet – 42"" Height",White shaker,,specification_review,,,,,https://bluevalleycabinets.ca/product/kitchen-wall-cabinet-42%e2%80%b3-height-2-adjustable-shelves/?attribute_pa_width=15-2&attribute_pa_color=ws,Title says 42-inch wall cabinet but description says 34.5-inch height / 24-inch depth; Assembled W/H/D and configuration require further verification; shipping units are not used as cabinet measurements
bvc-1674,Blue Valley,W1542-NO,"Wall Cabinet – 42"" Height",Natural Oak,,specification_review,,,,,https://bluevalleycabinets.ca/product/kitchen-wall-cabinet-42%e2%80%b3-height-2-adjustable-shelves/?attribute_pa_width=15-2&attribute_pa_color=oak-2,Title says 42-inch wall cabinet but description says 34.5-inch height / 24-inch depth; Assembled W/H/D and configuration require further verification; shipping units are not used as cabinet measurements
bvc-1673,Blue Valley,W1542-GW,"Wall Cabinet – 42"" Height",Gloss White,,specification_review,,,,,https://bluevalleycabinets.ca/product/kitchen-wall-cabinet-42%e2%80%b3-height-2-adjustable-shelves/?attribute_pa_width=15-2&attribute_pa_color=gw,Title says 42-inch wall cabinet but description says 34.5-inch height / 24-inch depth; Assembled W/H/D and configuration require further verification; shipping units are not used as cabinet measurements
bvc-1672,Blue Valley,W1530-DW,"Wall Cabinet – 42"" Height",Dark Walnut,,specification_review,,,,,https://bluevalleycabinets.ca/product/kitchen-wall-cabinet-42%e2%80%b3-height-2-adjustable-shelves/?attribute_pa_width=15-2&attribute_pa_color=dw,Title says 42-inch wall cabinet but description says 34.5-inch height / 24-inch depth; Assembled W/H/D and configuration require further verification; shipping units are not used as cabinet measurements
bvc-1671,Blue Valley,W1242-WS,"Wall Cabinet – 42"" Height",White shaker,,specification_review,,,,,https://bluevalleycabinets.ca/product/kitchen-wall-cabinet-42%e2%80%b3-height-2-adjustable-shelves/?attribute_pa_width=12-2&attribute_pa_color=ws,Title says 42-inch wall cabinet but description says 34.5-inch height / 24-inch depth; Assembled W/H/D and configuration require further verification; shipping units are not used as cabinet measurements
bvc-1670,Blue Valley,W1242-NO,"Wall Cabinet – 42"" Height",Natural Oak,,specification_review,,,,,https://bluevalleycabinets.ca/product/kitchen-wall-cabinet-42%e2%80%b3-height-2-adjustable-shelves/?attribute_pa_width=12-2&attribute_pa_color=oak-2,Title says 42-inch wall cabinet but description says 34.5-inch height / 24-inch depth; Assembled W/H/D and configuration require further verification; shipping units are not used as cabinet measurements
bvc-1669,Blue Valley,W1242-GW,"Wall Cabinet – 42"" Height",Gloss White,,specification_review,,,,,https://bluevalleycabinets.ca/product/kitchen-wall-cabinet-42%e2%80%b3-height-2-adjustable-shelves/?attribute_pa_width=12-2&attribute_pa_color=gw,Title says 42-inch wall cabinet but description says 34.5-inch height / 24-inch depth; Assembled W/H/D and configuration require further verification; shipping units are not used as cabinet measurements
bvc-1668,Blue Valley,W1230-DW,"Wall Cabinet – 42"" Height",Dark Walnut,,specification_review,,,,,https://bluevalleycabinets.ca/product/kitchen-wall-cabinet-42%e2%80%b3-height-2-adjustable-shelves/?attribute_pa_width=12-2&attribute_pa_color=dw,Title says 42-inch wall cabinet but description says 34.5-inch height / 24-inch depth; Assembled W/H/D and configuration require further verification; shipping units are not used as cabinet measurements
bvc-1667,Blue Valley,W0942-WS,"Wall Cabinet – 42"" Height",White shaker,,specification_review,,,,,https://bluevalleycabinets.ca/product/kitchen-wall-cabinet-42%e2%80%b3-height-2-adjustable-shelves/?attribute_pa_width=09-3&attribute_pa_color=ws,Title says 42-inch wall cabinet but description says 34.5-inch height / 24-inch depth; Assembled W/H/D and configuration require further verification; shipping units are not used as cabinet measurements
bvc-1666,Blue Valley,W0942-NO,"Wall Cabinet – 42"" Height",Natural Oak,,specification_review,,,,,https://bluevalleycabinets.ca/product/kitchen-wall-cabinet-42%e2%80%b3-height-2-adjustable-shelves/?attribute_pa_width=09-3&attribute_pa_color=oak-2,Title says 42-inch wall cabinet but description says 34.5-inch height / 24-inch depth; Assembled W/H/D and configuration require further verification; shipping units are not used as cabinet measurements
bvc-1665,Blue Valley,W0942-GW,"Wall Cabinet – 42"" Height",Gloss White,,specification_review,,,,,https://bluevalleycabinets.ca/product/kitchen-wall-cabinet-42%e2%80%b3-height-2-adjustable-shelves/?attribute_pa_width=09-3&attribute_pa_color=gw,Title says 42-inch wall cabinet but description says 34.5-inch height / 24-inch depth; Assembled W/H/D and configuration require further verification; shipping units are not used as cabinet measurements
bvc-1664,Blue Valley,W0930-DW,"Wall Cabinet – 42"" Height",Dark Walnut,,specification_review,,,,,https://bluevalleycabinets.ca/product/kitchen-wall-cabinet-42%e2%80%b3-height-2-adjustable-shelves/?attribute_pa_width=09-3&attribute_pa_color=dw,Title says 42-inch wall cabinet but description says 34.5-inch height / 24-inch depth; Assembled W/H/D and configuration require further verification; shipping units are not used as cabinet measurements
bvc-1663,Blue Valley,W3636-WS,"Wall Cabinets – 36"" Height",White shaker,,specification_review,,,,,https://bluevalleycabinets.ca/product/kitchen-wall-cabinet-36-height-2-adjustable-shelves/?attribute_pa_width=36-3&attribute_pa_color=ws,Selected width missing or outside explicitly documented range
bvc-1662,Blue Valley,W3636-NO,"Wall Cabinets – 36"" Height",Natural Oak,,specification_review,,,,,https://bluevalleycabinets.ca/product/kitchen-wall-cabinet-36-height-2-adjustable-shelves/?attribute_pa_width=36-3&attribute_pa_color=oak-2,Selected width missing or outside explicitly documented range
bvc-1661,Blue Valley,W3636-GW,"Wall Cabinets – 36"" Height",Gloss White,,specification_review,,,,,https://bluevalleycabinets.ca/product/kitchen-wall-cabinet-36-height-2-adjustable-shelves/?attribute_pa_width=36-3&attribute_pa_color=gw,Selected width missing or outside explicitly documented range
bvc-1660,Blue Valley,W3636,"Wall Cabinets – 36"" Height",Dark Walnut,,specification_review,,,,,https://bluevalleycabinets.ca/product/kitchen-wall-cabinet-36-height-2-adjustable-shelves/?attribute_pa_width=36-3&attribute_pa_color=dw,Selected width missing or outside explicitly documented range
bvc-1659,Blue Valley,W3336-WS,"Wall Cabinets – 36"" Height",White shaker,,specification_review,,,,,https://bluevalleycabinets.ca/product/kitchen-wall-cabinet-36-height-2-adjustable-shelves/?attribute_pa_width=33&attribute_pa_color=ws,Selected width missing or outside explicitly documented range
bvc-1658,Blue Valley,W3336-NO,"Wall Cabinets – 36"" Height",Natural Oak,,specification_review,,,,,https://bluevalleycabinets.ca/product/kitchen-wall-cabinet-36-height-2-adjustable-shelves/?attribute_pa_width=33&attribute_pa_color=oak-2,Selected width missing or outside explicitly documented range
bvc-1657,Blue Valley,W3336-GW,"Wall Cabinets – 36"" Height",Gloss White,,specification_review,,,,,https://bluevalleycabinets.ca/product/kitchen-wall-cabinet-36-height-2-adjustable-shelves/?attribute_pa_width=33&attribute_pa_color=gw,Selected width missing or outside explicitly documented range
bvc-1656,Blue Valley,W3336,"Wall Cabinets – 36"" Height",Dark Walnut,,specification_review,,,,,https://bluevalleycabinets.ca/product/kitchen-wall-cabinet-36-height-2-adjustable-shelves/?attribute_pa_width=33&attribute_pa_color=dw,Selected width missing or outside explicitly documented range
bvc-1655,Blue Valley,W3036-WS,"Wall Cabinets – 36"" Height",White shaker,,specification_review,,,,,https://bluevalleycabinets.ca/product/kitchen-wall-cabinet-36-height-2-adjustable-shelves/?attribute_pa_width=30-4&attribute_pa_color=ws,Selected width missing or outside explicitly documented range
bvc-1654,Blue Valley,W3036-NO,"Wall Cabinets – 36"" Height",Natural Oak,,specification_review,,,,,https://bluevalleycabinets.ca/product/kitchen-wall-cabinet-36-height-2-adjustable-shelves/?attribute_pa_width=30-4&attribute_pa_color=oak-2,Selected width missing or outside explicitly documented range
bvc-1653,Blue Valley,W3036-GW,"Wall Cabinets – 36"" Height",Gloss White,,specification_review,,,,,https://bluevalleycabinets.ca/product/kitchen-wall-cabinet-36-height-2-adjustable-shelves/?attribute_pa_width=30-4&attribute_pa_color=gw,Selected width missing or outside explicitly documented range
bvc-1652,Blue Valley,W3036,"Wall Cabinets – 36"" Height",Dark Walnut,,specification_review,,,,,https://bluevalleycabinets.ca/product/kitchen-wall-cabinet-36-height-2-adjustable-shelves/?attribute_pa_width=30-4&attribute_pa_color=dw,Selected width missing or outside explicitly documented range
bvc-1651,Blue Valley,W2736-WS,"Wall Cabinets – 36"" Height",White shaker,,specification_review,,,,,https://bluevalleycabinets.ca/product/kitchen-wall-cabinet-36-height-2-adjustable-shelves/?attribute_pa_width=27-2&attribute_pa_color=ws,Selected width missing or outside explicitly documented range
bvc-1650,Blue Valley,W2736-NO,"Wall Cabinets – 36"" Height",Natural Oak,,specification_review,,,,,https://bluevalleycabinets.ca/product/kitchen-wall-cabinet-36-height-2-adjustable-shelves/?attribute_pa_width=27-2&attribute_pa_color=oak-2,Selected width missing or outside explicitly documented range
bvc-1649,Blue Valley,W2736-GW,"Wall Cabinets – 36"" Height",Gloss White,,specification_review,,,,,https://bluevalleycabinets.ca/product/kitchen-wall-cabinet-36-height-2-adjustable-shelves/?attribute_pa_width=27-2&attribute_pa_color=gw,Selected width missing or outside explicitly documented range
bvc-1648,Blue Valley,W2736,"Wall Cabinets – 36"" Height",Dark Walnut,,specification_review,,,,,https://bluevalleycabinets.ca/product/kitchen-wall-cabinet-36-height-2-adjustable-shelves/?attribute_pa_width=27-2&attribute_pa_color=dw,Selected width missing or outside explicitly documented range
bvc-1647,Blue Valley,W2436-WS,"Wall Cabinets – 36"" Height",White shaker,,specification_review,,,,,https://bluevalleycabinets.ca/product/kitchen-wall-cabinet-36-height-2-adjustable-shelves/?attribute_pa_width=24-2&attribute_pa_color=ws,Selected width missing or outside explicitly documented range
bvc-1646,Blue Valley,W2436-NO,"Wall Cabinets – 36"" Height",Natural Oak,,specification_review,,,,,https://bluevalleycabinets.ca/product/kitchen-wall-cabinet-36-height-2-adjustable-shelves/?attribute_pa_width=24-2&attribute_pa_color=oak-2,Selected width missing or outside explicitly documented range
bvc-1645,Blue Valley,W2436-GW,"Wall Cabinets – 36"" Height",Gloss White,,specification_review,,,,,https://bluevalleycabinets.ca/product/kitchen-wall-cabinet-36-height-2-adjustable-shelves/?attribute_pa_width=24-2&attribute_pa_color=gw,Selected width missing or outside explicitly documented range
bvc-1644,Blue Valley,W2436,"Wall Cabinets – 36"" Height",Dark Walnut,,specification_review,,,,,https://bluevalleycabinets.ca/product/kitchen-wall-cabinet-36-height-2-adjustable-shelves/?attribute_pa_width=24-2&attribute_pa_color=dw,Selected width missing or outside explicitly documented range
bvc-1643,Blue Valley,W2136-WS,"Wall Cabinets – 36"" Height",White shaker,,specification_review,,,,,https://bluevalleycabinets.ca/product/kitchen-wall-cabinet-36-height-2-adjustable-shelves/?attribute_pa_width=21&attribute_pa_color=ws,Selected width missing or outside explicitly documented range
bvc-1642,Blue Valley,W2136-NO,"Wall Cabinets – 36"" Height",Natural Oak,,specification_review,,,,,https://bluevalleycabinets.ca/product/kitchen-wall-cabinet-36-height-2-adjustable-shelves/?attribute_pa_width=21&attribute_pa_color=oak-2,Selected width missing or outside explicitly documented range
bvc-1641,Blue Valley,W2136-GW,"Wall Cabinets – 36"" Height",Gloss White,,specification_review,,,,,https://bluevalleycabinets.ca/product/kitchen-wall-cabinet-36-height-2-adjustable-shelves/?attribute_pa_width=21&attribute_pa_color=gw,Selected width missing or outside explicitly documented range
bvc-1640,Blue Valley,W2136,"Wall Cabinets – 36"" Height",Dark Walnut,,specification_review,,,,,https://bluevalleycabinets.ca/product/kitchen-wall-cabinet-36-height-2-adjustable-shelves/?attribute_pa_width=21&attribute_pa_color=dw,Selected width missing or outside explicitly documented range
bvc-1639,Blue Valley,W1836-WS,"Wall Cabinets – 36"" Height",White shaker,,specification_review,,,,,https://bluevalleycabinets.ca/product/kitchen-wall-cabinet-36-height-2-adjustable-shelves/?attribute_pa_width=18&attribute_pa_color=ws,Selected width missing or outside explicitly documented range
bvc-1638,Blue Valley,W1836-NO,"Wall Cabinets – 36"" Height",Natural Oak,,specification_review,,,,,https://bluevalleycabinets.ca/product/kitchen-wall-cabinet-36-height-2-adjustable-shelves/?attribute_pa_width=18&attribute_pa_color=oak-2,Selected width missing or outside explicitly documented range
bvc-1637,Blue Valley,W1836-GW,"Wall Cabinets – 36"" Height",Gloss White,,specification_review,,,,,https://bluevalleycabinets.ca/product/kitchen-wall-cabinet-36-height-2-adjustable-shelves/?attribute_pa_width=18&attribute_pa_color=gw,Selected width missing or outside explicitly documented range
bvc-1636,Blue Valley,W1836,"Wall Cabinets – 36"" Height",Dark Walnut,,specification_review,,,,,https://bluevalleycabinets.ca/product/kitchen-wall-cabinet-36-height-2-adjustable-shelves/?attribute_pa_width=18&attribute_pa_color=dw,Selected width missing or outside explicitly documented range
bvc-1635,Blue Valley,W1536-WS,"Wall Cabinets – 36"" Height",White shaker,,specification_review,,,,,https://bluevalleycabinets.ca/product/kitchen-wall-cabinet-36-height-2-adjustable-shelves/?attribute_pa_width=15&attribute_pa_color=ws,Selected width missing or outside explicitly documented range
bvc-1634,Blue Valley,W1536-NO,"Wall Cabinets – 36"" Height",Natural Oak,,specification_review,,,,,https://bluevalleycabinets.ca/product/kitchen-wall-cabinet-36-height-2-adjustable-shelves/?attribute_pa_width=15&attribute_pa_color=oak-2,Selected width missing or outside explicitly documented range
bvc-1633,Blue Valley,W1536-GW,"Wall Cabinets – 36"" Height",Gloss White,,specification_review,,,,,https://bluevalleycabinets.ca/product/kitchen-wall-cabinet-36-height-2-adjustable-shelves/?attribute_pa_width=15&attribute_pa_color=gw,Selected width missing or outside explicitly documented range
bvc-1632,Blue Valley,W1536,"Wall Cabinets – 36"" Height",Dark Walnut,,specification_review,,,,,https://bluevalleycabinets.ca/product/kitchen-wall-cabinet-36-height-2-adjustable-shelves/?attribute_pa_width=15&attribute_pa_color=dw,Selected width missing or outside explicitly documented range
bvc-1631,Blue Valley,W1230-WS,"Wall Cabinets – 36"" Height",White shaker,,specification_review,,,,,https://bluevalleycabinets.ca/product/kitchen-wall-cabinet-36-height-2-adjustable-shelves/?attribute_pa_width=12&attribute_pa_color=ws,Selected width missing or outside explicitly documented range
bvc-1630,Blue Valley,W1230-NO,"Wall Cabinets – 36"" Height",Natural Oak,,specification_review,,,,,https://bluevalleycabinets.ca/product/kitchen-wall-cabinet-36-height-2-adjustable-shelves/?attribute_pa_width=12&attribute_pa_color=oak-2,Selected width missing or outside explicitly documented range
bvc-1629,Blue Valley,W1230-GW,"Wall Cabinets – 36"" Height",Gloss White,,specification_review,,,,,https://bluevalleycabinets.ca/product/kitchen-wall-cabinet-36-height-2-adjustable-shelves/?attribute_pa_width=12&attribute_pa_color=gw,Selected width missing or outside explicitly documented range
bvc-1628,Blue Valley,W1236,"Wall Cabinets – 36"" Height",Dark Walnut,,specification_review,,,,,https://bluevalleycabinets.ca/product/kitchen-wall-cabinet-36-height-2-adjustable-shelves/?attribute_pa_width=12&attribute_pa_color=dw,Selected width missing or outside explicitly documented range
bvc-1627,Blue Valley,W0936-WS,"Wall Cabinets – 36"" Height",White shaker,,specification_review,,,,,https://bluevalleycabinets.ca/product/kitchen-wall-cabinet-36-height-2-adjustable-shelves/?attribute_pa_width=09-2&attribute_pa_color=ws,Selected width missing or outside explicitly documented range
bvc-1626,Blue Valley,W0936-NO,"Wall Cabinets – 36"" Height",Natural Oak,,specification_review,,,,,https://bluevalleycabinets.ca/product/kitchen-wall-cabinet-36-height-2-adjustable-shelves/?attribute_pa_width=09-2&attribute_pa_color=oak-2,Selected width missing or outside explicitly documented range
bvc-1625,Blue Valley,W0936-GW,"Wall Cabinets – 36"" Height",Gloss White,,specification_review,,,,,https://bluevalleycabinets.ca/product/kitchen-wall-cabinet-36-height-2-adjustable-shelves/?attribute_pa_width=09-2&attribute_pa_color=gw,Selected width missing or outside explicitly documented range
bvc-1624,Blue Valley,W0936,"Wall Cabinets – 36"" Height",Dark Walnut,,specification_review,,,,,https://bluevalleycabinets.ca/product/kitchen-wall-cabinet-36-height-2-adjustable-shelves/?attribute_pa_width=09-2&attribute_pa_color=dw,Selected width missing or outside explicitly documented range
bvc-1461,Blue Valley,W3630-NO,"Wall Cabinets – 30"" Height",Natural Oak,,specification_review,,,,,https://bluevalleycabinets.ca/product/kitchen-wall-cabinet-30-height-2-adjustable-shelves/?attribute_pa_width=36-2&attribute_pa_color=oak-2,Title says 30-inch wall cabinet but description says 34.5-inch height / 24-inch depth; Assembled W/H/D and configuration require further verification; shipping units are not used as cabinet measurements
bvc-1456,Blue Valley,W3630-WS,"Wall Cabinets – 30"" Height",White shaker,,specification_review,,,,,https://bluevalleycabinets.ca/product/kitchen-wall-cabinet-30-height-2-adjustable-shelves/?attribute_pa_width=36-2&attribute_pa_color=ws,Title says 30-inch wall cabinet but description says 34.5-inch height / 24-inch depth; Assembled W/H/D and configuration require further verification; shipping units are not used as cabinet measurements
bvc-1454,Blue Valley,W3630-GW,"Wall Cabinets – 30"" Height",Gloss White,,specification_review,,,,,https://bluevalleycabinets.ca/product/kitchen-wall-cabinet-30-height-2-adjustable-shelves/?attribute_pa_width=36-2&attribute_pa_color=gw,Title says 30-inch wall cabinet but description says 34.5-inch height / 24-inch depth; Assembled W/H/D and configuration require further verification; shipping units are not used as cabinet measurements
bvc-1453,Blue Valley,W3630,"Wall Cabinets – 30"" Height",Dark Walnut,,specification_review,,,,,https://bluevalleycabinets.ca/product/kitchen-wall-cabinet-30-height-2-adjustable-shelves/?attribute_pa_width=36-2&attribute_pa_color=dw,Title says 30-inch wall cabinet but description says 34.5-inch height / 24-inch depth; Assembled W/H/D and configuration require further verification; shipping units are not used as cabinet measurements
bvc-1452,Blue Valley,W3030-WS,"Wall Cabinets – 30"" Height",White shaker,,specification_review,,,,,https://bluevalleycabinets.ca/product/kitchen-wall-cabinet-30-height-2-adjustable-shelves/?attribute_pa_width=30-3&attribute_pa_color=ws,Title says 30-inch wall cabinet but description says 34.5-inch height / 24-inch depth; Assembled W/H/D and configuration require further verification; shipping units are not used as cabinet measurements
bvc-1451,Blue Valley,W3030-NO,"Wall Cabinets – 30"" Height",Natural Oak,,specification_review,,,,,https://bluevalleycabinets.ca/product/kitchen-wall-cabinet-30-height-2-adjustable-shelves/?attribute_pa_width=30-3&attribute_pa_color=oak-2,Title says 30-inch wall cabinet but description says 34.5-inch height / 24-inch depth; Assembled W/H/D and configuration require further verification; shipping units are not used as cabinet measurements
bvc-1450,Blue Valley,W3030-GW,"Wall Cabinets – 30"" Height",Gloss White,,specification_review,,,,,https://bluevalleycabinets.ca/product/kitchen-wall-cabinet-30-height-2-adjustable-shelves/?attribute_pa_width=30-3&attribute_pa_color=gw,Title says 30-inch wall cabinet but description says 34.5-inch height / 24-inch depth; Assembled W/H/D and configuration require further verification; shipping units are not used as cabinet measurements
bvc-1449,Blue Valley,W3030,"Wall Cabinets – 30"" Height",Dark Walnut,,specification_review,,,,,https://bluevalleycabinets.ca/product/kitchen-wall-cabinet-30-height-2-adjustable-shelves/?attribute_pa_width=30-3&attribute_pa_color=dw,Title says 30-inch wall cabinet but description says 34.5-inch height / 24-inch depth; Assembled W/H/D and configuration require further verification; shipping units are not used as cabinet measurements
bvc-1448,Blue Valley,W2730-WS,"Wall Cabinets – 30"" Height",White shaker,,specification_review,,,,,https://bluevalleycabinets.ca/product/kitchen-wall-cabinet-30-height-2-adjustable-shelves/?attribute_pa_width=27&attribute_pa_color=ws,Title says 30-inch wall cabinet but description says 34.5-inch height / 24-inch depth; Assembled W/H/D and configuration require further verification; shipping units are not used as cabinet measurements
bvc-1447,Blue Valley,W2730-NO,"Wall Cabinets – 30"" Height",Natural Oak,,specification_review,,,,,https://bluevalleycabinets.ca/product/kitchen-wall-cabinet-30-height-2-adjustable-shelves/?attribute_pa_width=27&attribute_pa_color=oak-2,Title says 30-inch wall cabinet but description says 34.5-inch height / 24-inch depth; Assembled W/H/D and configuration require further verification; shipping units are not used as cabinet measurements
bvc-1446,Blue Valley,W2730-GW,"Wall Cabinets – 30"" Height",Gloss White,,specification_review,,,,,https://bluevalleycabinets.ca/product/kitchen-wall-cabinet-30-height-2-adjustable-shelves/?attribute_pa_width=27&attribute_pa_color=gw,Title says 30-inch wall cabinet but description says 34.5-inch height / 24-inch depth; Assembled W/H/D and configuration require further verification; shipping units are not used as cabinet measurements
bvc-1445,Blue Valley,W2730,"Wall Cabinets – 30"" Height",Dark Walnut,,specification_review,,,,,https://bluevalleycabinets.ca/product/kitchen-wall-cabinet-30-height-2-adjustable-shelves/?attribute_pa_width=27&attribute_pa_color=dw,Title says 30-inch wall cabinet but description says 34.5-inch height / 24-inch depth; Assembled W/H/D and configuration require further verification; shipping units are not used as cabinet measurements
bvc-1444,Blue Valley,W2430-WS,"Wall Cabinets – 30"" Height",White shaker,,specification_review,,,,,https://bluevalleycabinets.ca/product/kitchen-wall-cabinet-30-height-2-adjustable-shelves/?attribute_pa_width=24&attribute_pa_color=ws,Title says 30-inch wall cabinet but description says 34.5-inch height / 24-inch depth; Assembled W/H/D and configuration require further verification; shipping units are not used as cabinet measurements
bvc-1443,Blue Valley,W2430-NO,"Wall Cabinets – 30"" Height",Natural Oak,,specification_review,,,,,https://bluevalleycabinets.ca/product/kitchen-wall-cabinet-30-height-2-adjustable-shelves/?attribute_pa_width=24&attribute_pa_color=oak-2,Title says 30-inch wall cabinet but description says 34.5-inch height / 24-inch depth; Assembled W/H/D and configuration require further verification; shipping units are not used as cabinet measurements
bvc-1442,Blue Valley,W2430-GW,"Wall Cabinets – 30"" Height",Gloss White,,specification_review,,,,,https://bluevalleycabinets.ca/product/kitchen-wall-cabinet-30-height-2-adjustable-shelves/?attribute_pa_width=24&attribute_pa_color=gw,Title says 30-inch wall cabinet but description says 34.5-inch height / 24-inch depth; Assembled W/H/D and configuration require further verification; shipping units are not used as cabinet measurements
bvc-1441,Blue Valley,W2430,"Wall Cabinets – 30"" Height",Dark Walnut,,specification_review,,,,,https://bluevalleycabinets.ca/product/kitchen-wall-cabinet-30-height-2-adjustable-shelves/?attribute_pa_width=24&attribute_pa_color=dw,Title says 30-inch wall cabinet but description says 34.5-inch height / 24-inch depth; Assembled W/H/D and configuration require further verification; shipping units are not used as cabinet measurements
bvc-1440,Blue Valley,W2130-WS,"Wall Cabinets – 30"" Height",White shaker,,specification_review,,,,,https://bluevalleycabinets.ca/product/kitchen-wall-cabinet-30-height-2-adjustable-shelves/?attribute_pa_width=bvc-w30-3&attribute_pa_color=ws,Title says 30-inch wall cabinet but description says 34.5-inch height / 24-inch depth; Assembled W/H/D and configuration require further verification; shipping units are not used as cabinet measurements
bvc-1439,Blue Valley,W2130-NO,"Wall Cabinets – 30"" Height",Natural Oak,,specification_review,,,,,https://bluevalleycabinets.ca/product/kitchen-wall-cabinet-30-height-2-adjustable-shelves/?attribute_pa_width=bvc-w30-3&attribute_pa_color=oak-2,Title says 30-inch wall cabinet but description says 34.5-inch height / 24-inch depth; Assembled W/H/D and configuration require further verification; shipping units are not used as cabinet measurements
bvc-1438,Blue Valley,W2130-GW,"Wall Cabinets – 30"" Height",Gloss White,,specification_review,,,,,https://bluevalleycabinets.ca/product/kitchen-wall-cabinet-30-height-2-adjustable-shelves/?attribute_pa_width=bvc-w30-3&attribute_pa_color=gw,Title says 30-inch wall cabinet but description says 34.5-inch height / 24-inch depth; Assembled W/H/D and configuration require further verification; shipping units are not used as cabinet measurements
bvc-1437,Blue Valley,W2130,"Wall Cabinets – 30"" Height",Dark Walnut,,specification_review,,,,,https://bluevalleycabinets.ca/product/kitchen-wall-cabinet-30-height-2-adjustable-shelves/?attribute_pa_width=bvc-w30-3&attribute_pa_color=dw,Title says 30-inch wall cabinet but description says 34.5-inch height / 24-inch depth; Assembled W/H/D and configuration require further verification; shipping units are not used as cabinet measurements
bvc-1436,Blue Valley,W1830-WS,"Wall Cabinets – 30"" Height",White shaker,,specification_review,,,,,https://bluevalleycabinets.ca/product/kitchen-wall-cabinet-30-height-2-adjustable-shelves/?attribute_pa_width=bvc-w30-2&attribute_pa_color=ws,Title says 30-inch wall cabinet but description says 34.5-inch height / 24-inch depth; Assembled W/H/D and configuration require further verification; shipping units are not used as cabinet measurements
bvc-1435,Blue Valley,W1830-NO,"Wall Cabinets – 30"" Height",Natural Oak,,specification_review,,,,,https://bluevalleycabinets.ca/product/kitchen-wall-cabinet-30-height-2-adjustable-shelves/?attribute_pa_width=bvc-w30-2&attribute_pa_color=oak-2,Title says 30-inch wall cabinet but description says 34.5-inch height / 24-inch depth; Assembled W/H/D and configuration require further verification; shipping units are not used as cabinet measurements
bvc-1434,Blue Valley,W1830-GW,"Wall Cabinets – 30"" Height",Gloss White,,specification_review,,,,,https://bluevalleycabinets.ca/product/kitchen-wall-cabinet-30-height-2-adjustable-shelves/?attribute_pa_width=bvc-w30-2&attribute_pa_color=gw,Title says 30-inch wall cabinet but description says 34.5-inch height / 24-inch depth; Assembled W/H/D and configuration require further verification; shipping units are not used as cabinet measurements
bvc-1433,Blue Valley,W1830,"Wall Cabinets – 30"" Height",Dark Walnut,,specification_review,,,,,https://bluevalleycabinets.ca/product/kitchen-wall-cabinet-30-height-2-adjustable-shelves/?attribute_pa_width=bvc-w30-2&attribute_pa_color=dw,Title says 30-inch wall cabinet but description says 34.5-inch height / 24-inch depth; Assembled W/H/D and configuration require further verification; shipping units are not used as cabinet measurements
bvc-1432,Blue Valley,W1530-WS,"Wall Cabinets – 30"" Height",White shaker,,specification_review,,,,,https://bluevalleycabinets.ca/product/kitchen-wall-cabinet-30-height-2-adjustable-shelves/?attribute_pa_width=bvc-w30&attribute_pa_color=ws,Title says 30-inch wall cabinet but description says 34.5-inch height / 24-inch depth; Assembled W/H/D and configuration require further verification; shipping units are not used as cabinet measurements
bvc-1431,Blue Valley,W1530-NO,"Wall Cabinets – 30"" Height",Natural Oak,,specification_review,,,,,https://bluevalleycabinets.ca/product/kitchen-wall-cabinet-30-height-2-adjustable-shelves/?attribute_pa_width=bvc-w30&attribute_pa_color=oak-2,Title says 30-inch wall cabinet but description says 34.5-inch height / 24-inch depth; Assembled W/H/D and configuration require further verification; shipping units are not used as cabinet measurements
bvc-1430,Blue Valley,W1530-GW,"Wall Cabinets – 30"" Height",Gloss White,,specification_review,,,,,https://bluevalleycabinets.ca/product/kitchen-wall-cabinet-30-height-2-adjustable-shelves/?attribute_pa_width=bvc-w30&attribute_pa_color=gw,Title says 30-inch wall cabinet but description says 34.5-inch height / 24-inch depth; Assembled W/H/D and configuration require further verification; shipping units are not used as cabinet measurements
bvc-1429,Blue Valley,W1530,"Wall Cabinets – 30"" Height",Dark Walnut,,specification_review,,,,,https://bluevalleycabinets.ca/product/kitchen-wall-cabinet-30-height-2-adjustable-shelves/?attribute_pa_width=bvc-w30&attribute_pa_color=dw,Title says 30-inch wall cabinet but description says 34.5-inch height / 24-inch depth; Assembled W/H/D and configuration require further verification; shipping units are not used as cabinet measurements
bvc-1428,Blue Valley,W123030-WS,"Wall Cabinets – 30"" Height",White shaker,,specification_review,,,,,https://bluevalleycabinets.ca/product/kitchen-wall-cabinet-30-height-2-adjustable-shelves/?attribute_pa_width=w1230&attribute_pa_color=ws,Title says 30-inch wall cabinet but description says 34.5-inch height / 24-inch depth; Assembled W/H/D and configuration require further verification; shipping units are not used as cabinet measurements
bvc-1427,Blue Valley,W123030-NO,"Wall Cabinets – 30"" Height",Natural Oak,,specification_review,,,,,https://bluevalleycabinets.ca/product/kitchen-wall-cabinet-30-height-2-adjustable-shelves/?attribute_pa_width=w1230&attribute_pa_color=oak-2,Title says 30-inch wall cabinet but description says 34.5-inch height / 24-inch depth; Assembled W/H/D and configuration require further verification; shipping units are not used as cabinet measurements
bvc-1426,Blue Valley,W123030-GW,"Wall Cabinets – 30"" Height",Gloss White,,specification_review,,,,,https://bluevalleycabinets.ca/product/kitchen-wall-cabinet-30-height-2-adjustable-shelves/?attribute_pa_width=w1230&attribute_pa_color=gw,Title says 30-inch wall cabinet but description says 34.5-inch height / 24-inch depth; Assembled W/H/D and configuration require further verification; shipping units are not used as cabinet measurements
bvc-1425,Blue Valley,W123030-DW,"Wall Cabinets – 30"" Height",Dark Walnut,,specification_review,,,,,https://bluevalleycabinets.ca/product/kitchen-wall-cabinet-30-height-2-adjustable-shelves/?attribute_pa_width=w1230&attribute_pa_color=dw,Title says 30-inch wall cabinet but description says 34.5-inch height / 24-inch depth; Assembled W/H/D and configuration require further verification; shipping units are not used as cabinet measurements
bvc-1424,Blue Valley,W0930-WS,"Wall Cabinets – 30"" Height",White shaker,,specification_review,,,,,https://bluevalleycabinets.ca/product/kitchen-wall-cabinet-30-height-2-adjustable-shelves/?attribute_pa_width=09&attribute_pa_color=ws,Title says 30-inch wall cabinet but description says 34.5-inch height / 24-inch depth; Assembled W/H/D and configuration require further verification; shipping units are not used as cabinet measurements
bvc-1423,Blue Valley,W0930-NO,"Wall Cabinets – 30"" Height",Natural Oak,,specification_review,,,,,https://bluevalleycabinets.ca/product/kitchen-wall-cabinet-30-height-2-adjustable-shelves/?attribute_pa_width=09&attribute_pa_color=oak-2,Title says 30-inch wall cabinet but description says 34.5-inch height / 24-inch depth; Assembled W/H/D and configuration require further verification; shipping units are not used as cabinet measurements
bvc-1422,Blue Valley,W0930-GW,"Wall Cabinets – 30"" Height",Gloss White,,specification_review,,,,,https://bluevalleycabinets.ca/product/kitchen-wall-cabinet-30-height-2-adjustable-shelves/?attribute_pa_width=09&attribute_pa_color=gw,Title says 30-inch wall cabinet but description says 34.5-inch height / 24-inch depth; Assembled W/H/D and configuration require further verification; shipping units are not used as cabinet measurements
bvc-1421,Blue Valley,W0930,"Wall Cabinets – 30"" Height",Dark Walnut,,specification_review,,,,,https://bluevalleycabinets.ca/product/kitchen-wall-cabinet-30-height-2-adjustable-shelves/?attribute_pa_width=09&attribute_pa_color=dw,Title says 30-inch wall cabinet but description says 34.5-inch height / 24-inch depth; Assembled W/H/D and configuration require further verification; shipping units are not used as cabinet measurements
bvc-1369,Blue Valley,B36FHD-WS,Base Full Door Cabinets – Double Full Heigh Doors,White shaker,,model_ready,914.4,876.3,609.6,/cabinet-inventory/models/bvc-1369.glb,https://bluevalleycabinets.ca/product/plywood-ready-to-assemble-kitchen-base-full-doors-cabinets-with-2doors-and-1-adjustable-shelf/?attribute_pa_width=36-w&attribute_pa_color=ws,
bvc-1368,Blue Valley,B36FHD-NO,Base Full Door Cabinets – Double Full Heigh Doors,Natural Oak,,model_ready,914.4,876.3,609.6,/cabinet-inventory/models/bvc-1368.glb,https://bluevalleycabinets.ca/product/plywood-ready-to-assemble-kitchen-base-full-doors-cabinets-with-2doors-and-1-adjustable-shelf/?attribute_pa_width=36-w&attribute_pa_color=oak-2,
bvc-1367,Blue Valley,B36FHD-GW,Base Full Door Cabinets – Double Full Heigh Doors,Gloss White,,model_ready,914.4,876.3,609.6,/cabinet-inventory/models/bvc-1367.glb,https://bluevalleycabinets.ca/product/plywood-ready-to-assemble-kitchen-base-full-doors-cabinets-with-2doors-and-1-adjustable-shelf/?attribute_pa_width=36-w&attribute_pa_color=gw,
bvc-1366,Blue Valley,B36FHD,Base Full Door Cabinets – Double Full Heigh Doors,Dark Walnut,,model_ready,914.4,876.3,609.6,/cabinet-inventory/models/bvc-1366.glb,https://bluevalleycabinets.ca/product/plywood-ready-to-assemble-kitchen-base-full-doors-cabinets-with-2doors-and-1-adjustable-shelf/?attribute_pa_width=36-w&attribute_pa_color=dw,
bvc-1365,Blue Valley,B33FHD-WS,Base Full Door Cabinets – Double Full Heigh Doors,White shaker,,model_ready,838.2,876.3,609.6,/cabinet-inventory/models/bvc-1365.glb,https://bluevalleycabinets.ca/product/plywood-ready-to-assemble-kitchen-base-full-doors-cabinets-with-2doors-and-1-adjustable-shelf/?attribute_pa_width=33-4&attribute_pa_color=ws,
bvc-1364,Blue Valley,B33FHD-NO,Base Full Door Cabinets – Double Full Heigh Doors,Natural Oak,,model_ready,838.2,876.3,609.6,/cabinet-inventory/models/bvc-1364.glb,https://bluevalleycabinets.ca/product/plywood-ready-to-assemble-kitchen-base-full-doors-cabinets-with-2doors-and-1-adjustable-shelf/?attribute_pa_width=33-4&attribute_pa_color=oak-2,
bvc-1363,Blue Valley,B33FHD-GW,Base Full Door Cabinets – Double Full Heigh Doors,Gloss White,,model_ready,838.2,876.3,609.6,/cabinet-inventory/models/bvc-1363.glb,https://bluevalleycabinets.ca/product/plywood-ready-to-assemble-kitchen-base-full-doors-cabinets-with-2doors-and-1-adjustable-shelf/?attribute_pa_width=33-4&attribute_pa_color=gw,
bvc-1362,Blue Valley,B33FHD-DW,Base Full Door Cabinets – Double Full Heigh Doors,Dark Walnut,,model_ready,838.2,876.3,609.6,/cabinet-inventory/models/bvc-1362.glb,https://bluevalleycabinets.ca/product/plywood-ready-to-assemble-kitchen-base-full-doors-cabinets-with-2doors-and-1-adjustable-shelf/?attribute_pa_width=33-4&attribute_pa_color=dw,
bvc-1361,Blue Valley,B30FHD-WS,Base Full Door Cabinets – Double Full Heigh Doors,White shaker,,model_ready,762.0,876.3,609.6,/cabinet-inventory/models/bvc-1361.glb,https://bluevalleycabinets.ca/product/plywood-ready-to-assemble-kitchen-base-full-doors-cabinets-with-2doors-and-1-adjustable-shelf/?attribute_pa_width=30-w&attribute_pa_color=ws,
bvc-1360,Blue Valley,B30FHD-NO,Base Full Door Cabinets – Double Full Heigh Doors,Natural Oak,,model_ready,762.0,876.3,609.6,/cabinet-inventory/models/bvc-1360.glb,https://bluevalleycabinets.ca/product/plywood-ready-to-assemble-kitchen-base-full-doors-cabinets-with-2doors-and-1-adjustable-shelf/?attribute_pa_width=30-w&attribute_pa_color=oak-2,
bvc-1359,Blue Valley,B30FHD-GW,Base Full Door Cabinets – Double Full Heigh Doors,Gloss White,,model_ready,762.0,876.3,609.6,/cabinet-inventory/models/bvc-1359.glb,https://bluevalleycabinets.ca/product/plywood-ready-to-assemble-kitchen-base-full-doors-cabinets-with-2doors-and-1-adjustable-shelf/?attribute_pa_width=30-w&attribute_pa_color=gw,
bvc-1358,Blue Valley,B30FHD,Base Full Door Cabinets – Double Full Heigh Doors,Dark Walnut,,model_ready,762.0,876.3,609.6,/cabinet-inventory/models/bvc-1358.glb,https://bluevalleycabinets.ca/product/plywood-ready-to-assemble-kitchen-base-full-doors-cabinets-with-2doors-and-1-adjustable-shelf/?attribute_pa_width=30-w&attribute_pa_color=dw,
bvc-1357,Blue Valley,B2721-WS,Base Full Door Cabinets – Double Full Heigh Doors,White shaker,,model_ready,685.8,876.3,609.6,/cabinet-inventory/models/bvc-1357.glb,https://bluevalleycabinets.ca/product/plywood-ready-to-assemble-kitchen-base-full-doors-cabinets-with-2doors-and-1-adjustable-shelf/?attribute_pa_width=27-w&attribute_pa_color=ws,
bvc-1356,Blue Valley,B2721-NO,Base Full Door Cabinets – Double Full Heigh Doors,Natural Oak,,model_ready,685.8,876.3,609.6,/cabinet-inventory/models/bvc-1356.glb,https://bluevalleycabinets.ca/product/plywood-ready-to-assemble-kitchen-base-full-doors-cabinets-with-2doors-and-1-adjustable-shelf/?attribute_pa_width=27-w&attribute_pa_color=oak-2,
bvc-1355,Blue Valley,B2721-GW,Base Full Door Cabinets – Double Full Heigh Doors,Gloss White,,model_ready,685.8,876.3,609.6,/cabinet-inventory/models/bvc-1355.glb,https://bluevalleycabinets.ca/product/plywood-ready-to-assemble-kitchen-base-full-doors-cabinets-with-2doors-and-1-adjustable-shelf/?attribute_pa_width=27-w&attribute_pa_color=gw,
bvc-1354,Blue Valley,B2721-DW,Base Full Door Cabinets – Double Full Heigh Doors,Dark Walnut,,model_ready,685.8,876.3,609.6,/cabinet-inventory/models/bvc-1354.glb,https://bluevalleycabinets.ca/product/plywood-ready-to-assemble-kitchen-base-full-doors-cabinets-with-2doors-and-1-adjustable-shelf/?attribute_pa_width=27-w&attribute_pa_color=dw,
bvc-1353,Blue Valley,B24FHD-WS,Base Full Door Cabinets – Double Full Heigh Doors,White shaker,,model_ready,609.6,876.3,609.6,/cabinet-inventory/models/bvc-1353.glb,https://bluevalleycabinets.ca/product/plywood-ready-to-assemble-kitchen-base-full-doors-cabinets-with-2doors-and-1-adjustable-shelf/?attribute_pa_width=24-width&attribute_pa_color=ws,
bvc-1352,Blue Valley,B24FHD-NO,Base Full Door Cabinets – Double Full Heigh Doors,Natural Oak,,model_ready,609.6,876.3,609.6,/cabinet-inventory/models/bvc-1352.glb,https://bluevalleycabinets.ca/product/plywood-ready-to-assemble-kitchen-base-full-doors-cabinets-with-2doors-and-1-adjustable-shelf/?attribute_pa_width=24-width&attribute_pa_color=oak-2,
bvc-1351,Blue Valley,B24FHD-GW,Base Full Door Cabinets – Double Full Heigh Doors,Gloss White,,model_ready,609.6,876.3,609.6,/cabinet-inventory/models/bvc-1351.glb,https://bluevalleycabinets.ca/product/plywood-ready-to-assemble-kitchen-base-full-doors-cabinets-with-2doors-and-1-adjustable-shelf/?attribute_pa_width=24-width&attribute_pa_color=gw,
bvc-1350,Blue Valley,B24FHD,Base Full Door Cabinets – Double Full Heigh Doors,Dark Walnut,,model_ready,609.6,876.3,609.6,/cabinet-inventory/models/bvc-1350.glb,https://bluevalleycabinets.ca/product/plywood-ready-to-assemble-kitchen-base-full-doors-cabinets-with-2doors-and-1-adjustable-shelf/?attribute_pa_width=24-width&attribute_pa_color=dw,
bvc-1321,Blue Valley,B2121-WS,Base Full Door Cabinet – One Door,White shaker,,model_ready,533.4,876.3,609.6,/cabinet-inventory/models/bvc-1321.glb,https://bluevalleycabinets.ca/product/plywood-ready-to-assemble-kitchen-base-full-door-cabinets-with-1-door-and-1-adjustable-shelf-fhd/?attribute_pa_width=21-w&attribute_pa_color=ws,
bvc-1320,Blue Valley,B18FHD-WS,Base Full Door Cabinet – One Door,White shaker,,model_ready,457.2,876.3,609.6,/cabinet-inventory/models/bvc-1320.glb,https://bluevalleycabinets.ca/product/plywood-ready-to-assemble-kitchen-base-full-door-cabinets-with-1-door-and-1-adjustable-shelf-fhd/?attribute_pa_width=18-w&attribute_pa_color=ws,
bvc-1319,Blue Valley,B15FHD-WS,Base Full Door Cabinet – One Door,White shaker,,model_ready,381.0,876.3,609.6,/cabinet-inventory/models/bvc-1319.glb,https://bluevalleycabinets.ca/product/plywood-ready-to-assemble-kitchen-base-full-door-cabinets-with-1-door-and-1-adjustable-shelf-fhd/?attribute_pa_width=15-4&attribute_pa_color=ws,
bvc-1318,Blue Valley,B12FHD-WS,Base Full Door Cabinet – One Door,White shaker,,model_ready,304.8,876.3,609.6,/cabinet-inventory/models/bvc-1318.glb,https://bluevalleycabinets.ca/product/plywood-ready-to-assemble-kitchen-base-full-door-cabinets-with-1-door-and-1-adjustable-shelf-fhd/?attribute_pa_width=12-3&attribute_pa_color=ws,
bvc-1317,Blue Valley,B921-WS,Base Full Door Cabinet – One Door,White shaker,,model_ready,228.6,876.3,609.6,/cabinet-inventory/models/bvc-1317.glb,https://bluevalleycabinets.ca/product/plywood-ready-to-assemble-kitchen-base-full-door-cabinets-with-1-door-and-1-adjustable-shelf-fhd/?attribute_pa_width=9-w&attribute_pa_color=ws,
bvc-1316,Blue Valley,B2121-NO,Base Full Door Cabinet – One Door,Natural Oak,,model_ready,533.4,876.3,609.6,/cabinet-inventory/models/bvc-1316.glb,https://bluevalleycabinets.ca/product/plywood-ready-to-assemble-kitchen-base-full-door-cabinets-with-1-door-and-1-adjustable-shelf-fhd/?attribute_pa_width=21-w&attribute_pa_color=oak-2,
bvc-1315,Blue Valley,B18FHD-NO,Base Full Door Cabinet – One Door,Natural Oak,,model_ready,457.2,876.3,609.6,/cabinet-inventory/models/bvc-1315.glb,https://bluevalleycabinets.ca/product/plywood-ready-to-assemble-kitchen-base-full-door-cabinets-with-1-door-and-1-adjustable-shelf-fhd/?attribute_pa_width=18-w&attribute_pa_color=oak-2,
bvc-1314,Blue Valley,B15FHD-NO,Base Full Door Cabinet – One Door,Natural Oak,,model_ready,381.0,876.3,609.6,/cabinet-inventory/models/bvc-1314.glb,https://bluevalleycabinets.ca/product/plywood-ready-to-assemble-kitchen-base-full-door-cabinets-with-1-door-and-1-adjustable-shelf-fhd/?attribute_pa_width=15-4&attribute_pa_color=oak-2,
bvc-1313,Blue Valley,B12FHD-NO,Base Full Door Cabinet – One Door,Natural Oak,,model_ready,304.8,876.3,609.6,/cabinet-inventory/models/bvc-1313.glb,https://bluevalleycabinets.ca/product/plywood-ready-to-assemble-kitchen-base-full-door-cabinets-with-1-door-and-1-adjustable-shelf-fhd/?attribute_pa_width=12-3&attribute_pa_color=oak-2,
bvc-1312,Blue Valley,B921-NO,Base Full Door Cabinet – One Door,Natural Oak,,model_ready,228.6,876.3,609.6,/cabinet-inventory/models/bvc-1312.glb,https://bluevalleycabinets.ca/product/plywood-ready-to-assemble-kitchen-base-full-door-cabinets-with-1-door-and-1-adjustable-shelf-fhd/?attribute_pa_width=9-w&attribute_pa_color=oak-2,
bvc-1311,Blue Valley,B2121-GW,Base Full Door Cabinet – One Door,Gloss White,,model_ready,533.4,876.3,609.6,/cabinet-inventory/models/bvc-1311.glb,https://bluevalleycabinets.ca/product/plywood-ready-to-assemble-kitchen-base-full-door-cabinets-with-1-door-and-1-adjustable-shelf-fhd/?attribute_pa_width=21-w&attribute_pa_color=gw,
bvc-1310,Blue Valley,B18FHD-GW,Base Full Door Cabinet – One Door,Gloss White,,model_ready,457.2,876.3,609.6,/cabinet-inventory/models/bvc-1310.glb,https://bluevalleycabinets.ca/product/plywood-ready-to-assemble-kitchen-base-full-door-cabinets-with-1-door-and-1-adjustable-shelf-fhd/?attribute_pa_width=18-w&attribute_pa_color=gw,
bvc-1309,Blue Valley,B15FHD-GW,Base Full Door Cabinet – One Door,Gloss White,,model_ready,381.0,876.3,609.6,/cabinet-inventory/models/bvc-1309.glb,https://bluevalleycabinets.ca/product/plywood-ready-to-assemble-kitchen-base-full-door-cabinets-with-1-door-and-1-adjustable-shelf-fhd/?attribute_pa_width=15-4&attribute_pa_color=gw,
bvc-1308,Blue Valley,B12FHD-GW,Base Full Door Cabinet – One Door,Gloss White,,model_ready,304.8,876.3,609.6,/cabinet-inventory/models/bvc-1308.glb,https://bluevalleycabinets.ca/product/plywood-ready-to-assemble-kitchen-base-full-door-cabinets-with-1-door-and-1-adjustable-shelf-fhd/?attribute_pa_width=12-3&attribute_pa_color=gw,
bvc-1307,Blue Valley,B921-GW,Base Full Door Cabinet – One Door,Gloss White,,model_ready,228.6,876.3,609.6,/cabinet-inventory/models/bvc-1307.glb,https://bluevalleycabinets.ca/product/plywood-ready-to-assemble-kitchen-base-full-door-cabinets-with-1-door-and-1-adjustable-shelf-fhd/?attribute_pa_width=9-w&attribute_pa_color=gw,
bvc-1306,Blue Valley,B2121-DW,Base Full Door Cabinet – One Door,Dark Walnut,,model_ready,533.4,876.3,609.6,/cabinet-inventory/models/bvc-1306.glb,https://bluevalleycabinets.ca/product/plywood-ready-to-assemble-kitchen-base-full-door-cabinets-with-1-door-and-1-adjustable-shelf-fhd/?attribute_pa_width=21-w&attribute_pa_color=dw,
bvc-1305,Blue Valley,B18FHD,Base Full Door Cabinet – One Door,Dark Walnut,,model_ready,457.2,876.3,609.6,/cabinet-inventory/models/bvc-1305.glb,https://bluevalleycabinets.ca/product/plywood-ready-to-assemble-kitchen-base-full-door-cabinets-with-1-door-and-1-adjustable-shelf-fhd/?attribute_pa_width=18-w&attribute_pa_color=dw,
bvc-1304,Blue Valley,B15FHD,Base Full Door Cabinet – One Door,Dark Walnut,,model_ready,381.0,876.3,609.6,/cabinet-inventory/models/bvc-1304.glb,https://bluevalleycabinets.ca/product/plywood-ready-to-assemble-kitchen-base-full-door-cabinets-with-1-door-and-1-adjustable-shelf-fhd/?attribute_pa_width=15-4&attribute_pa_color=dw,
bvc-1303,Blue Valley,B12FHD,Base Full Door Cabinet – One Door,Dark Walnut,,model_ready,304.8,876.3,609.6,/cabinet-inventory/models/bvc-1303.glb,https://bluevalleycabinets.ca/product/plywood-ready-to-assemble-kitchen-base-full-door-cabinets-with-1-door-and-1-adjustable-shelf-fhd/?attribute_pa_width=12-3&attribute_pa_color=dw,
bvc-1302,Blue Valley,B921-DW,Base Full Door Cabinet – One Door,Dark Walnut,,model_ready,228.6,876.3,609.6,/cabinet-inventory/models/bvc-1302.glb,https://bluevalleycabinets.ca/product/plywood-ready-to-assemble-kitchen-base-full-door-cabinets-with-1-door-and-1-adjustable-shelf-fhd/?attribute_pa_width=9-w&attribute_pa_color=dw,
bvc-1257,Blue Valley,B24,Base Cabinets – Double Doors,Dark Walnut,,specification_review,,,,,https://bluevalleycabinets.ca/product/plywood-ready-to-assemble-kitchen-base-cabinets-with-2doors-1-drawer-and-1-adjustable-shelf/?attribute_pa_width=24-width&attribute_pa_color=dw,Title says double doors; description says one door and lists incompatible widths; Assembled W/H/D and configuration require further verification; shipping units are not used as cabinet measurements
bvc-1256,Blue Valley,B36-WS,Base Cabinets – Double Doors,White shaker,,specification_review,,,,,https://bluevalleycabinets.ca/product/plywood-ready-to-assemble-kitchen-base-cabinets-with-2doors-1-drawer-and-1-adjustable-shelf/?attribute_pa_width=36-w&attribute_pa_color=ws,Title says double doors; description says one door and lists incompatible widths; Assembled W/H/D and configuration require further verification; shipping units are not used as cabinet measurements
bvc-1255,Blue Valley,B33-WS,Base Cabinets – Double Doors,White shaker,,specification_review,,,,,https://bluevalleycabinets.ca/product/plywood-ready-to-assemble-kitchen-base-cabinets-with-2doors-1-drawer-and-1-adjustable-shelf/?attribute_pa_width=33-4&attribute_pa_color=ws,Title says double doors; description says one door and lists incompatible widths; Assembled W/H/D and configuration require further verification; shipping units are not used as cabinet measurements
bvc-1254,Blue Valley,B30-WS,Base Cabinets – Double Doors,White shaker,,specification_review,,,,,https://bluevalleycabinets.ca/product/plywood-ready-to-assemble-kitchen-base-cabinets-with-2doors-1-drawer-and-1-adjustable-shelf/?attribute_pa_width=30-w&attribute_pa_color=ws,Title says double doors; description says one door and lists incompatible widths; Assembled W/H/D and configuration require further verification; shipping units are not used as cabinet measurements
bvc-1253,Blue Valley,B27-WS,Base Cabinets – Double Doors,White shaker,,specification_review,,,,,https://bluevalleycabinets.ca/product/plywood-ready-to-assemble-kitchen-base-cabinets-with-2doors-1-drawer-and-1-adjustable-shelf/?attribute_pa_width=27-w&attribute_pa_color=ws,Title says double doors; description says one door and lists incompatible widths; Assembled W/H/D and configuration require further verification; shipping units are not used as cabinet measurements
bvc-1252,Blue Valley,B24-WS,Base Cabinets – Double Doors,White shaker,,specification_review,,,,,https://bluevalleycabinets.ca/product/plywood-ready-to-assemble-kitchen-base-cabinets-with-2doors-1-drawer-and-1-adjustable-shelf/?attribute_pa_width=24-width&attribute_pa_color=ws,Title says double doors; description says one door and lists incompatible widths; Assembled W/H/D and configuration require further verification; shipping units are not used as cabinet measurements
bvc-1250,Blue Valley,B36-NO,Base Cabinets – Double Doors,Natural Oak,,specification_review,,,,,https://bluevalleycabinets.ca/product/plywood-ready-to-assemble-kitchen-base-cabinets-with-2doors-1-drawer-and-1-adjustable-shelf/?attribute_pa_width=36-w&attribute_pa_color=oak-2,Title says double doors; description says one door and lists incompatible widths; Assembled W/H/D and configuration require further verification; shipping units are not used as cabinet measurements
bvc-1249,Blue Valley,B33-NO,Base Cabinets – Double Doors,Natural Oak,,specification_review,,,,,https://bluevalleycabinets.ca/product/plywood-ready-to-assemble-kitchen-base-cabinets-with-2doors-1-drawer-and-1-adjustable-shelf/?attribute_pa_width=33-4&attribute_pa_color=oak-2,Title says double doors; description says one door and lists incompatible widths; Assembled W/H/D and configuration require further verification; shipping units are not used as cabinet measurements
bvc-1248,Blue Valley,B30-NO,Base Cabinets – Double Doors,Natural Oak,,specification_review,,,,,https://bluevalleycabinets.ca/product/plywood-ready-to-assemble-kitchen-base-cabinets-with-2doors-1-drawer-and-1-adjustable-shelf/?attribute_pa_width=30-w&attribute_pa_color=oak-2,Title says double doors; description says one door and lists incompatible widths; Assembled W/H/D and configuration require further verification; shipping units are not used as cabinet measurements
bvc-1247,Blue Valley,B27-NO,Base Cabinets – Double Doors,Natural Oak,,specification_review,,,,,https://bluevalleycabinets.ca/product/plywood-ready-to-assemble-kitchen-base-cabinets-with-2doors-1-drawer-and-1-adjustable-shelf/?attribute_pa_width=27-w&attribute_pa_color=oak-2,Title says double doors; description says one door and lists incompatible widths; Assembled W/H/D and configuration require further verification; shipping units are not used as cabinet measurements
bvc-1246,Blue Valley,B24-NO,Base Cabinets – Double Doors,Natural Oak,,specification_review,,,,,https://bluevalleycabinets.ca/product/plywood-ready-to-assemble-kitchen-base-cabinets-with-2doors-1-drawer-and-1-adjustable-shelf/?attribute_pa_width=24-width&attribute_pa_color=oak-2,Title says double doors; description says one door and lists incompatible widths; Assembled W/H/D and configuration require further verification; shipping units are not used as cabinet measurements
bvc-1245,Blue Valley,B36-GW,Base Cabinets – Double Doors,Gloss White,,specification_review,,,,,https://bluevalleycabinets.ca/product/plywood-ready-to-assemble-kitchen-base-cabinets-with-2doors-1-drawer-and-1-adjustable-shelf/?attribute_pa_width=36-w&attribute_pa_color=gw,Title says double doors; description says one door and lists incompatible widths; Assembled W/H/D and configuration require further verification; shipping units are not used as cabinet measurements
bvc-1244,Blue Valley,B33-GW,Base Cabinets – Double Doors,Gloss White,,specification_review,,,,,https://bluevalleycabinets.ca/product/plywood-ready-to-assemble-kitchen-base-cabinets-with-2doors-1-drawer-and-1-adjustable-shelf/?attribute_pa_width=33-4&attribute_pa_color=gw,Title says double doors; description says one door and lists incompatible widths; Assembled W/H/D and configuration require further verification; shipping units are not used as cabinet measurements
bvc-1243,Blue Valley,B30-GW,Base Cabinets – Double Doors,Gloss White,,specification_review,,,,,https://bluevalleycabinets.ca/product/plywood-ready-to-assemble-kitchen-base-cabinets-with-2doors-1-drawer-and-1-adjustable-shelf/?attribute_pa_width=30-w&attribute_pa_color=gw,Title says double doors; description says one door and lists incompatible widths; Assembled W/H/D and configuration require further verification; shipping units are not used as cabinet measurements
bvc-1242,Blue Valley,B27-GW,Base Cabinets – Double Doors,Gloss White,,specification_review,,,,,https://bluevalleycabinets.ca/product/plywood-ready-to-assemble-kitchen-base-cabinets-with-2doors-1-drawer-and-1-adjustable-shelf/?attribute_pa_width=27-w&attribute_pa_color=gw,Title says double doors; description says one door and lists incompatible widths; Assembled W/H/D and configuration require further verification; shipping units are not used as cabinet measurements
bvc-1241,Blue Valley,B24-GW,Base Cabinets – Double Doors,Gloss White,,specification_review,,,,,https://bluevalleycabinets.ca/product/plywood-ready-to-assemble-kitchen-base-cabinets-with-2doors-1-drawer-and-1-adjustable-shelf/?attribute_pa_width=24-width&attribute_pa_color=gw,Title says double doors; description says one door and lists incompatible widths; Assembled W/H/D and configuration require further verification; shipping units are not used as cabinet measurements
bvc-1240,Blue Valley,B36,Base Cabinets – Double Doors,Dark Walnut,,specification_review,,,,,https://bluevalleycabinets.ca/product/plywood-ready-to-assemble-kitchen-base-cabinets-with-2doors-1-drawer-and-1-adjustable-shelf/?attribute_pa_width=36-w&attribute_pa_color=dw,Title says double doors; description says one door and lists incompatible widths; Assembled W/H/D and configuration require further verification; shipping units are not used as cabinet measurements
bvc-1239,Blue Valley,B33,Base Cabinets – Double Doors,Dark Walnut,,specification_review,,,,,https://bluevalleycabinets.ca/product/plywood-ready-to-assemble-kitchen-base-cabinets-with-2doors-1-drawer-and-1-adjustable-shelf/?attribute_pa_width=33-4&attribute_pa_color=dw,Title says double doors; description says one door and lists incompatible widths; Assembled W/H/D and configuration require further verification; shipping units are not used as cabinet measurements
bvc-1238,Blue Valley,B30,Base Cabinets – Double Doors,Dark Walnut,,specification_review,,,,,https://bluevalleycabinets.ca/product/plywood-ready-to-assemble-kitchen-base-cabinets-with-2doors-1-drawer-and-1-adjustable-shelf/?attribute_pa_width=30-w&attribute_pa_color=dw,Title says double doors; description says one door and lists incompatible widths; Assembled W/H/D and configuration require further verification; shipping units are not used as cabinet measurements
bvc-1237,Blue Valley,B27,Base Cabinets – Double Doors,Dark Walnut,,specification_review,,,,,https://bluevalleycabinets.ca/product/plywood-ready-to-assemble-kitchen-base-cabinets-with-2doors-1-drawer-and-1-adjustable-shelf/?attribute_pa_width=27-w&attribute_pa_color=dw,Title says double doors; description says one door and lists incompatible widths; Assembled W/H/D and configuration require further verification; shipping units are not used as cabinet measurements
bvc-1198,Blue Valley,B21-GW,Base Cabinets,Gloss White,,model_ready,533.4,876.3,609.6,/cabinet-inventory/models/bvc-1198.glb,https://bluevalleycabinets.ca/product/demo/?attribute_pa_width=21-w&attribute_pa_color=gw,
bvc-1197,Blue Valley,B18-GW,Base Cabinets,Gloss White,,model_ready,457.2,876.3,609.6,/cabinet-inventory/models/bvc-1197.glb,https://bluevalleycabinets.ca/product/demo/?attribute_pa_width=18-w&attribute_pa_color=gw,
bvc-1196,Blue Valley,B15-GW,Base Cabinets,Gloss White,,model_ready,381.0,876.3,609.6,/cabinet-inventory/models/bvc-1196.glb,https://bluevalleycabinets.ca/product/demo/?attribute_pa_width=15-4&attribute_pa_color=gw,
bvc-1195,Blue Valley,B12-GW,Base Cabinets,Gloss White,,model_ready,304.8,876.3,609.6,/cabinet-inventory/models/bvc-1195.glb,https://bluevalleycabinets.ca/product/demo/?attribute_pa_width=12-3&attribute_pa_color=gw,
bvc-1194,Blue Valley,B09-GW,Base Cabinets,Gloss White,,model_ready,228.6,876.3,609.6,/cabinet-inventory/models/bvc-1194.glb,https://bluevalleycabinets.ca/product/demo/?attribute_pa_width=9-w&attribute_pa_color=gw,
bvc-1193,Blue Valley,B21,Base Cabinets,Dark Walnut,,model_ready,533.4,876.3,609.6,/cabinet-inventory/models/bvc-1193.glb,https://bluevalleycabinets.ca/product/demo/?attribute_pa_width=21-w&attribute_pa_color=dw,
bvc-1192,Blue Valley,B18,Base Cabinets,Dark Walnut,,model_ready,457.2,876.3,609.6,/cabinet-inventory/models/bvc-1192.glb,https://bluevalleycabinets.ca/product/demo/?attribute_pa_width=18-w&attribute_pa_color=dw,
bvc-1191,Blue Valley,B15,Base Cabinets,Dark Walnut,,model_ready,381.0,876.3,609.6,/cabinet-inventory/models/bvc-1191.glb,https://bluevalleycabinets.ca/product/demo/?attribute_pa_width=15-4&attribute_pa_color=dw,
bvc-1190,Blue Valley,B12,Base Cabinets,Dark Walnut,,model_ready,304.8,876.3,609.6,/cabinet-inventory/models/bvc-1190.glb,https://bluevalleycabinets.ca/product/demo/?attribute_pa_width=12-3&attribute_pa_color=dw,
bvc-1189,Blue Valley,B09,Base Cabinets,Dark Walnut,,model_ready,228.6,876.3,609.6,/cabinet-inventory/models/bvc-1189.glb,https://bluevalleycabinets.ca/product/demo/?attribute_pa_width=9-w&attribute_pa_color=dw,
bvc-1188,Blue Valley,B21-NO,Base Cabinets,Natural Oak,,model_ready,533.4,876.3,609.6,/cabinet-inventory/models/bvc-1188.glb,https://bluevalleycabinets.ca/product/demo/?attribute_pa_width=21-w&attribute_pa_color=oak-2,
bvc-1187,Blue Valley,B18-NO,Base Cabinets,Natural Oak,,model_ready,457.2,876.3,609.6,/cabinet-inventory/models/bvc-1187.glb,https://bluevalleycabinets.ca/product/demo/?attribute_pa_width=18-w&attribute_pa_color=oak-2,
bvc-1186,Blue Valley,B15-NO,Base Cabinets,Natural Oak,,model_ready,381.0,876.3,609.6,/cabinet-inventory/models/bvc-1186.glb,https://bluevalleycabinets.ca/product/demo/?attribute_pa_width=15-4&attribute_pa_color=oak-2,
bvc-1185,Blue Valley,B12-NO,Base Cabinets,Natural Oak,,model_ready,304.8,876.3,609.6,/cabinet-inventory/models/bvc-1185.glb,https://bluevalleycabinets.ca/product/demo/?attribute_pa_width=12-3&attribute_pa_color=oak-2,
bvc-1183,Blue Valley,B09-NO,Base Cabinets,Natural Oak,,model_ready,228.6,876.3,609.6,/cabinet-inventory/models/bvc-1183.glb,https://bluevalleycabinets.ca/product/demo/?attribute_pa_width=9-w&attribute_pa_color=oak-2,
bvc-1145,Blue Valley,B21-WS,Base Cabinets,White shaker,,model_ready,533.4,876.3,609.6,/cabinet-inventory/models/bvc-1145.glb,https://bluevalleycabinets.ca/product/demo/?attribute_pa_width=21-w&attribute_pa_color=ws,
bvc-1144,Blue Valley,B18-WS,Base Cabinets,White shaker,,model_ready,457.2,876.3,609.6,/cabinet-inventory/models/bvc-1144.glb,https://bluevalleycabinets.ca/product/demo/?attribute_pa_width=18-w&attribute_pa_color=ws,
bvc-1143,Blue Valley,B15-WS,Base Cabinets,White shaker,,model_ready,381.0,876.3,609.6,/cabinet-inventory/models/bvc-1143.glb,https://bluevalleycabinets.ca/product/demo/?attribute_pa_width=15-4&attribute_pa_color=ws,
bvc-1142,Blue Valley,B12-WS,Base Cabinets,White shaker,,model_ready,304.8,876.3,609.6,/cabinet-inventory/models/bvc-1142.glb,https://bluevalleycabinets.ca/product/demo/?attribute_pa_width=12-3&attribute_pa_color=ws,
bvc-1141,Blue Valley,B09-WS,Base Cabinets,White shaker,,model_ready,228.6,876.3,609.6,/cabinet-inventory/models/bvc-1141.glb,https://bluevalleycabinets.ca/product/demo/?attribute_pa_width=9-w&attribute_pa_color=ws,
macan-reference-3952aa0384b2,Macan,,Wine Rack,White Shaker Face Frame,,specification_review,,,,,https://macancabinets.com/white-shaker-frame-cabinets/,Gallery photograph is not a dimensioned sellable SKU; supplier SKU and W/H/D specification required
macan-reference-07ab01f8b544,Macan,,Vanity Base,White Shaker Face Frame,,specification_review,,,,,https://macancabinets.com/white-shaker-frame-cabinets/,Gallery photograph is not a dimensioned sellable SKU; supplier SKU and W/H/D specification required
macan-reference-cf082ff38222,Macan,,Wine Glass Holder,White Shaker Face Frame,,specification_review,,,,,https://macancabinets.com/white-shaker-frame-cabinets/,Gallery photograph is not a dimensioned sellable SKU; supplier SKU and W/H/D specification required
macan-reference-a04faa07dd32,Macan,,Toe Kick,White Shaker Face Frame,,specification_review,,,,,https://macancabinets.com/white-shaker-frame-cabinets/,Gallery photograph is not a dimensioned sellable SKU; supplier SKU and W/H/D specification required
macan-reference-f8492f87ee98,Macan,,Vanity 3 Drawer,White Shaker Face Frame,,specification_review,,,,,https://macancabinets.com/white-shaker-frame-cabinets/,Gallery photograph is not a dimensioned sellable SKU; supplier SKU and W/H/D specification required
macan-reference-9d16b25230e1,Macan,,Vanity Sink Base,White Shaker Face Frame,,specification_review,,,,,https://macancabinets.com/white-shaker-frame-cabinets/,Gallery photograph is not a dimensioned sellable SKU; supplier SKU and W/H/D specification required
macan-reference-9dcde30ecf4e,Macan,,Skin Panel,White Shaker Face Frame,,specification_review,,,,,https://macancabinets.com/white-shaker-frame-cabinets/,Gallery photograph is not a dimensioned sellable SKU; supplier SKU and W/H/D specification required
macan-reference-843b5f1cffd3,Macan,,Light Trim Moulding,White Shaker Face Frame,,specification_review,,,,,https://macancabinets.com/white-shaker-frame-cabinets/,Gallery photograph is not a dimensioned sellable SKU; supplier SKU and W/H/D specification required
macan-reference-913beedb8eb9,Macan,,Fluted Filler,White Shaker Face Frame,,specification_review,,,,,https://macancabinets.com/white-shaker-frame-cabinets/,Gallery photograph is not a dimensioned sellable SKU; supplier SKU and W/H/D specification required
macan-reference-16191dc1de56,Macan,,Island Panel,White Shaker Face Frame,,specification_review,,,,,https://macancabinets.com/white-shaker-frame-cabinets/,Gallery photograph is not a dimensioned sellable SKU; supplier SKU and W/H/D specification required
macan-reference-fd71018f6bc7,Macan,,End Panel,White Shaker Face Frame,,specification_review,,,,,https://macancabinets.com/white-shaker-frame-cabinets/,Gallery photograph is not a dimensioned sellable SKU; supplier SKU and W/H/D specification required
macan-reference-89020a83c727,Macan,,Filler,White Shaker Face Frame,,specification_review,,,,,https://macancabinets.com/white-shaker-frame-cabinets/,Gallery photograph is not a dimensioned sellable SKU; supplier SKU and W/H/D specification required
macan-reference-4c3358eee8bc,Macan,,Base Spice Tray,White Shaker Face Frame,,specification_review,,,,,https://macancabinets.com/white-shaker-frame-cabinets/,Gallery photograph is not a dimensioned sellable SKU; supplier SKU and W/H/D specification required
macan-reference-8a9ce8464895,Macan,,Crown Moulding,White Shaker Face Frame,,specification_review,,,,,https://macancabinets.com/white-shaker-frame-cabinets/,Gallery photograph is not a dimensioned sellable SKU; supplier SKU and W/H/D specification required
macan-reference-c61041b5db54,Macan,,Base Open End Shelf,White Shaker Face Frame,,specification_review,,,,,https://macancabinets.com/white-shaker-frame-cabinets/,Gallery photograph is not a dimensioned sellable SKU; supplier SKU and W/H/D specification required
macan-reference-eb189302bfbd,Macan,,Corner Moulding,White Shaker Face Frame,,specification_review,,,,,https://macancabinets.com/white-shaker-frame-cabinets/,Gallery photograph is not a dimensioned sellable SKU; supplier SKU and W/H/D specification required
macan-reference-ae1f8da151aa,Macan,,Base Sink,White Shaker Face Frame,,specification_review,,,,,https://macancabinets.com/white-shaker-frame-cabinets/,Gallery photograph is not a dimensioned sellable SKU; supplier SKU and W/H/D specification required
macan-reference-7b6c74419545,Macan,,Base Cabinet,White Shaker Face Frame,,specification_review,,,,,https://macancabinets.com/white-shaker-frame-cabinets/,Gallery photograph is not a dimensioned sellable SKU; supplier SKU and W/H/D specification required
macan-reference-f32a03bc857b,Macan,,Base 3 Drawer,White Shaker Face Frame,,specification_review,,,,,https://macancabinets.com/white-shaker-frame-cabinets/,Gallery photograph is not a dimensioned sellable SKU; supplier SKU and W/H/D specification required
macan-reference-9543e29b4248,Macan,,Base Corner 90 FHD,White Shaker Face Frame,,specification_review,,,,,https://macancabinets.com/white-shaker-frame-cabinets/,Gallery photograph is not a dimensioned sellable SKU; supplier SKU and W/H/D specification required
macan-reference-7234d25fe3e8,Macan,,Base Corner Blind,White Shaker Face Frame,,specification_review,,,,,https://macancabinets.com/white-shaker-frame-cabinets/,Gallery photograph is not a dimensioned sellable SKU; supplier SKU and W/H/D specification required
macan-reference-ff14260bdcd2,Macan,,93H Pantry,White Shaker Face Frame,,specification_review,,,,,https://macancabinets.com/white-shaker-frame-cabinets/,Gallery photograph is not a dimensioned sellable SKU; supplier SKU and W/H/D specification required
macan-reference-0e2f4ae5b991,Macan,,39H Wall Open End Shelf,White Shaker Face Frame,,specification_review,,,,,https://macancabinets.com/white-shaker-frame-cabinets/,Gallery photograph is not a dimensioned sellable SKU; supplier SKU and W/H/D specification required
macan-reference-3c2cf43fb56c,Macan,,39H Wall,White Shaker Face Frame,,specification_review,,,,,https://macancabinets.com/white-shaker-frame-cabinets/,Gallery photograph is not a dimensioned sellable SKU; supplier SKU and W/H/D specification required
macan-reference-1fb9c6ca3963,Macan,,39H Microwave,White Shaker Face Frame,,specification_review,,,,,https://macancabinets.com/white-shaker-frame-cabinets/,Gallery photograph is not a dimensioned sellable SKU; supplier SKU and W/H/D specification required
macan-reference-c35c8ad47ebd,Macan,,93H Oven Pantry,White Shaker Face Frame,,specification_review,,,,,https://macancabinets.com/white-shaker-frame-cabinets/,Gallery photograph is not a dimensioned sellable SKU; supplier SKU and W/H/D specification required
macan-reference-2384bb28c602,Macan,,84H Pantry,White Shaker Face Frame,,specification_review,,,,,https://macancabinets.com/white-shaker-frame-cabinets/,Gallery photograph is not a dimensioned sellable SKU; supplier SKU and W/H/D specification required
macan-reference-560757d19699,Macan,,39H Glass Door Diagonal Wall,White Shaker Face Frame,,specification_review,,,,,https://macancabinets.com/white-shaker-frame-cabinets/,Gallery photograph is not a dimensioned sellable SKU; supplier SKU and W/H/D specification required
macan-reference-1cd1ee7f6011,Macan,,39H Glass Door Wall,White Shaker Face Frame,,specification_review,,,,,https://macancabinets.com/white-shaker-frame-cabinets/,Gallery photograph is not a dimensioned sellable SKU; supplier SKU and W/H/D specification required
macan-reference-fc859819be76,Macan,,30H Wall Open End Shelf,White Shaker Face Frame,,specification_review,,,,,https://macancabinets.com/white-shaker-frame-cabinets/,Gallery photograph is not a dimensioned sellable SKU; supplier SKU and W/H/D specification required
macan-reference-926feb7dd688,Macan,,39H Diagonal,White Shaker Face Frame,,specification_review,,,,,https://macancabinets.com/white-shaker-frame-cabinets/,Gallery photograph is not a dimensioned sellable SKU; supplier SKU and W/H/D specification required
macan-reference-97c290b533f4,Macan,,39H Blind Corner,White Shaker Face Frame,,specification_review,,,,,https://macancabinets.com/white-shaker-frame-cabinets/,Gallery photograph is not a dimensioned sellable SKU; supplier SKU and W/H/D specification required
macan-reference-49c7f9d32d3a,Macan,,30H Glass Door Wall,White Shaker Face Frame,,specification_review,,,,,https://macancabinets.com/white-shaker-frame-cabinets/,Gallery photograph is not a dimensioned sellable SKU; supplier SKU and W/H/D specification required
macan-reference-048d137e9d45,Macan,,30H Wall,White Shaker Face Frame,,specification_review,,,,,https://macancabinets.com/white-shaker-frame-cabinets/,Gallery photograph is not a dimensioned sellable SKU; supplier SKU and W/H/D specification required
macan-reference-67953f60d2ce,Macan,,24H 12D Wall,White Shaker Face Frame,,specification_review,,,,,https://macancabinets.com/white-shaker-frame-cabinets/,Gallery photograph is not a dimensioned sellable SKU; supplier SKU and W/H/D specification required
macan-reference-514cdf188272,Macan,,30H Microwave,White Shaker Face Frame,,specification_review,,,,,https://macancabinets.com/white-shaker-frame-cabinets/,Gallery photograph is not a dimensioned sellable SKU; supplier SKU and W/H/D specification required
macan-reference-26fdc3db4d88,Macan,,30H Glass Diagonal,White Shaker Face Frame,,specification_review,,,,,https://macancabinets.com/white-shaker-frame-cabinets/,Gallery photograph is not a dimensioned sellable SKU; supplier SKU and W/H/D specification required
macan-reference-5b624adce663,Macan,,30H Diagonal,White Shaker Face Frame,,specification_review,,,,,https://macancabinets.com/white-shaker-frame-cabinets/,Gallery photograph is not a dimensioned sellable SKU; supplier SKU and W/H/D specification required
macan-reference-277c9d495766,Macan,,15H 24D Wall,White Shaker Face Frame,,specification_review,,,,,https://macancabinets.com/white-shaker-frame-cabinets/,Gallery photograph is not a dimensioned sellable SKU; supplier SKU and W/H/D specification required
macan-reference-7b769834b0a9,Macan,,30H Blind Corner Wall,White Shaker Face Frame,,specification_review,,,,,https://macancabinets.com/white-shaker-frame-cabinets/,Gallery photograph is not a dimensioned sellable SKU; supplier SKU and W/H/D specification required
macan-reference-4e3c80db9c89,Macan,,21H 24D Wall,White Shaker Face Frame,,specification_review,,,,,https://macancabinets.com/white-shaker-frame-cabinets/,Gallery photograph is not a dimensioned sellable SKU; supplier SKU and W/H/D specification required
macan-reference-289dc6658159,Macan,,24H 24D Wall,White Shaker Face Frame,,specification_review,,,,,https://macancabinets.com/white-shaker-frame-cabinets/,Gallery photograph is not a dimensioned sellable SKU; supplier SKU and W/H/D specification required
macan-reference-07b0628e7407,Macan,,21H 12D Wall,White Shaker Face Frame,,specification_review,,,,,https://macancabinets.com/white-shaker-frame-cabinets/,Gallery photograph is not a dimensioned sellable SKU; supplier SKU and W/H/D specification required
macan-reference-62f21557b072,Macan,,12H 24D Wall,White Shaker Face Frame,,specification_review,,,,,https://macancabinets.com/white-shaker-frame-cabinets/,Gallery photograph is not a dimensioned sellable SKU; supplier SKU and W/H/D specification required
macan-reference-c82182c83023,Macan,,15H 12D Wall,White Shaker Face Frame,,specification_review,,,,,https://macancabinets.com/white-shaker-frame-cabinets/,Gallery photograph is not a dimensioned sellable SKU; supplier SKU and W/H/D specification required
macan-reference-41c7e83c5ffb,Macan,,12H 12D Wall,White Shaker Face Frame,,specification_review,,,,,https://macancabinets.com/white-shaker-frame-cabinets/,Gallery photograph is not a dimensioned sellable SKU; supplier SKU and W/H/D specification required
macan-reference-9c8e2e3b275f,Macan,,Base Corner Sink,White Shaker Face Frame,,specification_review,,,,,https://macancabinets.com/white-shaker-frame-cabinets/,Gallery photograph is not a dimensioned sellable SKU; supplier SKU and W/H/D specification required
macan-reference-a146de884f78,Macan,,upper cabinets,White Shaker Frameless,,specification_review,,,,,https://macancabinets.com/white-shaker-frameless-cabinets/,Gallery photograph is not a dimensioned sellable SKU; supplier SKU and W/H/D specification required
macan-reference-6789f3d377f1,Macan,,three drawer base cabinets,White Shaker Frameless,,specification_review,,,,,https://macancabinets.com/white-shaker-frameless-cabinets/,Gallery photograph is not a dimensioned sellable SKU; supplier SKU and W/H/D specification required
macan-reference-1346b0151755,Macan,,Upper corner cabinets,White Shaker Frameless,,specification_review,,,,,https://macancabinets.com/white-shaker-frameless-cabinets/,Gallery photograph is not a dimensioned sellable SKU; supplier SKU and W/H/D specification required
macan-reference-5681a77e58ea,Macan,,corner cabinets with lazy susan,White Shaker Frameless,,specification_review,,,,,https://macancabinets.com/white-shaker-frameless-cabinets/,Gallery photograph is not a dimensioned sellable SKU; supplier SKU and W/H/D specification required
macan-reference-a1bb0f617ced,Macan,,15H 12D Wall,Grey Shaker Face Frame,,specification_review,,,,,https://macancabinets.com/grey-shaker-frame-cabinets/,Gallery photograph is not a dimensioned sellable SKU; supplier SKU and W/H/D specification required
macan-reference-8b125791fbfb,Macan,,21H 12D Wall,Grey Shaker Face Frame,,specification_review,,,,,https://macancabinets.com/grey-shaker-frame-cabinets/,Gallery photograph is not a dimensioned sellable SKU; supplier SKU and W/H/D specification required
macan-reference-43f01f47f9ac,Macan,,15H 24D Wall,Grey Shaker Face Frame,,specification_review,,,,,https://macancabinets.com/grey-shaker-frame-cabinets/,Gallery photograph is not a dimensioned sellable SKU; supplier SKU and W/H/D specification required
macan-reference-0828bbba6364,Macan,,30H Diagonal Wall,Grey Shaker Face Frame,,specification_review,,,,,https://macancabinets.com/grey-shaker-frame-cabinets/,Gallery photograph is not a dimensioned sellable SKU; supplier SKU and W/H/D specification required
macan-reference-9074e60170f0,Macan,,21H 24D Wall,Grey Shaker Face Frame,,specification_review,,,,,https://macancabinets.com/grey-shaker-frame-cabinets/,Gallery photograph is not a dimensioned sellable SKU; supplier SKU and W/H/D specification required
macan-reference-3c663a7cfa11,Macan,,39H Blind Corner,Grey Shaker Face Frame,,specification_review,,,,,https://macancabinets.com/grey-shaker-frame-cabinets/,Gallery photograph is not a dimensioned sellable SKU; supplier SKU and W/H/D specification required
macan-reference-8ce83ed3c795,Macan,,39H Diagonal,Grey Shaker Face Frame,,specification_review,,,,,https://macancabinets.com/grey-shaker-frame-cabinets/,Gallery photograph is not a dimensioned sellable SKU; supplier SKU and W/H/D specification required
macan-reference-3961906e3678,Macan,,30H Glass Door Wall,Grey Shaker Face Frame,,specification_review,,,,,https://macancabinets.com/grey-shaker-frame-cabinets/,Gallery photograph is not a dimensioned sellable SKU; supplier SKU and W/H/D specification required
macan-reference-f1c809606c93,Macan,,30H Microwave Wall,Grey Shaker Face Frame,,specification_review,,,,,https://macancabinets.com/grey-shaker-frame-cabinets/,Gallery photograph is not a dimensioned sellable SKU; supplier SKU and W/H/D specification required
macan-reference-afbcb276062f,Macan,,39H Wall,Grey Shaker Face Frame,,specification_review,,,,,https://macancabinets.com/grey-shaker-frame-cabinets/,Gallery photograph is not a dimensioned sellable SKU; supplier SKU and W/H/D specification required
macan-reference-4ffed7db2ed9,Macan,,30H Wall,Grey Shaker Face Frame,,specification_review,,,,,https://macancabinets.com/grey-shaker-frame-cabinets/,Gallery photograph is not a dimensioned sellable SKU; supplier SKU and W/H/D specification required
macan-reference-93d8ee37817e,Macan,,39H Wall Open End Shelf,Grey Shaker Face Frame,,specification_review,,,,,https://macancabinets.com/grey-shaker-frame-cabinets/,Gallery photograph is not a dimensioned sellable SKU; supplier SKU and W/H/D specification required
macan-reference-1ffd287cd2f9,Macan,,Base Cabinet,Grey Shaker Face Frame,,specification_review,,,,,https://macancabinets.com/grey-shaker-frame-cabinets/,Gallery photograph is not a dimensioned sellable SKU; supplier SKU and W/H/D specification required
macan-reference-de1a76a4840a,Macan,,Base Corner 90 FHD,Grey Shaker Face Frame,,specification_review,,,,,https://macancabinets.com/grey-shaker-frame-cabinets/,Gallery photograph is not a dimensioned sellable SKU; supplier SKU and W/H/D specification required
macan-reference-e536ad35f1bd,Macan,,Base Sink,Grey Shaker Face Frame,,specification_review,,,,,https://macancabinets.com/grey-shaker-frame-cabinets/,Gallery photograph is not a dimensioned sellable SKU; supplier SKU and W/H/D specification required
macan-reference-5f2ac774aa2a,Macan,,Base 3 Drawer,Grey Shaker Face Frame,,specification_review,,,,,https://macancabinets.com/grey-shaker-frame-cabinets/,Gallery photograph is not a dimensioned sellable SKU; supplier SKU and W/H/D specification required
macan-reference-3bdde440f5de,Macan,,Base Sink,Grey Shaker Face Frame,,specification_review,,,,,https://macancabinets.com/grey-shaker-frame-cabinets/,Gallery photograph is not a dimensioned sellable SKU; supplier SKU and W/H/D specification required
macan-reference-347e333271a6,Macan,,Base Corner Blind,Grey Shaker Face Frame,,specification_review,,,,,https://macancabinets.com/grey-shaker-frame-cabinets/,Gallery photograph is not a dimensioned sellable SKU; supplier SKU and W/H/D specification required
macan-reference-d8ad908b984d,Macan,,Base Open End Shelf,Grey Shaker Face Frame,,specification_review,,,,,https://macancabinets.com/grey-shaker-frame-cabinets/,Gallery photograph is not a dimensioned sellable SKU; supplier SKU and W/H/D specification required
macan-reference-1b9ce7a15d9c,Macan,,Filler,Grey Shaker Face Frame,,specification_review,,,,,https://macancabinets.com/grey-shaker-frame-cabinets/,Gallery photograph is not a dimensioned sellable SKU; supplier SKU and W/H/D specification required
macan-reference-368ca0956e60,Macan,,End Panel,Grey Shaker Face Frame,,specification_review,,,,,https://macancabinets.com/grey-shaker-frame-cabinets/,Gallery photograph is not a dimensioned sellable SKU; supplier SKU and W/H/D specification required
macan-reference-324c131a100c,Macan,,Crown Moulding,Grey Shaker Face Frame,,specification_review,,,,,https://macancabinets.com/grey-shaker-frame-cabinets/,Gallery photograph is not a dimensioned sellable SKU; supplier SKU and W/H/D specification required
macan-reference-ea8f0a5e35ca,Macan,,Corner Moulding,Grey Shaker Face Frame,,specification_review,,,,,https://macancabinets.com/grey-shaker-frame-cabinets/,Gallery photograph is not a dimensioned sellable SKU; supplier SKU and W/H/D specification required
macan-reference-ec197c6bfaae,Macan,,Island Panel,Grey Shaker Face Frame,,specification_review,,,,,https://macancabinets.com/grey-shaker-frame-cabinets/,Gallery photograph is not a dimensioned sellable SKU; supplier SKU and W/H/D specification required
macan-reference-e11869e4a0f7,Macan,,Toe Kick,Grey Shaker Face Frame,,specification_review,,,,,https://macancabinets.com/grey-shaker-frame-cabinets/,Gallery photograph is not a dimensioned sellable SKU; supplier SKU and W/H/D specification required
macan-reference-b739c91fe5dd,Macan,,Light Trim Moulding,Grey Shaker Face Frame,,specification_review,,,,,https://macancabinets.com/grey-shaker-frame-cabinets/,Gallery photograph is not a dimensioned sellable SKU; supplier SKU and W/H/D specification required
macan-reference-5140a946031c,Macan,,Vanity 3 Drawer,Grey Shaker Face Frame,,specification_review,,,,,https://macancabinets.com/grey-shaker-frame-cabinets/,Gallery photograph is not a dimensioned sellable SKU; supplier SKU and W/H/D specification required
macan-reference-0d8f9c2a31df,Macan,,Skin Panel,Grey Shaker Face Frame,,specification_review,,,,,https://macancabinets.com/grey-shaker-frame-cabinets/,Gallery photograph is not a dimensioned sellable SKU; supplier SKU and W/H/D specification required
macan-reference-274ffcc7b70a,Macan,,Vanity Sink Base,Grey Shaker Face Frame,,specification_review,,,,,https://macancabinets.com/grey-shaker-frame-cabinets/,Gallery photograph is not a dimensioned sellable SKU; supplier SKU and W/H/D specification required
macan-reference-9d37b4f8cf49,Macan,,drawer box （wooden）,Blue Shaker Face Frame,,specification_review,,,,,https://macancabinets.com/blue-shaker-frame-cabinets/,Gallery photograph is not a dimensioned sellable SKU; supplier SKU and W/H/D specification required
macan-reference-eba10877c83d,Macan,,pantry cabinets wide 182430 high 93,Blue Shaker Face Frame,,specification_review,,,,,https://macancabinets.com/blue-shaker-frame-cabinets/,Gallery photograph is not a dimensioned sellable SKU; supplier SKU and W/H/D specification required
macan-reference-150966eeffea,Macan,,three drawers cabinets,Blue Shaker Face Frame,,specification_review,,,,,https://macancabinets.com/blue-shaker-frame-cabinets/,Gallery photograph is not a dimensioned sellable SKU; supplier SKU and W/H/D specification required
macan-reference-c8e74eb0bbf1,Macan,,spice wrack 9 wide,Blue Shaker Face Frame,,specification_review,,,,,https://macancabinets.com/blue-shaker-frame-cabinets/,Gallery photograph is not a dimensioned sellable SKU; supplier SKU and W/H/D specification required
macan-reference-cdc6d730213f,Macan,,21H 24D Wall,High Gloss White Frameless,,specification_review,,,,,https://macancabinets.com/high-gloss-cabinets/,Gallery photograph is not a dimensioned sellable SKU; supplier SKU and W/H/D specification required
macan-reference-03b63f6ac0c0,Macan,,24H 24D Wall,High Gloss White Frameless,,specification_review,,,,,https://macancabinets.com/high-gloss-cabinets/,Gallery photograph is not a dimensioned sellable SKU; supplier SKU and W/H/D specification required
macan-reference-fcd4f6a5cabd,Macan,,30H Diagonal,High Gloss White Frameless,,specification_review,,,,,https://macancabinets.com/high-gloss-cabinets/,Gallery photograph is not a dimensioned sellable SKU; supplier SKU and W/H/D specification required
macan-reference-b024841a1a6c,Macan,,12H 24D Wall,High Gloss White Frameless,,specification_review,,,,,https://macancabinets.com/high-gloss-cabinets/,Gallery photograph is not a dimensioned sellable SKU; supplier SKU and W/H/D specification required
macan-reference-0c7aa9b02430,Macan,,39H Blind Corner,High Gloss White Frameless,,specification_review,,,,,https://macancabinets.com/high-gloss-cabinets/,Gallery photograph is not a dimensioned sellable SKU; supplier SKU and W/H/D specification required
macan-reference-85365eb2eac0,Macan,,39H Microwave,High Gloss White Frameless,,specification_review,,,,,https://macancabinets.com/high-gloss-cabinets/,Gallery photograph is not a dimensioned sellable SKU; supplier SKU and W/H/D specification required
macan-reference-56df9def4162,Macan,,39H Diagonal,High Gloss White Frameless,,specification_review,,,,,https://macancabinets.com/high-gloss-cabinets/,Gallery photograph is not a dimensioned sellable SKU; supplier SKU and W/H/D specification required
macan-reference-2e8bc9c395ba,Macan,,24H 12D Wall,High Gloss White Frameless,,specification_review,,,,,https://macancabinets.com/high-gloss-cabinets/,Gallery photograph is not a dimensioned sellable SKU; supplier SKU and W/H/D specification required
macan-reference-52cde9e6bc02,Macan,,39H Wall,High Gloss White Frameless,,specification_review,,,,,https://macancabinets.com/high-gloss-cabinets/,Gallery photograph is not a dimensioned sellable SKU; supplier SKU and W/H/D specification required
macan-reference-4628a5cec939,Macan,,Base 3 Drawer,High Gloss White Frameless,,specification_review,,,,,https://macancabinets.com/high-gloss-cabinets/,Gallery photograph is not a dimensioned sellable SKU; supplier SKU and W/H/D specification required
macan-reference-dcfbce9a6958,Macan,,93H Pantry,High Gloss White Frameless,,specification_review,,,,,https://macancabinets.com/high-gloss-cabinets/,Gallery photograph is not a dimensioned sellable SKU; supplier SKU and W/H/D specification required
macan-reference-b9c0717a3424,Macan,,Base Sink,High Gloss White Frameless,,specification_review,,,,,https://macancabinets.com/high-gloss-cabinets/,Gallery photograph is not a dimensioned sellable SKU; supplier SKU and W/H/D specification required
macan-reference-a2d6454e326d,Macan,,Base Corner 90 FHD,High Gloss White Frameless,,specification_review,,,,,https://macancabinets.com/high-gloss-cabinets/,Gallery photograph is not a dimensioned sellable SKU; supplier SKU and W/H/D specification required
macan-reference-95db3af85ac6,Macan,,Base,High Gloss White Frameless,,specification_review,,,,,https://macancabinets.com/high-gloss-cabinets/,Gallery photograph is not a dimensioned sellable SKU; supplier SKU and W/H/D specification required
macan-reference-cfc65bdd5304,Macan,,Island Panel,High Gloss White Frameless,,specification_review,,,,,https://macancabinets.com/high-gloss-cabinets/,Gallery photograph is not a dimensioned sellable SKU; supplier SKU and W/H/D specification required
macan-reference-16c505778785,Macan,,End Panel,High Gloss White Frameless,,specification_review,,,,,https://macancabinets.com/high-gloss-cabinets/,Gallery photograph is not a dimensioned sellable SKU; supplier SKU and W/H/D specification required
macan-reference-cba09e24072f,Macan,,Base Spice Tray,High Gloss White Frameless,,specification_review,,,,,https://macancabinets.com/high-gloss-cabinets/,Gallery photograph is not a dimensioned sellable SKU; supplier SKU and W/H/D specification required
macan-reference-9b3b97804ab2,Macan,,Filler,High Gloss White Frameless,,specification_review,,,,,https://macancabinets.com/high-gloss-cabinets/,Gallery photograph is not a dimensioned sellable SKU; supplier SKU and W/H/D specification required
macan-reference-b78c26a0bf07,Macan,,Vanity Sink Base High Gloss,High Gloss White Frameless,,specification_review,,,,,https://macancabinets.com/high-gloss-cabinets/,Gallery photograph is not a dimensioned sellable SKU; supplier SKU and W/H/D specification required
macan-reference-9e1d6ee984ac,Macan,,Vanity Base High Gloss,High Gloss White Frameless,,specification_review,,,,,https://macancabinets.com/high-gloss-cabinets/,Gallery photograph is not a dimensioned sellable SKU; supplier SKU and W/H/D specification required
macan-reference-4bb467ba3fb9,Macan,,Vanity 3 Drawer High GLoss,High Gloss White Frameless,,specification_review,,,,,https://macancabinets.com/high-gloss-cabinets/,Gallery photograph is not a dimensioned sellable SKU; supplier SKU and W/H/D specification required
